stationid,year,season,aqi_mean,latitude,longitude,closest_farm_distance,mean_distance_3_nearest_farms,closest_farm_label,farm_density_100km,inverse_distance_score_100km,crop_weighted_inverse_score_100km,size_weighted_inverse_score_100km,local_size_total_100km,log_closest_farm_distance,log_mean_distance_3_nearest_farms
AP001,2018,1,120.74157303370787,16.5384664,80.487276,26.192833950681166,40.02627002151993,"Krishna, Andhra Pradesh, India",5,0.11333413524711605,0.35142643387409184,0.0,0.0,3.3029534808953307,3.714212593755244
AP001,2018,2,81.05555555555556,16.5384664,80.487276,26.192833950681166,40.02627002151993,"Krishna, Andhra Pradesh, India",5,0.11333413524711605,0.35142643387409184,0.0,0.0,3.3029534808953307,3.714212593755244
AP001,2018,3,71.60714285714286,16.5384664,80.487276,26.192833950681166,40.02627002151993,"Krishna, Andhra Pradesh, India",5,0.11333413524711605,0.35142643387409184,0.0,0.0,3.3029534808953307,3.714212593755244
AP001,2018,4,134.88059701492537,16.5384664,80.487276,26.192833950681166,40.02627002151993,"Krishna, Andhra Pradesh, India",5,0.11333413524711605,0.35142643387409184,0.0,0.0,3.3029534808953307,3.714212593755244
AP001,2019,1,138.45555555555555,16.5384664,80.487276,26.192833950681166,40.02627002151993,"Krishna, Andhra Pradesh, India",5,0.11333413524711605,0.35142643387409184,0.0,0.0,3.3029534808953307,3.714212593755244
AP001,2019,2,82.95402298850574,16.5384664,80.487276,26.192833950681166,40.02627002151993,"Krishna, Andhra Pradesh, India",5,0.11333413524711605,0.35142643387409184,0.0,0.0,3.3029534808953307,3.714212593755244
AP001,2019,3,48.765957446808514,16.5384664,80.487276,26.192833950681166,40.02627002151993,"Krishna, Andhra Pradesh, India",5,0.11333413524711605,0.35142643387409184,0.0,0.0,3.3029534808953307,3.714212593755244
AP001,2019,4,99.55294117647058,16.5384664,80.487276,26.192833950681166,40.02627002151993,"Krishna, Andhra Pradesh, India",5,0.11333413524711605,0.35142643387409184,0.0,0.0,3.3029534808953307,3.714212593755244
AP001,2020,1,69.27472527472527,16.5384664,80.487276,26.192833950681166,40.02627002151993,"Krishna, Andhra Pradesh, India",5,0.11333413524711605,0.35142643387409184,0.0,0.0,3.3029534808953307,3.714212593755244
AP001,2020,2,50.54945054945055,16.5384664,80.487276,26.192833950681166,40.02627002151993,"Krishna, Andhra Pradesh, India",5,0.11333413524711605,0.35142643387409184,0.0,0.0,3.3029534808953307,3.714212593755244
AP001,2020,3,54.0,16.5384664,80.487276,26.192833950681166,40.02627002151993,"Krishna, Andhra Pradesh, India",5,0.11333413524711605,0.35142643387409184,0.0,0.0,3.3029534808953307,3.714212593755244
AP005,2018,1,161.25581395348837,17.7151271,83.1997752,3.7197993709596244,24.34517345255176,"Visakhapatnam, Andhra Pradesh, India",4,0.2875692877986377,0.8627078633959131,0.0,0.0,1.55176629254143,3.2325883155604633
AP005,2018,2,84.44444444444444,17.7151271,83.1997752,3.7197993709596244,24.34517345255176,"Visakhapatnam, Andhra Pradesh, India",4,0.2875692877986377,0.8627078633959131,0.0,0.0,1.55176629254143,3.2325883155604633
AP005,2018,3,97.8170731707317,17.7151271,83.1997752,3.7197993709596244,24.34517345255176,"Visakhapatnam, Andhra Pradesh, India",4,0.2875692877986377,0.8627078633959131,0.0,0.0,1.55176629254143,3.2325883155604633
AP005,2018,4,146.88311688311688,17.7151271,83.1997752,3.7197993709596244,24.34517345255176,"Visakhapatnam, Andhra Pradesh, India",4,0.2875692877986377,0.8627078633959131,0.0,0.0,1.55176629254143,3.2325883155604633
AP005,2019,1,171.35632183908046,17.7151271,83.1997752,3.7197993709596244,24.34517345255176,"Visakhapatnam, Andhra Pradesh, India",4,0.2875692877986377,0.8627078633959131,0.0,0.0,1.55176629254143,3.2325883155604633
AP005,2019,2,107.15730337078652,17.7151271,83.1997752,3.7197993709596244,24.34517345255176,"Visakhapatnam, Andhra Pradesh, India",4,0.2875692877986377,0.8627078633959131,0.0,0.0,1.55176629254143,3.2325883155604633
AP005,2019,3,90.26582278481013,17.7151271,83.1997752,3.7197993709596244,24.34517345255176,"Visakhapatnam, Andhra Pradesh, India",4,0.2875692877986377,0.8627078633959131,0.0,0.0,1.55176629254143,3.2325883155604633
AP005,2019,4,122.30232558139535,17.7151271,83.1997752,3.7197993709596244,24.34517345255176,"Visakhapatnam, Andhra Pradesh, India",4,0.2875692877986377,0.8627078633959131,0.0,0.0,1.55176629254143,3.2325883155604633
AP005,2020,1,102.55681818181819,17.7151271,83.1997752,3.7197993709596244,24.34517345255176,"Visakhapatnam, Andhra Pradesh, India",4,0.2875692877986377,0.8627078633959131,0.0,0.0,1.55176629254143,3.2325883155604633
AP005,2020,2,67.40449438202248,17.7151271,83.1997752,3.7197993709596244,24.34517345255176,"Visakhapatnam, Andhra Pradesh, India",4,0.2875692877986377,0.8627078633959131,0.0,0.0,1.55176629254143,3.2325883155604633
AP005,2020,3,50.0,17.7151271,83.1997752,3.7197993709596244,24.34517345255176,"Visakhapatnam, Andhra Pradesh, India",4,0.2875692877986377,0.8627078633959131,0.0,0.0,1.55176629254143,3.2325883155604633
AS001,2019,1,208.95238095238096,26.1808827,91.7824864,16.662100389835004,33.44896351198967,"Kamrup Metropolitan, Assam, India",14,0.2576840773572313,0.8309947777328693,0.0,0.0,2.871421122975367,3.539478910272355
AS001,2019,2,91.02247191011236,26.1808827,91.7824864,16.662100389835004,33.44896351198967,"Kamrup Metropolitan, Assam, India",14,0.2576840773572313,0.8309947777328693,0.0,0.0,2.871421122975367,3.539478910272355
AS001,2019,3,82.2,26.1808827,91.7824864,16.662100389835004,33.44896351198967,"Kamrup Metropolitan, Assam, India",14,0.2576840773572313,0.8309947777328693,0.0,0.0,2.871421122975367,3.539478910272355
AS001,2019,4,170.5934065934066,26.1808827,91.7824864,16.662100389835004,33.44896351198967,"Kamrup Metropolitan, Assam, India",14,0.2576840773572313,0.8309947777328693,0.0,0.0,2.871421122975367,3.539478910272355
AS001,2020,1,250.34065934065933,26.1808827,91.7824864,16.662100389835004,33.44896351198967,"Kamrup Metropolitan, Assam, India",14,0.2576840773572313,0.8309947777328693,0.0,0.0,2.871421122975367,3.539478910272355
AS001,2020,2,74.05494505494505,26.1808827,91.7824864,16.662100389835004,33.44896351198967,"Kamrup Metropolitan, Assam, India",14,0.2576840773572313,0.8309947777328693,0.0,0.0,2.871421122975367,3.539478910272355
AS001,2020,3,36.0,26.1808827,91.7824864,16.662100389835004,33.44896351198967,"Kamrup Metropolitan, Assam, India",14,0.2576840773572313,0.8309947777328693,0.0,0.0,2.871421122975367,3.539478910272355
BR005,2020,1,204.19230769230768,25.5854515,85.0448266,9.350003044051007,25.933607230945057,"Patna, Bihar, India",14,0.30815179626179945,0.9463634962956224,0.0,0.0,2.336986813822543,3.293374846273013
BR005,2020,2,83.54166666666667,25.5854515,85.0448266,9.350003044051007,25.933607230945057,"Patna, Bihar, India",14,0.30815179626179945,0.9463634962956224,0.0,0.0,2.336986813822543,3.293374846273013
BR005,2020,3,198.0,25.5854515,85.0448266,9.350003044051007,25.933607230945057,"Patna, Bihar, India",14,0.30815179626179945,0.9463634962956224,0.0,0.0,2.336986813822543,3.293374846273013
BR006,2020,1,212.1153846153846,25.5929006,85.2246868,8.73803837922029,24.10184613435092,"Patna, Bihar, India",15,0.34395989511846303,1.0318796853553889,0.0,0.0,2.276039698933713,3.222941394602343
BR006,2020,2,114.6,25.5929006,85.2246868,8.73803837922029,24.10184613435092,"Patna, Bihar, India",15,0.34395989511846303,1.0318796853553889,0.0,0.0,2.276039698933713,3.222941394602343
BR006,2020,3,100.0,25.5929006,85.2246868,8.73803837922029,24.10184613435092,"Patna, Bihar, India",15,0.34395989511846303,1.0318796853553889,0.0,0.0,2.276039698933713,3.222941394602343
BR007,2018,1,316.8636363636364,25.6102754,85.1293861,1.977306440590969,21.549408083464215,"Patna, Bihar, India",14,0.5518983469751352,1.6759664238019907,0.0,0.0,1.0910190127760515,3.1157088165338513
BR007,2018,2,172.95604395604394,25.6102754,85.1293861,1.977306440590969,21.549408083464215,"Patna, Bihar, India",14,0.5518983469751352,1.6759664238019907,0.0,0.0,1.0910190127760515,3.1157088165338513
BR007,2018,3,107.14285714285714,25.6102754,85.1293861,1.977306440590969,21.549408083464215,"Patna, Bihar, India",14,0.5518983469751352,1.6759664238019907,0.0,0.0,1.0910190127760515,3.1157088165338513
BR007,2018,4,340.31868131868134,25.6102754,85.1293861,1.977306440590969,21.549408083464215,"Patna, Bihar, India",14,0.5518983469751352,1.6759664238019907,0.0,0.0,1.0910190127760515,3.1157088165338513
BR007,2019,1,305.44444444444446,25.6102754,85.1293861,1.977306440590969,21.549408083464215,"Patna, Bihar, India",14,0.5518983469751352,1.6759664238019907,0.0,0.0,1.0910190127760515,3.1157088165338513
BR007,2019,2,153.13333333333333,25.6102754,85.1293861,1.977306440590969,21.549408083464215,"Patna, Bihar, India",14,0.5518983469751352,1.6759664238019907,0.0,0.0,1.0910190127760515,3.1157088165338513
BR007,2019,3,104.13186813186813,25.6102754,85.1293861,1.977306440590969,21.549408083464215,"Patna, Bihar, India",14,0.5518983469751352,1.6759664238019907,0.0,0.0,1.0910190127760515,3.1157088165338513
BR007,2019,4,319.9886363636364,25.6102754,85.1293861,1.977306440590969,21.549408083464215,"Patna, Bihar, India",14,0.5518983469751352,1.6759664238019907,0.0,0.0,1.0910190127760515,3.1157088165338513
BR007,2020,1,260.77777777777777,25.6102754,85.1293861,1.977306440590969,21.549408083464215,"Patna, Bihar, India",14,0.5518983469751352,1.6759664238019907,0.0,0.0,1.0910190127760515,3.1157088165338513
BR007,2020,2,122.26315789473684,25.6102754,85.1293861,1.977306440590969,21.549408083464215,"Patna, Bihar, India",14,0.5518983469751352,1.6759664238019907,0.0,0.0,1.0910190127760515,3.1157088165338513
BR007,2020,3,105.0,25.6102754,85.1293861,1.977306440590969,21.549408083464215,"Patna, Bihar, India",14,0.5518983469751352,1.6759664238019907,0.0,0.0,1.0910190127760515,3.1157088165338513
BR008,2019,4,250.85714285714286,25.6189426,85.1370556,2.7634316094175717,21.424016349054412,"Patna, Bihar, India",14,0.4828173242314942,1.4686201418081792,0.0,0.0,1.3253312032581372,3.110132542949557
BR008,2020,1,155.03571428571428,25.6189426,85.1370556,2.7634316094175717,21.424016349054412,"Patna, Bihar, India",14,0.4828173242314942,1.4686201418081792,0.0,0.0,1.3253312032581372,3.110132542949557
BR008,2020,2,90.24444444444444,25.6189426,85.1370556,2.7634316094175717,21.424016349054412,"Patna, Bihar, India",14,0.4828173242314942,1.4686201418081792,0.0,0.0,1.3253312032581372,3.110132542949557
BR008,2020,3,74.0,25.6189426,85.1370556,2.7634316094175717,21.424016349054412,"Patna, Bihar, India",14,0.4828173242314942,1.4686201418081792,0.0,0.0,1.3253312032581372,3.110132542949557
BR009,2019,4,263.85714285714283,25.6066335,85.1014347,3.8820708002320843,22.569649342645334,"Patna, Bihar, India",14,0.4184042962626896,1.276033190305827,0.0,0.0,1.5855694741663247,3.159959839563097
BR009,2020,1,169.22727272727272,25.6066335,85.1014347,3.8820708002320843,22.569649342645334,"Patna, Bihar, India",14,0.4184042962626896,1.276033190305827,0.0,0.0,1.5855694741663247,3.159959839563097
BR009,2020,2,94.45054945054945,25.6066335,85.1014347,3.8820708002320843,22.569649342645334,"Patna, Bihar, India",14,0.4184042962626896,1.276033190305827,0.0,0.0,1.5855694741663247,3.159959839563097
BR009,2020,3,67.0,25.6066335,85.1014347,3.8820708002320843,22.569649342645334,"Patna, Bihar, India",14,0.4184042962626896,1.276033190305827,0.0,0.0,1.5855694741663247,3.159959839563097
BR010,2019,4,328.0,25.6012282,85.0804538,5.78179626848726,23.63569801934875,"Patna, Bihar, India",14,0.3598838720982587,1.1008834676350867,0.0,0.0,1.9142420032179186,3.204196530051536
BR010,2020,1,227.86516853932585,25.6012282,85.0804538,5.78179626848726,23.63569801934875,"Patna, Bihar, India",14,0.3598838720982587,1.1008834676350867,0.0,0.0,1.9142420032179186,3.204196530051536
BR010,2020,2,172.84615384615384,25.6012282,85.0804538,5.78179626848726,23.63569801934875,"Patna, Bihar, India",14,0.3598838720982587,1.1008834676350867,0.0,0.0,1.9142420032179186,3.204196530051536
BR010,2020,3,46.0,25.6012282,85.0804538,5.78179626848726,23.63569801934875,"Patna, Bihar, India",14,0.3598838720982587,1.1008834676350867,0.0,0.0,1.9142420032179186,3.204196530051536
CH001,2019,3,85.16,30.7516466,76.7567324,2.9758113125291414,7.063275085099072,"Chandigarh, India",14,0.667710577238421,2.922363299612536,0.0,0.0,1.3802288310608684,2.087319812087189
CH001,2019,4,149.2391304347826,30.7516466,76.7567324,2.9758113125291414,7.063275085099072,"Chandigarh, India",14,0.667710577238421,2.922363299612536,0.0,0.0,1.3802288310608684,2.087319812087189
CH001,2020,1,80.68131868131869,30.7516466,76.7567324,2.9758113125291414,7.063275085099072,"Chandigarh, India",14,0.667710577238421,2.922363299612536,0.0,0.0,1.3802288310608684,2.087319812087189
CH001,2020,2,62.06666666666667,30.7516466,76.7567324,2.9758113125291414,7.063275085099072,"Chandigarh, India",14,0.667710577238421,2.922363299612536,0.0,0.0,1.3802288310608684,2.087319812087189
CH001,2020,3,66.0,30.7516466,76.7567324,2.9758113125291414,7.063275085099072,"Chandigarh, India",14,0.667710577238421,2.922363299612536,0.0,0.0,1.3802288310608684,2.087319812087189
DL001,2018,4,365.76,28.7973118,77.138667,5.457816156816159,10.208515808578106,"North Delhi, Delhi, India",29,0.974793325089186,3.16084062652621,0.0,0.0,1.8652912044202166,2.4166738294406067
DL001,2019,1,257.56666666666666,28.7973118,77.138667,5.457816156816159,10.208515808578106,"North Delhi, Delhi, India",29,0.974793325089186,3.16084062652621,0.0,0.0,1.8652912044202166,2.4166738294406067
DL001,2019,2,210.20987654320987,28.7973118,77.138667,5.457816156816159,10.208515808578106,"North Delhi, Delhi, India",29,0.974793325089186,3.16084062652621,0.0,0.0,1.8652912044202166,2.4166738294406067
DL001,2019,3,94.06521739130434,28.7973118,77.138667,5.457816156816159,10.208515808578106,"North Delhi, Delhi, India",29,0.974793325089186,3.16084062652621,0.0,0.0,1.8652912044202166,2.4166738294406067
DL001,2019,4,309.6111111111111,28.7973118,77.138667,5.457816156816159,10.208515808578106,"North Delhi, Delhi, India",29,0.974793325089186,3.16084062652621,0.0,0.0,1.8652912044202166,2.4166738294406067
DL001,2020,1,220.73626373626374,28.7973118,77.138667,5.457816156816159,10.208515808578106,"North Delhi, Delhi, India",29,0.974793325089186,3.16084062652621,0.0,0.0,1.8652912044202166,2.4166738294406067
DL001,2020,2,134.73033707865167,28.7973118,77.138667,5.457816156816159,10.208515808578106,"North Delhi, Delhi, India",29,0.974793325089186,3.16084062652621,0.0,0.0,1.8652912044202166,2.4166738294406067
DL001,2020,3,108.0,28.7973118,77.138667,5.457816156816159,10.208515808578106,"North Delhi, Delhi, India",29,0.974793325089186,3.16084062652621,0.0,0.0,1.8652912044202166,2.4166738294406067
DL002,2018,1,376.6024096385542,28.6466157,77.3155317,2.5871177114858313,5.901792999327239,"East Delhi, Delhi, India",26,1.281538054150055,3.704363403964499,0.0,0.0,1.2773490141493804,1.9317812328217197
DL002,2018,2,286.01176470588234,28.6466157,77.3155317,2.5871177114858313,5.901792999327239,"East Delhi, Delhi, India",26,1.281538054150055,3.704363403964499,0.0,0.0,1.2773490141493804,1.9317812328217197
DL002,2018,3,174.4090909090909,28.6466157,77.3155317,2.5871177114858313,5.901792999327239,"East Delhi, Delhi, India",26,1.281538054150055,3.704363403964499,0.0,0.0,1.2773490141493804,1.9317812328217197
DL002,2018,4,445.9021739130435,28.6466157,77.3155317,2.5871177114858313,5.901792999327239,"East Delhi, Delhi, India",26,1.281538054150055,3.704363403964499,0.0,0.0,1.2773490141493804,1.9317812328217197
DL002,2019,1,312.68888888888887,28.6466157,77.3155317,2.5871177114858313,5.901792999327239,"East Delhi, Delhi, India",26,1.281538054150055,3.704363403964499,0.0,0.0,1.2773490141493804,1.9317812328217197
DL002,2019,2,257.9222222222222,28.6466157,77.3155317,2.5871177114858313,5.901792999327239,"East Delhi, Delhi, India",26,1.281538054150055,3.704363403964499,0.0,0.0,1.2773490141493804,1.9317812328217197
DL002,2019,3,147.26136363636363,28.6466157,77.3155317,2.5871177114858313,5.901792999327239,"East Delhi, Delhi, India",26,1.281538054150055,3.704363403964499,0.0,0.0,1.2773490141493804,1.9317812328217197
DL002,2019,4,374.6703296703297,28.6466157,77.3155317,2.5871177114858313,5.901792999327239,"East Delhi, Delhi, India",26,1.281538054150055,3.704363403964499,0.0,0.0,1.2773490141493804,1.9317812328217197
DL002,2020,1,258.8988764044944,28.6466157,77.3155317,2.5871177114858313,5.901792999327239,"East Delhi, Delhi, India",26,1.281538054150055,3.704363403964499,0.0,0.0,1.2773490141493804,1.9317812328217197
DL002,2020,2,166.3709677419355,28.6466157,77.3155317,2.5871177114858313,5.901792999327239,"East Delhi, Delhi, India",26,1.281538054150055,3.704363403964499,0.0,0.0,1.2773490141493804,1.9317812328217197
DL002,2020,3,157.0,28.6466157,77.3155317,2.5871177114858313,5.901792999327239,"East Delhi, Delhi, India",26,1.281538054150055,3.704363403964499,0.0,0.0,1.2773490141493804,1.9317812328217197
DL003,2018,1,307.125,28.6885171,77.1739339,4.830084001611547,7.024663266015857,"Central Delhi, Delhi, India",26,1.218741091971624,3.7145172912900666,0.0,0.0,1.7630314087682988,2.082519707514631
DL003,2018,2,254.84444444444443,28.6885171,77.1739339,4.830084001611547,7.024663266015857,"Central Delhi, Delhi, India",26,1.218741091971624,3.7145172912900666,0.0,0.0,1.7630314087682988,2.082519707514631
DL003,2018,3,117.16304347826087,28.6885171,77.1739339,4.830084001611547,7.024663266015857,"Central Delhi, Delhi, India",26,1.218741091971624,3.7145172912900666,0.0,0.0,1.7630314087682988,2.082519707514631
DL003,2018,4,369.0217391304348,28.6885171,77.1739339,4.830084001611547,7.024663266015857,"Central Delhi, Delhi, India",26,1.218741091971624,3.7145172912900666,0.0,0.0,1.7630314087682988,2.082519707514631
DL003,2019,1,296.55555555555554,28.6885171,77.1739339,4.830084001611547,7.024663266015857,"Central Delhi, Delhi, India",26,1.218741091971624,3.7145172912900666,0.0,0.0,1.7630314087682988,2.082519707514631
DL003,2019,2,224.8111111111111,28.6885171,77.1739339,4.830084001611547,7.024663266015857,"Central Delhi, Delhi, India",26,1.218741091971624,3.7145172912900666,0.0,0.0,1.7630314087682988,2.082519707514631
DL003,2019,3,129.9673913043478,28.6885171,77.1739339,4.830084001611547,7.024663266015857,"Central Delhi, Delhi, India",26,1.218741091971624,3.7145172912900666,0.0,0.0,1.7630314087682988,2.082519707514631
DL003,2019,4,347.85869565217394,28.6885171,77.1739339,4.830084001611547,7.024663266015857,"Central Delhi, Delhi, India",26,1.218741091971624,3.7145172912900666,0.0,0.0,1.7630314087682988,2.082519707514631
DL003,2020,1,254.26373626373626,28.6885171,77.1739339,4.830084001611547,7.024663266015857,"Central Delhi, Delhi, India",26,1.218741091971624,3.7145172912900666,0.0,0.0,1.7630314087682988,2.082519707514631
DL003,2020,2,110.52747252747253,28.6885171,77.1739339,4.830084001611547,7.024663266015857,"Central Delhi, Delhi, India",26,1.218741091971624,3.7145172912900666,0.0,0.0,1.7630314087682988,2.082519707514631
DL003,2020,3,99.0,28.6885171,77.1739339,4.830084001611547,7.024663266015857,"Central Delhi, Delhi, India",26,1.218741091971624,3.7145172912900666,0.0,0.0,1.7630314087682988,2.082519707514631
DL004,2018,1,237.95555555555555,28.476491,77.1329132,5.38939252251806,12.801422133226268,"South Delhi, New Delhi, Delhi, India",25,0.8165781179215158,2.5272742284504512,0.0,0.0,1.8546391969717173,2.624771639985888
DL004,2018,2,204.8735632183908,28.476491,77.1329132,5.38939252251806,12.801422133226268,"South Delhi, New Delhi, Delhi, India",25,0.8165781179215158,2.5272742284504512,0.0,0.0,1.8546391969717173,2.624771639985888
DL004,2018,3,106.29885057471265,28.476491,77.1329132,5.38939252251806,12.801422133226268,"South Delhi, New Delhi, Delhi, India",25,0.8165781179215158,2.5272742284504512,0.0,0.0,1.8546391969717173,2.624771639985888
DL004,2018,4,282.80898876404495,28.476491,77.1329132,5.38939252251806,12.801422133226268,"South Delhi, New Delhi, Delhi, India",25,0.8165781179215158,2.5272742284504512,0.0,0.0,1.8546391969717173,2.624771639985888
DL004,2019,1,185.70114942528735,28.476491,77.1329132,5.38939252251806,12.801422133226268,"South Delhi, New Delhi, Delhi, India",25,0.8165781179215158,2.5272742284504512,0.0,0.0,1.8546391969717173,2.624771639985888
DL004,2019,2,146.50574712643677,28.476491,77.1329132,5.38939252251806,12.801422133226268,"South Delhi, New Delhi, Delhi, India",25,0.8165781179215158,2.5272742284504512,0.0,0.0,1.8546391969717173,2.624771639985888
DL004,2019,3,109.78260869565217,28.476491,77.1329132,5.38939252251806,12.801422133226268,"South Delhi, New Delhi, Delhi, India",25,0.8165781179215158,2.5272742284504512,0.0,0.0,1.8546391969717173,2.624771639985888
DL004,2019,4,279.64130434782606,28.476491,77.1329132,5.38939252251806,12.801422133226268,"South Delhi, New Delhi, Delhi, India",25,0.8165781179215158,2.5272742284504512,0.0,0.0,1.8546391969717173,2.624771639985888
DL004,2020,1,168.3846153846154,28.476491,77.1329132,5.38939252251806,12.801422133226268,"South Delhi, New Delhi, Delhi, India",25,0.8165781179215158,2.5272742284504512,0.0,0.0,1.8546391969717173,2.624771639985888
DL004,2020,2,103.86363636363636,28.476491,77.1329132,5.38939252251806,12.801422133226268,"South Delhi, New Delhi, Delhi, India",25,0.8165781179215158,2.5272742284504512,0.0,0.0,1.8546391969717173,2.624771639985888
DL004,2020,3,90.0,28.476491,77.1329132,5.38939252251806,12.801422133226268,"South Delhi, New Delhi, Delhi, India",25,0.8165781179215158,2.5272742284504512,0.0,0.0,1.8546391969717173,2.624771639985888
DL005,2018,3,117.60227272727273,28.79966,77.0328847,9.55208216674408,12.604727725714861,"North West Delhi, Delhi, India",30,0.8340825917198811,2.7699728683025695,0.0,0.0,2.356323202225492,2.6104173592245767
DL005,2018,4,394.8152173913044,28.79966,77.0328847,9.55208216674408,12.604727725714861,"North West Delhi, Delhi, India",30,0.8340825917198811,2.7699728683025695,0.0,0.0,2.356323202225492,2.6104173592245767
DL005,2019,1,323.0,28.79966,77.0328847,9.55208216674408,12.604727725714861,"North West Delhi, Delhi, India",30,0.8340825917198811,2.7699728683025695,0.0,0.0,2.356323202225492,2.6104173592245767
DL005,2019,2,254.62222222222223,28.79966,77.0328847,9.55208216674408,12.604727725714861,"North West Delhi, Delhi, India",30,0.8340825917198811,2.7699728683025695,0.0,0.0,2.356323202225492,2.6104173592245767
DL005,2019,3,127.65217391304348,28.79966,77.0328847,9.55208216674408,12.604727725714861,"North West Delhi, Delhi, India",30,0.8340825917198811,2.7699728683025695,0.0,0.0,2.356323202225492,2.6104173592245767
DL005,2019,4,352.2717391304348,28.79966,77.0328847,9.55208216674408,12.604727725714861,"North West Delhi, Delhi, India",30,0.8340825917198811,2.7699728683025695,0.0,0.0,2.356323202225492,2.6104173592245767
DL005,2020,1,275.4111111111111,28.79966,77.0328847,9.55208216674408,12.604727725714861,"North West Delhi, Delhi, India",30,0.8340825917198811,2.7699728683025695,0.0,0.0,2.356323202225492,2.6104173592245767
DL005,2020,2,170.48314606741573,28.79966,77.0328847,9.55208216674408,12.604727725714861,"North West Delhi, Delhi, India",30,0.8340825917198811,2.7699728683025695,0.0,0.0,2.356323202225492,2.6104173592245767
DL005,2020,3,129.0,28.79966,77.0328847,9.55208216674408,12.604727725714861,"North West Delhi, Delhi, India",30,0.8340825917198811,2.7699728683025695,0.0,0.0,2.356323202225492,2.6104173592245767
DL006,2018,1,240.42222222222222,28.7285944,77.1993251,5.714288110589431,5.7566929671073686,"North East Delhi, Delhi, India",27,1.2163135127071152,3.7732973470291213,0.0,0.0,1.9042378095509798,1.9105335643053472
DL006,2018,2,226.9268292682927,28.7285944,77.1993251,5.714288110589431,5.7566929671073686,"North East Delhi, Delhi, India",27,1.2163135127071152,3.7732973470291213,0.0,0.0,1.9042378095509798,1.9105335643053472
DL006,2018,3,112.56410256410257,28.7285944,77.1993251,5.714288110589431,5.7566929671073686,"North East Delhi, Delhi, India",27,1.2163135127071152,3.7732973470291213,0.0,0.0,1.9042378095509798,1.9105335643053472
DL006,2018,4,372.25,28.7285944,77.1993251,5.714288110589431,5.7566929671073686,"North East Delhi, Delhi, India",27,1.2163135127071152,3.7732973470291213,0.0,0.0,1.9042378095509798,1.9105335643053472
DL006,2019,1,253.92045454545453,28.7285944,77.1993251,5.714288110589431,5.7566929671073686,"North East Delhi, Delhi, India",27,1.2163135127071152,3.7732973470291213,0.0,0.0,1.9042378095509798,1.9105335643053472
DL006,2019,2,194.3448275862069,28.7285944,77.1993251,5.714288110589431,5.7566929671073686,"North East Delhi, Delhi, India",27,1.2163135127071152,3.7732973470291213,0.0,0.0,1.9042378095509798,1.9105335643053472
DL006,2019,3,112.72826086956522,28.7285944,77.1993251,5.714288110589431,5.7566929671073686,"North East Delhi, Delhi, India",27,1.2163135127071152,3.7732973470291213,0.0,0.0,1.9042378095509798,1.9105335643053472
DL006,2019,4,293.1081081081081,28.7285944,77.1993251,5.714288110589431,5.7566929671073686,"North East Delhi, Delhi, India",27,1.2163135127071152,3.7732973470291213,0.0,0.0,1.9042378095509798,1.9105335643053472
DL007,2018,1,306.0112359550562,28.5500925,77.2751557,0.1735957032633477,6.241808638452191,"South East Delhi, Delhi, India",25,1.7106012123110055,4.343708596764755,0.0,0.0,0.1600722866805495,1.979870987140728
DL007,2018,2,241.31034482758622,28.5500925,77.2751557,0.1735957032633477,6.241808638452191,"South East Delhi, Delhi, India",25,1.7106012123110055,4.343708596764755,0.0,0.0,0.1600722866805495,1.979870987140728
DL007,2018,3,151.32608695652175,28.5500925,77.2751557,0.1735957032633477,6.241808638452191,"South East Delhi, Delhi, India",25,1.7106012123110055,4.343708596764755,0.0,0.0,0.1600722866805495,1.979870987140728
DL007,2018,4,385.67058823529413,28.5500925,77.2751557,0.1735957032633477,6.241808638452191,"South East Delhi, Delhi, India",25,1.7106012123110055,4.343708596764755,0.0,0.0,0.1600722866805495,1.979870987140728
DL007,2019,1,261.55172413793105,28.5500925,77.2751557,0.1735957032633477,6.241808638452191,"South East Delhi, Delhi, India",25,1.7106012123110055,4.343708596764755,0.0,0.0,0.1600722866805495,1.979870987140728
DL007,2019,2,219.02197802197801,28.5500925,77.2751557,0.1735957032633477,6.241808638452191,"South East Delhi, Delhi, India",25,1.7106012123110055,4.343708596764755,0.0,0.0,0.1600722866805495,1.979870987140728
DL007,2019,3,118.1304347826087,28.5500925,77.2751557,0.1735957032633477,6.241808638452191,"South East Delhi, Delhi, India",25,1.7106012123110055,4.343708596764755,0.0,0.0,0.1600722866805495,1.979870987140728
DL007,2019,4,321.45652173913044,28.5500925,77.2751557,0.1735957032633477,6.241808638452191,"South East Delhi, Delhi, India",25,1.7106012123110055,4.343708596764755,0.0,0.0,0.1600722866805495,1.979870987140728
DL007,2020,1,236.07692307692307,28.5500925,77.2751557,0.1735957032633477,6.241808638452191,"South East Delhi, Delhi, India",25,1.7106012123110055,4.343708596764755,0.0,0.0,0.1600722866805495,1.979870987140728
DL007,2020,2,119.04395604395604,28.5500925,77.2751557,0.1735957032633477,6.241808638452191,"South East Delhi, Delhi, India",25,1.7106012123110055,4.343708596764755,0.0,0.0,0.1600722866805495,1.979870987140728
DL007,2020,3,97.0,28.5500925,77.2751557,0.1735957032633477,6.241808638452191,"South East Delhi, Delhi, India",25,1.7106012123110055,4.343708596764755,0.0,0.0,0.1600722866805495,1.979870987140728
DL008,2018,1,322.9154929577465,28.7508153,77.1162765,2.706804451895752,6.675358629080651,"North Delhi, Delhi, India",28,1.1955599391437204,3.820934402544048,0.0,0.0,1.3101701717374885,2.0380150192976383
DL008,2018,2,271.88505747126436,28.7508153,77.1162765,2.706804451895752,6.675358629080651,"North Delhi, Delhi, India",28,1.1955599391437204,3.820934402544048,0.0,0.0,1.3101701717374885,2.0380150192976383
DL008,2018,3,107.43478260869566,28.7508153,77.1162765,2.706804451895752,6.675358629080651,"North Delhi, Delhi, India",28,1.1955599391437204,3.820934402544048,0.0,0.0,1.3101701717374885,2.0380150192976383
DL008,2018,4,388.74725274725273,28.7508153,77.1162765,2.706804451895752,6.675358629080651,"North Delhi, Delhi, India",28,1.1955599391437204,3.820934402544048,0.0,0.0,1.3101701717374885,2.0380150192976383
DL008,2019,1,284.7176470588235,28.7508153,77.1162765,2.706804451895752,6.675358629080651,"North Delhi, Delhi, India",28,1.1955599391437204,3.820934402544048,0.0,0.0,1.3101701717374885,2.0380150192976383
DL008,2019,2,240.92134831460675,28.7508153,77.1162765,2.706804451895752,6.675358629080651,"North Delhi, Delhi, India",28,1.1955599391437204,3.820934402544048,0.0,0.0,1.3101701717374885,2.0380150192976383
DL008,2019,3,124.43333333333334,28.7508153,77.1162765,2.706804451895752,6.675358629080651,"North Delhi, Delhi, India",28,1.1955599391437204,3.820934402544048,0.0,0.0,1.3101701717374885,2.0380150192976383
DL008,2019,4,342.15384615384613,28.7508153,77.1162765,2.706804451895752,6.675358629080651,"North Delhi, Delhi, India",28,1.1955599391437204,3.820934402544048,0.0,0.0,1.3101701717374885,2.0380150192976383
DL008,2020,1,272.6666666666667,28.7508153,77.1162765,2.706804451895752,6.675358629080651,"North Delhi, Delhi, India",28,1.1955599391437204,3.820934402544048,0.0,0.0,1.3101701717374885,2.0380150192976383
DL008,2020,2,162.4835164835165,28.7508153,77.1162765,2.706804451895752,6.675358629080651,"North Delhi, Delhi, India",28,1.1955599391437204,3.820934402544048,0.0,0.0,1.3101701717374885,2.0380150192976383
DL008,2020,3,167.0,28.7508153,77.1162765,2.706804451895752,6.675358629080651,"North Delhi, Delhi, India",28,1.1955599391437204,3.820934402544048,0.0,0.0,1.3101701717374885,2.0380150192976383
DL009,2018,1,211.25,28.5000822,77.2675147,5.437349016679492,9.152271155949167,"South East Delhi, Delhi, India",24,0.9057708138305576,2.673573956624101,0.0,0.0,1.8621168119951212,2.3176974396642533
DL009,2018,2,204.1868131868132,28.5000822,77.2675147,5.437349016679492,9.152271155949167,"South East Delhi, Delhi, India",24,0.9057708138305576,2.673573956624101,0.0,0.0,1.8621168119951212,2.3176974396642533
DL009,2018,3,111.36666666666666,28.5000822,77.2675147,5.437349016679492,9.152271155949167,"South East Delhi, Delhi, India",24,0.9057708138305576,2.673573956624101,0.0,0.0,1.8621168119951212,2.3176974396642533
DL009,2018,4,307.0,28.5000822,77.2675147,5.437349016679492,9.152271155949167,"South East Delhi, Delhi, India",24,0.9057708138305576,2.673573956624101,0.0,0.0,1.8621168119951212,2.3176974396642533
DL009,2019,1,241.1123595505618,28.5000822,77.2675147,5.437349016679492,9.152271155949167,"South East Delhi, Delhi, India",24,0.9057708138305576,2.673573956624101,0.0,0.0,1.8621168119951212,2.3176974396642533
DL009,2019,2,176.22222222222223,28.5000822,77.2675147,5.437349016679492,9.152271155949167,"South East Delhi, Delhi, India",24,0.9057708138305576,2.673573956624101,0.0,0.0,1.8621168119951212,2.3176974396642533
DL009,2019,3,88.04347826086956,28.5000822,77.2675147,5.437349016679492,9.152271155949167,"South East Delhi, Delhi, India",24,0.9057708138305576,2.673573956624101,0.0,0.0,1.8621168119951212,2.3176974396642533
DL009,2019,4,315.10869565217394,28.5000822,77.2675147,5.437349016679492,9.152271155949167,"South East Delhi, Delhi, India",24,0.9057708138305576,2.673573956624101,0.0,0.0,1.8621168119951212,2.3176974396642533
DL009,2020,1,232.25274725274724,28.5000822,77.2675147,5.437349016679492,9.152271155949167,"South East Delhi, Delhi, India",24,0.9057708138305576,2.673573956624101,0.0,0.0,1.8621168119951212,2.3176974396642533
DL009,2020,2,161.82417582417582,28.5000822,77.2675147,5.437349016679492,9.152271155949167,"South East Delhi, Delhi, India",24,0.9057708138305576,2.673573956624101,0.0,0.0,1.8621168119951212,2.3176974396642533
DL009,2020,3,111.0,28.5000822,77.2675147,5.437349016679492,9.152271155949167,"South East Delhi, Delhi, India",24,0.9057708138305576,2.673573956624101,0.0,0.0,1.8621168119951212,2.3176974396642533
DL010,2018,1,339.9824561403509,28.5656109,77.0670366,10.018050148045397,11.4543659194755,"South West Delhi, Delhi, India",27,0.8810962522852309,2.7232394198780563,0.0,0.0,2.3995348505055323,2.522071237701259
DL010,2018,2,237.82222222222222,28.5656109,77.0670366,10.018050148045397,11.4543659194755,"South West Delhi, Delhi, India",27,0.8810962522852309,2.7232394198780563,0.0,0.0,2.3995348505055323,2.522071237701259
DL010,2018,3,141.1304347826087,28.5656109,77.0670366,10.018050148045397,11.4543659194755,"South West Delhi, Delhi, India",27,0.8810962522852309,2.7232394198780563,0.0,0.0,2.3995348505055323,2.522071237701259
DL010,2018,4,399.0217391304348,28.5656109,77.0670366,10.018050148045397,11.4543659194755,"South West Delhi, Delhi, India",27,0.8810962522852309,2.7232394198780563,0.0,0.0,2.3995348505055323,2.522071237701259
DL010,2019,1,290.26666666666665,28.5656109,77.0670366,10.018050148045397,11.4543659194755,"South West Delhi, Delhi, India",27,0.8810962522852309,2.7232394198780563,0.0,0.0,2.3995348505055323,2.522071237701259
DL010,2019,2,270.8666666666667,28.5656109,77.0670366,10.018050148045397,11.4543659194755,"South West Delhi, Delhi, India",27,0.8810962522852309,2.7232394198780563,0.0,0.0,2.3995348505055323,2.522071237701259
DL010,2019,3,165.18478260869566,28.5656109,77.0670366,10.018050148045397,11.4543659194755,"South West Delhi, Delhi, India",27,0.8810962522852309,2.7232394198780563,0.0,0.0,2.3995348505055323,2.522071237701259
DL010,2019,4,380.32608695652175,28.5656109,77.0670366,10.018050148045397,11.4543659194755,"South West Delhi, Delhi, India",27,0.8810962522852309,2.7232394198780563,0.0,0.0,2.3995348505055323,2.522071237701259
DL010,2020,1,273.3076923076923,28.5656109,77.0670366,10.018050148045397,11.4543659194755,"South West Delhi, Delhi, India",27,0.8810962522852309,2.7232394198780563,0.0,0.0,2.3995348505055323,2.522071237701259
DL010,2020,2,139.3846153846154,28.5656109,77.0670366,10.018050148045397,11.4543659194755,"South West Delhi, Delhi, India",27,0.8810962522852309,2.7232394198780563,0.0,0.0,2.3995348505055323,2.522071237701259
DL010,2020,3,121.0,28.5656109,77.0670366,10.018050148045397,11.4543659194755,"South West Delhi, Delhi, India",27,0.8810962522852309,2.7232394198780563,0.0,0.0,2.3995348505055323,2.522071237701259
DL012,2018,1,224.38888888888889,28.5543559,77.0974746,10.92893148840822,11.882305738193471,"South Delhi, New Delhi, Delhi, India",27,0.8908900064771161,2.7386213892014526,0.0,0.0,2.4789666670029256,2.555854721595074
DL012,2018,2,174.1868131868132,28.5543559,77.0974746,10.92893148840822,11.882305738193471,"South Delhi, New Delhi, Delhi, India",27,0.8908900064771161,2.7386213892014526,0.0,0.0,2.4789666670029256,2.555854721595074
DL012,2018,3,96.74444444444444,28.5543559,77.0974746,10.92893148840822,11.882305738193471,"South Delhi, New Delhi, Delhi, India",27,0.8908900064771161,2.7386213892014526,0.0,0.0,2.4789666670029256,2.555854721595074
DL012,2018,4,297.2134831460674,28.5543559,77.0974746,10.92893148840822,11.882305738193471,"South Delhi, New Delhi, Delhi, India",27,0.8908900064771161,2.7386213892014526,0.0,0.0,2.4789666670029256,2.555854721595074
DL012,2019,1,230.90804597701148,28.5543559,77.0974746,10.92893148840822,11.882305738193471,"South Delhi, New Delhi, Delhi, India",27,0.8908900064771161,2.7386213892014526,0.0,0.0,2.4789666670029256,2.555854721595074
DL012,2019,2,190.18421052631578,28.5543559,77.0974746,10.92893148840822,11.882305738193471,"South Delhi, New Delhi, Delhi, India",27,0.8908900064771161,2.7386213892014526,0.0,0.0,2.4789666670029256,2.555854721595074
DL012,2019,3,116.08108108108108,28.5543559,77.0974746,10.92893148840822,11.882305738193471,"South Delhi, New Delhi, Delhi, India",27,0.8908900064771161,2.7386213892014526,0.0,0.0,2.4789666670029256,2.555854721595074
DL012,2019,4,293.8152173913044,28.5543559,77.0974746,10.92893148840822,11.882305738193471,"South Delhi, New Delhi, Delhi, India",27,0.8908900064771161,2.7386213892014526,0.0,0.0,2.4789666670029256,2.555854721595074
DL012,2020,1,196.86813186813185,28.5543559,77.0974746,10.92893148840822,11.882305738193471,"South Delhi, New Delhi, Delhi, India",27,0.8908900064771161,2.7386213892014526,0.0,0.0,2.4789666670029256,2.555854721595074
DL012,2020,2,102.6067415730337,28.5543559,77.0974746,10.92893148840822,11.882305738193471,"South Delhi, New Delhi, Delhi, India",27,0.8908900064771161,2.7386213892014526,0.0,0.0,2.4789666670029256,2.555854721595074
DL012,2020,3,92.0,28.5543559,77.0974746,10.92893148840822,11.882305738193471,"South Delhi, New Delhi, Delhi, India",27,0.8908900064771161,2.7386213892014526,0.0,0.0,2.4789666670029256,2.555854721595074
DL013,2018,1,227.32222222222222,28.6814403,77.3028964,1.3796389847387114,4.639971267765091,"Shahdara, Delhi, India",26,1.4569758539227944,4.389239033366632,0.0,0.0,0.866948789093159,1.7298789711290996
DL013,2018,2,205.93333333333334,28.6814403,77.3028964,1.3796389847387114,4.639971267765091,"Shahdara, Delhi, India",26,1.4569758539227944,4.389239033366632,0.0,0.0,0.866948789093159,1.7298789711290996
DL013,2018,3,98.96511627906976,28.6814403,77.3028964,1.3796389847387114,4.639971267765091,"Shahdara, Delhi, India",26,1.4569758539227944,4.389239033366632,0.0,0.0,0.866948789093159,1.7298789711290996
DL013,2018,4,277.3333333333333,28.6814403,77.3028964,1.3796389847387114,4.639971267765091,"Shahdara, Delhi, India",26,1.4569758539227944,4.389239033366632,0.0,0.0,0.866948789093159,1.7298789711290996
DL013,2019,1,271.96666666666664,28.6814403,77.3028964,1.3796389847387114,4.639971267765091,"Shahdara, Delhi, India",26,1.4569758539227944,4.389239033366632,0.0,0.0,0.866948789093159,1.7298789711290996
DL013,2019,2,234.55555555555554,28.6814403,77.3028964,1.3796389847387114,4.639971267765091,"Shahdara, Delhi, India",26,1.4569758539227944,4.389239033366632,0.0,0.0,0.866948789093159,1.7298789711290996
DL013,2019,3,106.36781609195403,28.6814403,77.3028964,1.3796389847387114,4.639971267765091,"Shahdara, Delhi, India",26,1.4569758539227944,4.389239033366632,0.0,0.0,0.866948789093159,1.7298789711290996
DL013,2019,4,269.2717391304348,28.6814403,77.3028964,1.3796389847387114,4.639971267765091,"Shahdara, Delhi, India",26,1.4569758539227944,4.389239033366632,0.0,0.0,0.866948789093159,1.7298789711290996
DL013,2020,1,210.01098901098902,28.6814403,77.3028964,1.3796389847387114,4.639971267765091,"Shahdara, Delhi, India",26,1.4569758539227944,4.389239033366632,0.0,0.0,0.866948789093159,1.7298789711290996
DL013,2020,2,96.73626373626374,28.6814403,77.3028964,1.3796389847387114,4.639971267765091,"Shahdara, Delhi, India",26,1.4569758539227944,4.389239033366632,0.0,0.0,0.866948789093159,1.7298789711290996
DL013,2020,3,85.0,28.6814403,77.3028964,1.3796389847387114,4.639971267765091,"Shahdara, Delhi, India",26,1.4569758539227944,4.389239033366632,0.0,0.0,0.866948789093159,1.7298789711290996
DL014,2018,1,256.5263157894737,28.6281909,77.2410437,3.5217036846184673,5.177057081055298,"New Delhi, Delhi, India",26,1.3262322831025208,3.787020006245186,0.0,0.0,1.5088888442028898,1.8208419575736552
DL014,2018,2,242.14285714285714,28.6281909,77.2410437,3.5217036846184673,5.177057081055298,"New Delhi, Delhi, India",26,1.3262322831025208,3.787020006245186,0.0,0.0,1.5088888442028898,1.8208419575736552
DL014,2018,3,105.59154929577464,28.6281909,77.2410437,3.5217036846184673,5.177057081055298,"New Delhi, Delhi, India",26,1.3262322831025208,3.787020006245186,0.0,0.0,1.5088888442028898,1.8208419575736552
DL014,2018,4,338.5652173913044,28.6281909,77.2410437,3.5217036846184673,5.177057081055298,"New Delhi, Delhi, India",26,1.3262322831025208,3.787020006245186,0.0,0.0,1.5088888442028898,1.8208419575736552
DL014,2019,1,267.1685393258427,28.6281909,77.2410437,3.5217036846184673,5.177057081055298,"New Delhi, Delhi, India",26,1.3262322831025208,3.787020006245186,0.0,0.0,1.5088888442028898,1.8208419575736552
DL014,2019,2,194.35955056179776,28.6281909,77.2410437,3.5217036846184673,5.177057081055298,"New Delhi, Delhi, India",26,1.3262322831025208,3.787020006245186,0.0,0.0,1.5088888442028898,1.8208419575736552
DL014,2019,3,91.28888888888889,28.6281909,77.2410437,3.5217036846184673,5.177057081055298,"New Delhi, Delhi, India",26,1.3262322831025208,3.787020006245186,0.0,0.0,1.5088888442028898,1.8208419575736552
DL014,2019,4,309.14130434782606,28.6281909,77.2410437,3.5217036846184673,5.177057081055298,"New Delhi, Delhi, India",26,1.3262322831025208,3.787020006245186,0.0,0.0,1.5088888442028898,1.8208419575736552
DL014,2020,1,247.4,28.6281909,77.2410437,3.5217036846184673,5.177057081055298,"New Delhi, Delhi, India",26,1.3262322831025208,3.787020006245186,0.0,0.0,1.5088888442028898,1.8208419575736552
DL014,2020,2,160.5595238095238,28.6281909,77.2410437,3.5217036846184673,5.177057081055298,"New Delhi, Delhi, India",26,1.3262322831025208,3.787020006245186,0.0,0.0,1.5088888442028898,1.8208419575736552
DL014,2020,3,122.0,28.6281909,77.2410437,3.5217036846184673,5.177057081055298,"New Delhi, Delhi, India",26,1.3262322831025208,3.787020006245186,0.0,0.0,1.5088888442028898,1.8208419575736552
DL015,2018,1,359.64912280701753,28.7259717,77.162658,3.096026465098318,6.662701538374267,"North Delhi, Delhi, India",27,1.236455291011162,3.852691516201717,0.0,0.0,1.410017348921977,2.036364602824991
DL015,2018,2,272.8901098901099,28.7259717,77.162658,3.096026465098318,6.662701538374267,"North Delhi, Delhi, India",27,1.236455291011162,3.852691516201717,0.0,0.0,1.410017348921977,2.036364602824991
DL015,2018,3,131.92222222222222,28.7259717,77.162658,3.096026465098318,6.662701538374267,"North Delhi, Delhi, India",27,1.236455291011162,3.852691516201717,0.0,0.0,1.410017348921977,2.036364602824991
DL015,2018,4,423.7717391304348,28.7259717,77.162658,3.096026465098318,6.662701538374267,"North Delhi, Delhi, India",27,1.236455291011162,3.852691516201717,0.0,0.0,1.410017348921977,2.036364602824991
DL015,2019,1,323.73333333333335,28.7259717,77.162658,3.096026465098318,6.662701538374267,"North Delhi, Delhi, India",27,1.236455291011162,3.852691516201717,0.0,0.0,1.410017348921977,2.036364602824991
DL015,2019,2,239.48888888888888,28.7259717,77.162658,3.096026465098318,6.662701538374267,"North Delhi, Delhi, India",27,1.236455291011162,3.852691516201717,0.0,0.0,1.410017348921977,2.036364602824991
DL015,2019,3,119.19565217391305,28.7259717,77.162658,3.096026465098318,6.662701538374267,"North Delhi, Delhi, India",27,1.236455291011162,3.852691516201717,0.0,0.0,1.410017348921977,2.036364602824991
DL015,2019,4,365.0326086956522,28.7259717,77.162658,3.096026465098318,6.662701538374267,"North Delhi, Delhi, India",27,1.236455291011162,3.852691516201717,0.0,0.0,1.410017348921977,2.036364602824991
DL015,2020,1,275.69662921348316,28.7259717,77.162658,3.096026465098318,6.662701538374267,"North Delhi, Delhi, India",27,1.236455291011162,3.852691516201717,0.0,0.0,1.410017348921977,2.036364602824991
DL015,2020,2,132.48888888888888,28.7259717,77.162658,3.096026465098318,6.662701538374267,"North Delhi, Delhi, India",27,1.236455291011162,3.852691516201717,0.0,0.0,1.410017348921977,2.036364602824991
DL015,2020,3,102.0,28.7259717,77.162658,3.096026465098318,6.662701538374267,"North Delhi, Delhi, India",27,1.236455291011162,3.852691516201717,0.0,0.0,1.410017348921977,2.036364602824991
DL016,2018,1,276.10526315789474,28.5833771,77.2335404,4.166820636646921,5.982788924576606,"New Delhi, Delhi, India",26,1.2005883616679702,3.410322018450108,0.0,0.0,1.6422575354544007,1.9434483963666118
DL016,2018,2,221.65555555555557,28.5833771,77.2335404,4.166820636646921,5.982788924576606,"New Delhi, Delhi, India",26,1.2005883616679702,3.410322018450108,0.0,0.0,1.6422575354544007,1.9434483963666118
DL016,2018,3,103.68478260869566,28.5833771,77.2335404,4.166820636646921,5.982788924576606,"New Delhi, Delhi, India",26,1.2005883616679702,3.410322018450108,0.0,0.0,1.6422575354544007,1.9434483963666118
DL016,2018,4,334.38461538461536,28.5833771,77.2335404,4.166820636646921,5.982788924576606,"New Delhi, Delhi, India",26,1.2005883616679702,3.410322018450108,0.0,0.0,1.6422575354544007,1.9434483963666118
DL016,2019,1,272.55056179775283,28.5833771,77.2335404,4.166820636646921,5.982788924576606,"New Delhi, Delhi, India",26,1.2005883616679702,3.410322018450108,0.0,0.0,1.6422575354544007,1.9434483963666118
DL016,2019,2,206.8,28.5833771,77.2335404,4.166820636646921,5.982788924576606,"New Delhi, Delhi, India",26,1.2005883616679702,3.410322018450108,0.0,0.0,1.6422575354544007,1.9434483963666118
DL016,2019,3,113.16304347826087,28.5833771,77.2335404,4.166820636646921,5.982788924576606,"New Delhi, Delhi, India",26,1.2005883616679702,3.410322018450108,0.0,0.0,1.6422575354544007,1.9434483963666118
DL016,2019,4,330.42857142857144,28.5833771,77.2335404,4.166820636646921,5.982788924576606,"New Delhi, Delhi, India",26,1.2005883616679702,3.410322018450108,0.0,0.0,1.6422575354544007,1.9434483963666118
DL016,2020,1,228.7032967032967,28.5833771,77.2335404,4.166820636646921,5.982788924576606,"New Delhi, Delhi, India",26,1.2005883616679702,3.410322018450108,0.0,0.0,1.6422575354544007,1.9434483963666118
DL016,2020,2,128.06593406593407,28.5833771,77.2335404,4.166820636646921,5.982788924576606,"New Delhi, Delhi, India",26,1.2005883616679702,3.410322018450108,0.0,0.0,1.6422575354544007,1.9434483963666118
DL016,2020,3,94.0,28.5833771,77.2335404,4.166820636646921,5.982788924576606,"New Delhi, Delhi, India",26,1.2005883616679702,3.410322018450108,0.0,0.0,1.6422575354544007,1.9434483963666118
DL017,2018,1,233.45977011494253,28.5929459,77.2417643,3.9727592774643297,5.596720903112613,"New Delhi, Delhi, India",26,1.2320008860626313,3.4896938857206132,0.0,0.0,1.6039748726620096,1.886572692708313
DL017,2018,2,199.9404761904762,28.5929459,77.2417643,3.9727592774643297,5.596720903112613,"New Delhi, Delhi, India",26,1.2320008860626313,3.4896938857206132,0.0,0.0,1.6039748726620096,1.886572692708313
DL017,2018,3,103.5,28.5929459,77.2417643,3.9727592774643297,5.596720903112613,"New Delhi, Delhi, India",26,1.2320008860626313,3.4896938857206132,0.0,0.0,1.6039748726620096,1.886572692708313
DL017,2018,4,292.6923076923077,28.5929459,77.2417643,3.9727592774643297,5.596720903112613,"New Delhi, Delhi, India",26,1.2320008860626313,3.4896938857206132,0.0,0.0,1.6039748726620096,1.886572692708313
DL017,2019,1,202.6235294117647,28.5929459,77.2417643,3.9727592774643297,5.596720903112613,"New Delhi, Delhi, India",26,1.2320008860626313,3.4896938857206132,0.0,0.0,1.6039748726620096,1.886572692708313
DL017,2019,2,163.76404494382024,28.5929459,77.2417643,3.9727592774643297,5.596720903112613,"New Delhi, Delhi, India",26,1.2320008860626313,3.4896938857206132,0.0,0.0,1.6039748726620096,1.886572692708313
DL017,2019,3,103.98823529411764,28.5929459,77.2417643,3.9727592774643297,5.596720903112613,"New Delhi, Delhi, India",26,1.2320008860626313,3.4896938857206132,0.0,0.0,1.6039748726620096,1.886572692708313
DL017,2019,4,271.84090909090907,28.5929459,77.2417643,3.9727592774643297,5.596720903112613,"New Delhi, Delhi, India",26,1.2320008860626313,3.4896938857206132,0.0,0.0,1.6039748726620096,1.886572692708313
DL017,2020,1,177.8901098901099,28.5929459,77.2417643,3.9727592774643297,5.596720903112613,"New Delhi, Delhi, India",26,1.2320008860626313,3.4896938857206132,0.0,0.0,1.6039748726620096,1.886572692708313
DL017,2020,2,143.25974025974025,28.5929459,77.2417643,3.9727592774643297,5.596720903112613,"New Delhi, Delhi, India",26,1.2320008860626313,3.4896938857206132,0.0,0.0,1.6039748726620096,1.886572692708313
DL017,2020,3,100.0,28.5929459,77.2417643,3.9727592774643297,5.596720903112613,"New Delhi, Delhi, India",26,1.2320008860626313,3.4896938857206132,0.0,0.0,1.6039748726620096,1.886572692708313
DL018,2018,1,255.71929824561403,28.6126342,77.2373304,2.7859670241668457,5.6559077295504485,"New Delhi, Delhi, India",26,1.3203564353623052,3.718699604620734,0.0,0.0,1.3313013428091163,1.8955048406749895
DL018,2018,2,237.36263736263737,28.6126342,77.2373304,2.7859670241668457,5.6559077295504485,"New Delhi, Delhi, India",26,1.3203564353623052,3.718699604620734,0.0,0.0,1.3313013428091163,1.8955048406749895
DL018,2018,3,107.97826086956522,28.6126342,77.2373304,2.7859670241668457,5.6559077295504485,"New Delhi, Delhi, India",26,1.3203564353623052,3.718699604620734,0.0,0.0,1.3313013428091163,1.8955048406749895
DL018,2018,4,327.9021739130435,28.6126342,77.2373304,2.7859670241668457,5.6559077295504485,"New Delhi, Delhi, India",26,1.3203564353623052,3.718699604620734,0.0,0.0,1.3313013428091163,1.8955048406749895
DL018,2019,1,240.23333333333332,28.6126342,77.2373304,2.7859670241668457,5.6559077295504485,"New Delhi, Delhi, India",26,1.3203564353623052,3.718699604620734,0.0,0.0,1.3313013428091163,1.8955048406749895
DL018,2019,2,191.74444444444444,28.6126342,77.2373304,2.7859670241668457,5.6559077295504485,"New Delhi, Delhi, India",26,1.3203564353623052,3.718699604620734,0.0,0.0,1.3313013428091163,1.8955048406749895
DL018,2019,3,101.93478260869566,28.6126342,77.2373304,2.7859670241668457,5.6559077295504485,"New Delhi, Delhi, India",26,1.3203564353623052,3.718699604620734,0.0,0.0,1.3313013428091163,1.8955048406749895
DL018,2019,4,295.60869565217394,28.6126342,77.2373304,2.7859670241668457,5.6559077295504485,"New Delhi, Delhi, India",26,1.3203564353623052,3.718699604620734,0.0,0.0,1.3313013428091163,1.8955048406749895
DL018,2020,1,220.58241758241758,28.6126342,77.2373304,2.7859670241668457,5.6559077295504485,"New Delhi, Delhi, India",26,1.3203564353623052,3.718699604620734,0.0,0.0,1.3313013428091163,1.8955048406749895
DL018,2020,2,126.93333333333334,28.6126342,77.2373304,2.7859670241668457,5.6559077295504485,"New Delhi, Delhi, India",26,1.3203564353623052,3.718699604620734,0.0,0.0,1.3313013428091163,1.8955048406749895
DL018,2020,3,92.0,28.6126342,77.2373304,2.7859670241668457,5.6559077295504485,"New Delhi, Delhi, India",26,1.3203564353623052,3.718699604620734,0.0,0.0,1.3313013428091163,1.8955048406749895
DL019,2018,1,284.3636363636364,28.638568,77.2035761,2.7871889280214304,5.824581142993405,"New Delhi, Delhi, India",26,1.3382903994813358,3.843349021442845,0.0,0.0,1.3316240362470706,1.9205309681977698
DL019,2018,2,200.65555555555557,28.638568,77.2035761,2.7871889280214304,5.824581142993405,"New Delhi, Delhi, India",26,1.3382903994813358,3.843349021442845,0.0,0.0,1.3316240362470706,1.9205309681977698
DL019,2018,3,109.52747252747253,28.638568,77.2035761,2.7871889280214304,5.824581142993405,"New Delhi, Delhi, India",26,1.3382903994813358,3.843349021442845,0.0,0.0,1.3316240362470706,1.9205309681977698
DL019,2018,4,319.39130434782606,28.638568,77.2035761,2.7871889280214304,5.824581142993405,"New Delhi, Delhi, India",26,1.3382903994813358,3.843349021442845,0.0,0.0,1.3316240362470706,1.9205309681977698
DL019,2019,1,252.25555555555556,28.638568,77.2035761,2.7871889280214304,5.824581142993405,"New Delhi, Delhi, India",26,1.3382903994813358,3.843349021442845,0.0,0.0,1.3316240362470706,1.9205309681977698
DL019,2019,2,204.38888888888889,28.638568,77.2035761,2.7871889280214304,5.824581142993405,"New Delhi, Delhi, India",26,1.3382903994813358,3.843349021442845,0.0,0.0,1.3316240362470706,1.9205309681977698
DL019,2019,3,112.32608695652173,28.638568,77.2035761,2.7871889280214304,5.824581142993405,"New Delhi, Delhi, India",26,1.3382903994813358,3.843349021442845,0.0,0.0,1.3316240362470706,1.9205309681977698
DL019,2019,4,298.9782608695652,28.638568,77.2035761,2.7871889280214304,5.824581142993405,"New Delhi, Delhi, India",26,1.3382903994813358,3.843349021442845,0.0,0.0,1.3316240362470706,1.9205309681977698
DL019,2020,1,211.18823529411765,28.638568,77.2035761,2.7871889280214304,5.824581142993405,"New Delhi, Delhi, India",26,1.3382903994813358,3.843349021442845,0.0,0.0,1.3316240362470706,1.9205309681977698
DL019,2020,2,94.6067415730337,28.638568,77.2035761,2.7871889280214304,5.824581142993405,"New Delhi, Delhi, India",26,1.3382903994813358,3.843349021442845,0.0,0.0,1.3316240362470706,1.9205309681977698
DL019,2020,3,72.0,28.638568,77.2035761,2.7871889280214304,5.824581142993405,"New Delhi, Delhi, India",26,1.3382903994813358,3.843349021442845,0.0,0.0,1.3316240362470706,1.9205309681977698
DL020,2018,3,141.86363636363637,28.6819261,77.0308105,4.187447194525716,6.279355075409012,"West Delhi, Delhi, India",28,1.0852556929849517,3.3778464991549058,0.0,0.0,1.6462417061364698,1.9850422697416799
DL020,2018,4,454.4782608695652,28.6819261,77.0308105,4.187447194525716,6.279355075409012,"West Delhi, Delhi, India",28,1.0852556929849517,3.3778464991549058,0.0,0.0,1.6462417061364698,1.9850422697416799
DL020,2019,1,330.74444444444447,28.6819261,77.0308105,4.187447194525716,6.279355075409012,"West Delhi, Delhi, India",28,1.0852556929849517,3.3778464991549058,0.0,0.0,1.6462417061364698,1.9850422697416799
DL020,2019,2,287.60227272727275,28.6819261,77.0308105,4.187447194525716,6.279355075409012,"West Delhi, Delhi, India",28,1.0852556929849517,3.3778464991549058,0.0,0.0,1.6462417061364698,1.9850422697416799
DL020,2019,3,135.37362637362637,28.6819261,77.0308105,4.187447194525716,6.279355075409012,"West Delhi, Delhi, India",28,1.0852556929849517,3.3778464991549058,0.0,0.0,1.6462417061364698,1.9850422697416799
DL020,2019,4,359.5,28.6819261,77.0308105,4.187447194525716,6.279355075409012,"West Delhi, Delhi, India",28,1.0852556929849517,3.3778464991549058,0.0,0.0,1.6462417061364698,1.9850422697416799
DL020,2020,1,279.8181818181818,28.6819261,77.0308105,4.187447194525716,6.279355075409012,"West Delhi, Delhi, India",28,1.0852556929849517,3.3778464991549058,0.0,0.0,1.6462417061364698,1.9850422697416799
DL020,2020,2,153.25581395348837,28.6819261,77.0308105,4.187447194525716,6.279355075409012,"West Delhi, Delhi, India",28,1.0852556929849517,3.3778464991549058,0.0,0.0,1.6462417061364698,1.9850422697416799
DL020,2020,3,105.0,28.6819261,77.0308105,4.187447194525716,6.279355075409012,"West Delhi, Delhi, India",28,1.0852556929849517,3.3778464991549058,0.0,0.0,1.6462417061364698,1.9850422697416799
DL021,2018,1,304.75555555555553,28.6109477,77.0384563,5.704944775974331,7.9795994685378915,"South West Delhi, Delhi, India",28,1.0051448051939065,3.085050631146067,0.0,0.0,1.9028452804542848,2.1949552787066753
DL021,2018,2,220.5505617977528,28.6109477,77.0384563,5.704944775974331,7.9795994685378915,"South West Delhi, Delhi, India",28,1.0051448051939065,3.085050631146067,0.0,0.0,1.9028452804542848,2.1949552787066753
DL021,2018,3,127.42391304347827,28.6109477,77.0384563,5.704944775974331,7.9795994685378915,"South West Delhi, Delhi, India",28,1.0051448051939065,3.085050631146067,0.0,0.0,1.9028452804542848,2.1949552787066753
DL021,2018,4,304.3369565217391,28.6109477,77.0384563,5.704944775974331,7.9795994685378915,"South West Delhi, Delhi, India",28,1.0051448051939065,3.085050631146067,0.0,0.0,1.9028452804542848,2.1949552787066753
DL021,2019,1,261.8666666666667,28.6109477,77.0384563,5.704944775974331,7.9795994685378915,"South West Delhi, Delhi, India",28,1.0051448051939065,3.085050631146067,0.0,0.0,1.9028452804542848,2.1949552787066753
DL021,2019,2,234.15555555555557,28.6109477,77.0384563,5.704944775974331,7.9795994685378915,"South West Delhi, Delhi, India",28,1.0051448051939065,3.085050631146067,0.0,0.0,1.9028452804542848,2.1949552787066753
DL021,2019,3,111.81521739130434,28.6109477,77.0384563,5.704944775974331,7.9795994685378915,"South West Delhi, Delhi, India",28,1.0051448051939065,3.085050631146067,0.0,0.0,1.9028452804542848,2.1949552787066753
DL021,2019,4,304.1847826086956,28.6109477,77.0384563,5.704944775974331,7.9795994685378915,"South West Delhi, Delhi, India",28,1.0051448051939065,3.085050631146067,0.0,0.0,1.9028452804542848,2.1949552787066753
DL021,2020,1,241.45054945054946,28.6109477,77.0384563,5.704944775974331,7.9795994685378915,"South West Delhi, Delhi, India",28,1.0051448051939065,3.085050631146067,0.0,0.0,1.9028452804542848,2.1949552787066753
DL021,2020,2,127.87640449438203,28.6109477,77.0384563,5.704944775974331,7.9795994685378915,"South West Delhi, Delhi, India",28,1.0051448051939065,3.085050631146067,0.0,0.0,1.9028452804542848,2.1949552787066753
DL021,2020,3,95.0,28.6109477,77.0384563,5.704944775974331,7.9795994685378915,"South West Delhi, Delhi, India",28,1.0051448051939065,3.085050631146067,0.0,0.0,1.9028452804542848,2.1949552787066753
DL022,2018,1,249.91228070175438,28.6124504,76.9865067,0.6366463417067918,8.030466388183777,"South West Delhi, Delhi, India",28,1.3495113049348335,4.182483768467524,0.0,0.0,0.4926492345521207,2.2006040148419626
DL022,2018,2,233.26373626373626,28.6124504,76.9865067,0.6366463417067918,8.030466388183777,"South West Delhi, Delhi, India",28,1.3495113049348335,4.182483768467524,0.0,0.0,0.4926492345521207,2.2006040148419626
DL022,2018,3,107.59782608695652,28.6124504,76.9865067,0.6366463417067918,8.030466388183777,"South West Delhi, Delhi, India",28,1.3495113049348335,4.182483768467524,0.0,0.0,0.4926492345521207,2.2006040148419626
DL022,2018,4,296.07608695652175,28.6124504,76.9865067,0.6366463417067918,8.030466388183777,"South West Delhi, Delhi, India",28,1.3495113049348335,4.182483768467524,0.0,0.0,0.4926492345521207,2.2006040148419626
DL022,2019,1,248.2134831460674,28.6124504,76.9865067,0.6366463417067918,8.030466388183777,"South West Delhi, Delhi, India",28,1.3495113049348335,4.182483768467524,0.0,0.0,0.4926492345521207,2.2006040148419626
DL022,2019,2,190.79775280898878,28.6124504,76.9865067,0.6366463417067918,8.030466388183777,"South West Delhi, Delhi, India",28,1.3495113049348335,4.182483768467524,0.0,0.0,0.4926492345521207,2.2006040148419626
DL022,2019,3,90.85057471264368,28.6124504,76.9865067,0.6366463417067918,8.030466388183777,"South West Delhi, Delhi, India",28,1.3495113049348335,4.182483768467524,0.0,0.0,0.4926492345521207,2.2006040148419626
DL022,2019,4,282.03333333333336,28.6124504,76.9865067,0.6366463417067918,8.030466388183777,"South West Delhi, Delhi, India",28,1.3495113049348335,4.182483768467524,0.0,0.0,0.4926492345521207,2.2006040148419626
DL022,2020,1,216.51685393258427,28.6124504,76.9865067,0.6366463417067918,8.030466388183777,"South West Delhi, Delhi, India",28,1.3495113049348335,4.182483768467524,0.0,0.0,0.4926492345521207,2.2006040148419626
DL022,2020,2,131.5125,28.6124504,76.9865067,0.6366463417067918,8.030466388183777,"South West Delhi, Delhi, India",28,1.3495113049348335,4.182483768467524,0.0,0.0,0.4926492345521207,2.2006040148419626
DL022,2020,3,120.0,28.6124504,76.9865067,0.6366463417067918,8.030466388183777,"South West Delhi, Delhi, India",28,1.3495113049348335,4.182483768467524,0.0,0.0,0.4926492345521207,2.2006040148419626
DL023,2018,1,300.0701754385965,28.8464766,77.0856631,12.289830315727231,14.659979444778967,"North Delhi, Delhi, India",30,0.8042766243220905,2.690267916739041,0.0,0.0,2.5869991048277856,2.75110837796786
DL023,2018,2,258.34065934065933,28.8464766,77.0856631,12.289830315727231,14.659979444778967,"North Delhi, Delhi, India",30,0.8042766243220905,2.690267916739041,0.0,0.0,2.5869991048277856,2.75110837796786
DL023,2018,3,103.3076923076923,28.8464766,77.0856631,12.289830315727231,14.659979444778967,"North Delhi, Delhi, India",30,0.8042766243220905,2.690267916739041,0.0,0.0,2.5869991048277856,2.75110837796786
DL023,2018,4,371.05494505494505,28.8464766,77.0856631,12.289830315727231,14.659979444778967,"North Delhi, Delhi, India",30,0.8042766243220905,2.690267916739041,0.0,0.0,2.5869991048277856,2.75110837796786
DL023,2019,1,260.93333333333334,28.8464766,77.0856631,12.289830315727231,14.659979444778967,"North Delhi, Delhi, India",30,0.8042766243220905,2.690267916739041,0.0,0.0,2.5869991048277856,2.75110837796786
DL023,2019,2,239.3111111111111,28.8464766,77.0856631,12.289830315727231,14.659979444778967,"North Delhi, Delhi, India",30,0.8042766243220905,2.690267916739041,0.0,0.0,2.5869991048277856,2.75110837796786
DL023,2019,3,123.93478260869566,28.8464766,77.0856631,12.289830315727231,14.659979444778967,"North Delhi, Delhi, India",30,0.8042766243220905,2.690267916739041,0.0,0.0,2.5869991048277856,2.75110837796786
DL023,2019,4,322.967032967033,28.8464766,77.0856631,12.289830315727231,14.659979444778967,"North Delhi, Delhi, India",30,0.8042766243220905,2.690267916739041,0.0,0.0,2.5869991048277856,2.75110837796786
DL023,2020,1,242.65934065934067,28.8464766,77.0856631,12.289830315727231,14.659979444778967,"North Delhi, Delhi, India",30,0.8042766243220905,2.690267916739041,0.0,0.0,2.5869991048277856,2.75110837796786
DL023,2020,2,165.0,28.8464766,77.0856631,12.289830315727231,14.659979444778967,"North Delhi, Delhi, India",30,0.8042766243220905,2.690267916739041,0.0,0.0,2.5869991048277856,2.75110837796786
DL023,2020,3,115.0,28.8464766,77.0856631,12.289830315727231,14.659979444778967,"North Delhi, Delhi, India",30,0.8042766243220905,2.690267916739041,0.0,0.0,2.5869991048277856,2.75110837796786
DL024,2018,1,259.2631578947368,28.5685108,77.2513847,3.201619378618591,5.954381052772871,"South East Delhi, Delhi, India",26,1.194498354543942,3.3684889415653823,0.0,0.0,1.4354700173154828,1.9393718282841355
DL024,2018,2,224.34065934065933,28.5685108,77.2513847,3.201619378618591,5.954381052772871,"South East Delhi, Delhi, India",26,1.194498354543942,3.3684889415653823,0.0,0.0,1.4354700173154828,1.9393718282841355
DL024,2018,3,109.55434782608695,28.5685108,77.2513847,3.201619378618591,5.954381052772871,"South East Delhi, Delhi, India",26,1.194498354543942,3.3684889415653823,0.0,0.0,1.4354700173154828,1.9393718282841355
DL024,2018,4,384.9347826086956,28.5685108,77.2513847,3.201619378618591,5.954381052772871,"South East Delhi, Delhi, India",26,1.194498354543942,3.3684889415653823,0.0,0.0,1.4354700173154828,1.9393718282841355
DL024,2019,1,310.73333333333335,28.5685108,77.2513847,3.201619378618591,5.954381052772871,"South East Delhi, Delhi, India",26,1.194498354543942,3.3684889415653823,0.0,0.0,1.4354700173154828,1.9393718282841355
DL024,2019,2,195.2888888888889,28.5685108,77.2513847,3.201619378618591,5.954381052772871,"South East Delhi, Delhi, India",26,1.194498354543942,3.3684889415653823,0.0,0.0,1.4354700173154828,1.9393718282841355
DL024,2019,3,103.02173913043478,28.5685108,77.2513847,3.201619378618591,5.954381052772871,"South East Delhi, Delhi, India",26,1.194498354543942,3.3684889415653823,0.0,0.0,1.4354700173154828,1.9393718282841355
DL024,2019,4,362.92391304347825,28.5685108,77.2513847,3.201619378618591,5.954381052772871,"South East Delhi, Delhi, India",26,1.194498354543942,3.3684889415653823,0.0,0.0,1.4354700173154828,1.9393718282841355
DL024,2020,1,275.4065934065934,28.5685108,77.2513847,3.201619378618591,5.954381052772871,"South East Delhi, Delhi, India",26,1.194498354543942,3.3684889415653823,0.0,0.0,1.4354700173154828,1.9393718282841355
DL024,2020,2,155.1868131868132,28.5685108,77.2513847,3.201619378618591,5.954381052772871,"South East Delhi, Delhi, India",26,1.194498354543942,3.3684889415653823,0.0,0.0,1.4354700173154828,1.9393718282841355
DL024,2020,3,87.0,28.5685108,77.2513847,3.201619378618591,5.954381052772871,"South East Delhi, Delhi, India",26,1.194498354543942,3.3684889415653823,0.0,0.0,1.4354700173154828,1.9393718282841355
DL025,2018,1,303.3,28.6885841,77.2095178,1.518084294701038,5.248291126352567,"Central Delhi, Delhi, India",27,1.4922552477011921,4.521255187480522,0.0,0.0,0.9234984119089341,1.832308006578717
DL025,2018,2,248.68055555555554,28.6885841,77.2095178,1.518084294701038,5.248291126352567,"Central Delhi, Delhi, India",27,1.4922552477011921,4.521255187480522,0.0,0.0,0.9234984119089341,1.832308006578717
DL025,2018,3,105.78021978021978,28.6885841,77.2095178,1.518084294701038,5.248291126352567,"Central Delhi, Delhi, India",27,1.4922552477011921,4.521255187480522,0.0,0.0,0.9234984119089341,1.832308006578717
DL025,2018,4,348.53846153846155,28.6885841,77.2095178,1.518084294701038,5.248291126352567,"Central Delhi, Delhi, India",27,1.4922552477011921,4.521255187480522,0.0,0.0,0.9234984119089341,1.832308006578717
DL025,2019,1,301.5731707317073,28.6885841,77.2095178,1.518084294701038,5.248291126352567,"Central Delhi, Delhi, India",27,1.4922552477011921,4.521255187480522,0.0,0.0,0.9234984119089341,1.832308006578717
DL025,2019,2,255.0,28.6885841,77.2095178,1.518084294701038,5.248291126352567,"Central Delhi, Delhi, India",27,1.4922552477011921,4.521255187480522,0.0,0.0,0.9234984119089341,1.832308006578717
DL025,2019,3,115.41304347826087,28.6885841,77.2095178,1.518084294701038,5.248291126352567,"Central Delhi, Delhi, India",27,1.4922552477011921,4.521255187480522,0.0,0.0,0.9234984119089341,1.832308006578717
DL025,2019,4,297.97701149425285,28.6885841,77.2095178,1.518084294701038,5.248291126352567,"Central Delhi, Delhi, India",27,1.4922552477011921,4.521255187480522,0.0,0.0,0.9234984119089341,1.832308006578717
DL025,2020,1,195.7,28.6885841,77.2095178,1.518084294701038,5.248291126352567,"Central Delhi, Delhi, India",27,1.4922552477011921,4.521255187480522,0.0,0.0,0.9234984119089341,1.832308006578717
DL025,2020,2,107.14285714285714,28.6885841,77.2095178,1.518084294701038,5.248291126352567,"Central Delhi, Delhi, India",27,1.4922552477011921,4.521255187480522,0.0,0.0,0.9234984119089341,1.832308006578717
DL025,2020,3,88.0,28.6885841,77.2095178,1.518084294701038,5.248291126352567,"Central Delhi, Delhi, India",27,1.4922552477011921,4.521255187480522,0.0,0.0,0.9234984119089341,1.832308006578717
DL026,2018,1,255.71929824561403,28.6138954,77.2090057,0.017743745717729548,5.574894661060832,"New Delhi, Delhi, India",26,1.9942978926890236,5.0674052896288195,0.0,0.0,0.017588163177185628,1.8832585568040563
DL026,2018,2,232.75555555555556,28.6138954,77.2090057,0.017743745717729548,5.574894661060832,"New Delhi, Delhi, India",26,1.9942978926890236,5.0674052896288195,0.0,0.0,0.017588163177185628,1.8832585568040563
DL026,2018,3,110.05494505494505,28.6138954,77.2090057,0.017743745717729548,5.574894661060832,"New Delhi, Delhi, India",26,1.9942978926890236,5.0674052896288195,0.0,0.0,0.017588163177185628,1.8832585568040563
DL026,2018,4,349.10869565217394,28.6138954,77.2090057,0.017743745717729548,5.574894661060832,"New Delhi, Delhi, India",26,1.9942978926890236,5.0674052896288195,0.0,0.0,0.017588163177185628,1.8832585568040563
DL026,2019,1,266.64444444444445,28.6138954,77.2090057,0.017743745717729548,5.574894661060832,"New Delhi, Delhi, India",26,1.9942978926890236,5.0674052896288195,0.0,0.0,0.017588163177185628,1.8832585568040563
DL026,2019,2,181.58426966292134,28.6138954,77.2090057,0.017743745717729548,5.574894661060832,"New Delhi, Delhi, India",26,1.9942978926890236,5.0674052896288195,0.0,0.0,0.017588163177185628,1.8832585568040563
DL026,2019,3,107.75,28.6138954,77.2090057,0.017743745717729548,5.574894661060832,"New Delhi, Delhi, India",26,1.9942978926890236,5.0674052896288195,0.0,0.0,0.017588163177185628,1.8832585568040563
DL026,2019,4,330.20652173913044,28.6138954,77.2090057,0.017743745717729548,5.574894661060832,"New Delhi, Delhi, India",26,1.9942978926890236,5.0674052896288195,0.0,0.0,0.017588163177185628,1.8832585568040563
DL026,2020,1,241.58241758241758,28.6138954,77.2090057,0.017743745717729548,5.574894661060832,"New Delhi, Delhi, India",26,1.9942978926890236,5.0674052896288195,0.0,0.0,0.017588163177185628,1.8832585568040563
DL026,2020,2,112.9010989010989,28.6138954,77.2090057,0.017743745717729548,5.574894661060832,"New Delhi, Delhi, India",26,1.9942978926890236,5.0674052896288195,0.0,0.0,0.017588163177185628,1.8832585568040563
DL026,2020,3,102.0,28.6138954,77.2090057,0.017743745717729548,5.574894661060832,"New Delhi, Delhi, India",26,1.9942978926890236,5.0674052896288195,0.0,0.0,0.017588163177185628,1.8832585568040563
DL027,2018,1,254.14814814814815,28.6115923,77.2905644,2.0102689825337157,5.722492183492072,"East Delhi, Delhi, India",25,1.3223889223211875,3.6750203166419064,0.0,0.0,1.1020294377361641,1.9054589464219505
DL027,2018,2,219.21978021978023,28.6115923,77.2905644,2.0102689825337157,5.722492183492072,"East Delhi, Delhi, India",25,1.3223889223211875,3.6750203166419064,0.0,0.0,1.1020294377361641,1.9054589464219505
DL027,2018,3,111.93478260869566,28.6115923,77.2905644,2.0102689825337157,5.722492183492072,"East Delhi, Delhi, India",25,1.3223889223211875,3.6750203166419064,0.0,0.0,1.1020294377361641,1.9054589464219505
DL027,2018,4,336.1304347826087,28.6115923,77.2905644,2.0102689825337157,5.722492183492072,"East Delhi, Delhi, India",25,1.3223889223211875,3.6750203166419064,0.0,0.0,1.1020294377361641,1.9054589464219505
DL027,2019,1,247.32222222222222,28.6115923,77.2905644,2.0102689825337157,5.722492183492072,"East Delhi, Delhi, India",25,1.3223889223211875,3.6750203166419064,0.0,0.0,1.1020294377361641,1.9054589464219505
DL027,2019,2,176.7,28.6115923,77.2905644,2.0102689825337157,5.722492183492072,"East Delhi, Delhi, India",25,1.3223889223211875,3.6750203166419064,0.0,0.0,1.1020294377361641,1.9054589464219505
DL027,2019,3,92.70652173913044,28.6115923,77.2905644,2.0102689825337157,5.722492183492072,"East Delhi, Delhi, India",25,1.3223889223211875,3.6750203166419064,0.0,0.0,1.1020294377361641,1.9054589464219505
DL027,2019,4,300.1521739130435,28.6115923,77.2905644,2.0102689825337157,5.722492183492072,"East Delhi, Delhi, India",25,1.3223889223211875,3.6750203166419064,0.0,0.0,1.1020294377361641,1.9054589464219505
DL027,2020,1,217.43820224719101,28.6115923,77.2905644,2.0102689825337157,5.722492183492072,"East Delhi, Delhi, India",25,1.3223889223211875,3.6750203166419064,0.0,0.0,1.1020294377361641,1.9054589464219505
DL027,2020,2,91.49450549450549,28.6115923,77.2905644,2.0102689825337157,5.722492183492072,"East Delhi, Delhi, India",25,1.3223889223211875,3.6750203166419064,0.0,0.0,1.1020294377361641,1.9054589464219505
DL027,2020,3,69.0,28.6115923,77.2905644,2.0102689825337157,5.722492183492072,"East Delhi, Delhi, India",25,1.3223889223211875,3.6750203166419064,0.0,0.0,1.1020294377361641,1.9054589464219505
DL028,2018,1,352.5581395348837,28.672995,77.1461239,7.538122488169811,8.036932081861977,"Central Delhi, Delhi, India",27,1.1603889174802795,3.538780640881462,0.0,0.0,2.1445411344696654,2.201319745329109
DL028,2018,2,298.52272727272725,28.672995,77.1461239,7.538122488169811,8.036932081861977,"Central Delhi, Delhi, India",27,1.1603889174802795,3.538780640881462,0.0,0.0,2.1445411344696654,2.201319745329109
DL028,2018,3,215.1304347826087,28.672995,77.1461239,7.538122488169811,8.036932081861977,"Central Delhi, Delhi, India",27,1.1603889174802795,3.538780640881462,0.0,0.0,2.1445411344696654,2.201319745329109
DL028,2018,4,375.4021739130435,28.672995,77.1461239,7.538122488169811,8.036932081861977,"Central Delhi, Delhi, India",27,1.1603889174802795,3.538780640881462,0.0,0.0,2.1445411344696654,2.201319745329109
DL028,2019,1,316.5681818181818,28.672995,77.1461239,7.538122488169811,8.036932081861977,"Central Delhi, Delhi, India",27,1.1603889174802795,3.538780640881462,0.0,0.0,2.1445411344696654,2.201319745329109
DL028,2019,2,296.3333333333333,28.672995,77.1461239,7.538122488169811,8.036932081861977,"Central Delhi, Delhi, India",27,1.1603889174802795,3.538780640881462,0.0,0.0,2.1445411344696654,2.201319745329109
DL028,2019,3,155.91304347826087,28.672995,77.1461239,7.538122488169811,8.036932081861977,"Central Delhi, Delhi, India",27,1.1603889174802795,3.538780640881462,0.0,0.0,2.1445411344696654,2.201319745329109
DL028,2019,4,342.6333333333333,28.672995,77.1461239,7.538122488169811,8.036932081861977,"Central Delhi, Delhi, India",27,1.1603889174802795,3.538780640881462,0.0,0.0,2.1445411344696654,2.201319745329109
DL028,2020,1,272.7752808988764,28.672995,77.1461239,7.538122488169811,8.036932081861977,"Central Delhi, Delhi, India",27,1.1603889174802795,3.538780640881462,0.0,0.0,2.1445411344696654,2.201319745329109
DL028,2020,2,152.14634146341464,28.672995,77.1461239,7.538122488169811,8.036932081861977,"Central Delhi, Delhi, India",27,1.1603889174802795,3.538780640881462,0.0,0.0,2.1445411344696654,2.201319745329109
DL028,2020,3,94.0,28.672995,77.1461239,7.538122488169811,8.036932081861977,"Central Delhi, Delhi, India",27,1.1603889174802795,3.538780640881462,0.0,0.0,2.1445411344696654,2.201319745329109
DL029,2018,3,119.32584269662921,28.6362997,77.1576444,5.580740381787127,7.710761693841799,"New Delhi, Delhi, India",26,1.143448807176042,3.3921748278596002,0.0,0.0,1.884147259035761,2.164559237539324
DL029,2018,4,328.70454545454544,28.6362997,77.1576444,5.580740381787127,7.710761693841799,"New Delhi, Delhi, India",26,1.143448807176042,3.3921748278596002,0.0,0.0,1.884147259035761,2.164559237539324
DL029,2019,1,260.6777777777778,28.6362997,77.1576444,5.580740381787127,7.710761693841799,"New Delhi, Delhi, India",26,1.143448807176042,3.3921748278596002,0.0,0.0,1.884147259035761,2.164559237539324
DL029,2019,2,196.45555555555555,28.6362997,77.1576444,5.580740381787127,7.710761693841799,"New Delhi, Delhi, India",26,1.143448807176042,3.3921748278596002,0.0,0.0,1.884147259035761,2.164559237539324
DL029,2019,3,105.71428571428571,28.6362997,77.1576444,5.580740381787127,7.710761693841799,"New Delhi, Delhi, India",26,1.143448807176042,3.3921748278596002,0.0,0.0,1.884147259035761,2.164559237539324
DL029,2019,4,317.2307692307692,28.6362997,77.1576444,5.580740381787127,7.710761693841799,"New Delhi, Delhi, India",26,1.143448807176042,3.3921748278596002,0.0,0.0,1.884147259035761,2.164559237539324
DL029,2020,1,233.91011235955057,28.6362997,77.1576444,5.580740381787127,7.710761693841799,"New Delhi, Delhi, India",26,1.143448807176042,3.3921748278596002,0.0,0.0,1.884147259035761,2.164559237539324
DL029,2020,2,125.05172413793103,28.6362997,77.1576444,5.580740381787127,7.710761693841799,"New Delhi, Delhi, India",26,1.143448807176042,3.3921748278596002,0.0,0.0,1.884147259035761,2.164559237539324
DL029,2020,3,97.0,28.6362997,77.1576444,5.580740381787127,7.710761693841799,"New Delhi, Delhi, India",26,1.143448807176042,3.3921748278596002,0.0,0.0,1.884147259035761,2.164559237539324
DL030,2018,1,208.53333333333333,28.6362997,77.1576444,5.580740381787127,7.710761693841799,"New Delhi, Delhi, India",26,1.143448807176042,3.3921748278596002,0.0,0.0,1.884147259035761,2.164559237539324
DL030,2018,2,167.9047619047619,28.6362997,77.1576444,5.580740381787127,7.710761693841799,"New Delhi, Delhi, India",26,1.143448807176042,3.3921748278596002,0.0,0.0,1.884147259035761,2.164559237539324
DL030,2018,3,96.68478260869566,28.6362997,77.1576444,5.580740381787127,7.710761693841799,"New Delhi, Delhi, India",26,1.143448807176042,3.3921748278596002,0.0,0.0,1.884147259035761,2.164559237539324
DL030,2018,4,288.86206896551727,28.6362997,77.1576444,5.580740381787127,7.710761693841799,"New Delhi, Delhi, India",26,1.143448807176042,3.3921748278596002,0.0,0.0,1.884147259035761,2.164559237539324
DL030,2019,1,199.1046511627907,28.6362997,77.1576444,5.580740381787127,7.710761693841799,"New Delhi, Delhi, India",26,1.143448807176042,3.3921748278596002,0.0,0.0,1.884147259035761,2.164559237539324
DL030,2019,2,159.54444444444445,28.6362997,77.1576444,5.580740381787127,7.710761693841799,"New Delhi, Delhi, India",26,1.143448807176042,3.3921748278596002,0.0,0.0,1.884147259035761,2.164559237539324
DL030,2019,3,83.47826086956522,28.6362997,77.1576444,5.580740381787127,7.710761693841799,"New Delhi, Delhi, India",26,1.143448807176042,3.3921748278596002,0.0,0.0,1.884147259035761,2.164559237539324
DL030,2019,4,268.6630434782609,28.6362997,77.1576444,5.580740381787127,7.710761693841799,"New Delhi, Delhi, India",26,1.143448807176042,3.3921748278596002,0.0,0.0,1.884147259035761,2.164559237539324
DL030,2020,1,164.1868131868132,28.6362997,77.1576444,5.580740381787127,7.710761693841799,"New Delhi, Delhi, India",26,1.143448807176042,3.3921748278596002,0.0,0.0,1.884147259035761,2.164559237539324
DL030,2020,2,125.71739130434783,28.6362997,77.1576444,5.580740381787127,7.710761693841799,"New Delhi, Delhi, India",26,1.143448807176042,3.3921748278596002,0.0,0.0,1.884147259035761,2.164559237539324
DL030,2020,3,101.0,28.6362997,77.1576444,5.580740381787127,7.710761693841799,"New Delhi, Delhi, India",26,1.143448807176042,3.3921748278596002,0.0,0.0,1.884147259035761,2.164559237539324
DL031,2018,1,309.5681818181818,28.5503805,77.1855231,6.389737460211515,7.518367040306484,"South Delhi, New Delhi, Delhi, India",25,1.0204209296872992,3.012117245189029,0.0,0.0,2.000092207970647,2.1422246605358697
DL031,2018,2,228.58620689655172,28.5503805,77.1855231,6.389737460211515,7.518367040306484,"South Delhi, New Delhi, Delhi, India",25,1.0204209296872992,3.012117245189029,0.0,0.0,2.000092207970647,2.1422246605358697
DL031,2018,3,115.75,28.5503805,77.1855231,6.389737460211515,7.518367040306484,"South Delhi, New Delhi, Delhi, India",25,1.0204209296872992,3.012117245189029,0.0,0.0,2.000092207970647,2.1422246605358697
DL031,2018,4,355.1630434782609,28.5503805,77.1855231,6.389737460211515,7.518367040306484,"South Delhi, New Delhi, Delhi, India",25,1.0204209296872992,3.012117245189029,0.0,0.0,2.000092207970647,2.1422246605358697
DL031,2019,1,286.1744186046512,28.5503805,77.1855231,6.389737460211515,7.518367040306484,"South Delhi, New Delhi, Delhi, India",25,1.0204209296872992,3.012117245189029,0.0,0.0,2.000092207970647,2.1422246605358697
DL031,2019,2,188.7888888888889,28.5503805,77.1855231,6.389737460211515,7.518367040306484,"South Delhi, New Delhi, Delhi, India",25,1.0204209296872992,3.012117245189029,0.0,0.0,2.000092207970647,2.1422246605358697
DL031,2019,3,115.3956043956044,28.5503805,77.1855231,6.389737460211515,7.518367040306484,"South Delhi, New Delhi, Delhi, India",25,1.0204209296872992,3.012117245189029,0.0,0.0,2.000092207970647,2.1422246605358697
DL031,2019,4,283.57608695652175,28.5503805,77.1855231,6.389737460211515,7.518367040306484,"South Delhi, New Delhi, Delhi, India",25,1.0204209296872992,3.012117245189029,0.0,0.0,2.000092207970647,2.1422246605358697
DL031,2020,1,201.54945054945054,28.5503805,77.1855231,6.389737460211515,7.518367040306484,"South Delhi, New Delhi, Delhi, India",25,1.0204209296872992,3.012117245189029,0.0,0.0,2.000092207970647,2.1422246605358697
DL031,2020,2,104.0,28.5503805,77.1855231,6.389737460211515,7.518367040306484,"South Delhi, New Delhi, Delhi, India",25,1.0204209296872992,3.012117245189029,0.0,0.0,2.000092207970647,2.1422246605358697
DL031,2020,3,73.0,28.5503805,77.1855231,6.389737460211515,7.518367040306484,"South Delhi, New Delhi, Delhi, India",25,1.0204209296872992,3.012117245189029,0.0,0.0,2.000092207970647,2.1422246605358697
DL032,2018,1,307.2631578947368,28.7162092,77.1170743,4.437810142281659,5.826342441882947,"North Delhi, Delhi, India",27,1.19530478122469,3.783074692060948,0.0,0.0,1.6933764324492118,1.9207890165105252
DL032,2018,2,270.02272727272725,28.7162092,77.1170743,4.437810142281659,5.826342441882947,"North Delhi, Delhi, India",27,1.19530478122469,3.783074692060948,0.0,0.0,1.6933764324492118,1.9207890165105252
DL032,2018,3,115.2967032967033,28.7162092,77.1170743,4.437810142281659,5.826342441882947,"North Delhi, Delhi, India",27,1.19530478122469,3.783074692060948,0.0,0.0,1.6933764324492118,1.9207890165105252
DL032,2018,4,422.1123595505618,28.7162092,77.1170743,4.437810142281659,5.826342441882947,"North Delhi, Delhi, India",27,1.19530478122469,3.783074692060948,0.0,0.0,1.6933764324492118,1.9207890165105252
DL032,2019,1,316.93333333333334,28.7162092,77.1170743,4.437810142281659,5.826342441882947,"North Delhi, Delhi, India",27,1.19530478122469,3.783074692060948,0.0,0.0,1.6933764324492118,1.9207890165105252
DL032,2019,2,232.20224719101122,28.7162092,77.1170743,4.437810142281659,5.826342441882947,"North Delhi, Delhi, India",27,1.19530478122469,3.783074692060948,0.0,0.0,1.6933764324492118,1.9207890165105252
DL032,2019,3,113.90217391304348,28.7162092,77.1170743,4.437810142281659,5.826342441882947,"North Delhi, Delhi, India",27,1.19530478122469,3.783074692060948,0.0,0.0,1.6933764324492118,1.9207890165105252
DL032,2019,4,358.4673913043478,28.7162092,77.1170743,4.437810142281659,5.826342441882947,"North Delhi, Delhi, India",27,1.19530478122469,3.783074692060948,0.0,0.0,1.6933764324492118,1.9207890165105252
DL032,2020,1,280.1868131868132,28.7162092,77.1170743,4.437810142281659,5.826342441882947,"North Delhi, Delhi, India",27,1.19530478122469,3.783074692060948,0.0,0.0,1.6933764324492118,1.9207890165105252
DL032,2020,2,142.6153846153846,28.7162092,77.1170743,4.437810142281659,5.826342441882947,"North Delhi, Delhi, India",27,1.19530478122469,3.783074692060948,0.0,0.0,1.6933764324492118,1.9207890165105252
DL032,2020,3,108.0,28.7162092,77.1170743,4.437810142281659,5.826342441882947,"North Delhi, Delhi, India",27,1.19530478122469,3.783074692060948,0.0,0.0,1.6933764324492118,1.9207890165105252
DL033,2018,1,264.5444444444444,28.6515829,77.1582587,6.4720909599294,7.6046792468740705,"New Delhi, Delhi, India",26,1.1573597652768037,3.4629686183459807,0.0,0.0,2.0111748742905347,2.152306153765287
DL033,2018,2,191.5888888888889,28.6515829,77.1582587,6.4720909599294,7.6046792468740705,"New Delhi, Delhi, India",26,1.1573597652768037,3.4629686183459807,0.0,0.0,2.0111748742905347,2.152306153765287
DL033,2018,3,99.25555555555556,28.6515829,77.1582587,6.4720909599294,7.6046792468740705,"New Delhi, Delhi, India",26,1.1573597652768037,3.4629686183459807,0.0,0.0,2.0111748742905347,2.152306153765287
DL033,2018,4,325.8369565217391,28.6515829,77.1582587,6.4720909599294,7.6046792468740705,"New Delhi, Delhi, India",26,1.1573597652768037,3.4629686183459807,0.0,0.0,2.0111748742905347,2.152306153765287
DL033,2019,1,290.94117647058823,28.6515829,77.1582587,6.4720909599294,7.6046792468740705,"New Delhi, Delhi, India",26,1.1573597652768037,3.4629686183459807,0.0,0.0,2.0111748742905347,2.152306153765287
DL033,2019,2,257.34444444444443,28.6515829,77.1582587,6.4720909599294,7.6046792468740705,"New Delhi, Delhi, India",26,1.1573597652768037,3.4629686183459807,0.0,0.0,2.0111748742905347,2.152306153765287
DL033,2019,3,117.75,28.6515829,77.1582587,6.4720909599294,7.6046792468740705,"New Delhi, Delhi, India",26,1.1573597652768037,3.4629686183459807,0.0,0.0,2.0111748742905347,2.152306153765287
DL033,2019,4,271.70652173913044,28.6515829,77.1582587,6.4720909599294,7.6046792468740705,"New Delhi, Delhi, India",26,1.1573597652768037,3.4629686183459807,0.0,0.0,2.0111748742905347,2.152306153765287
DL033,2020,1,214.95604395604394,28.6515829,77.1582587,6.4720909599294,7.6046792468740705,"New Delhi, Delhi, India",26,1.1573597652768037,3.4629686183459807,0.0,0.0,2.0111748742905347,2.152306153765287
DL033,2020,2,88.43956043956044,28.6515829,77.1582587,6.4720909599294,7.6046792468740705,"New Delhi, Delhi, India",26,1.1573597652768037,3.4629686183459807,0.0,0.0,2.0111748742905347,2.152306153765287
DL033,2020,3,84.0,28.6515829,77.1582587,6.4720909599294,7.6046792468740705,"New Delhi, Delhi, India",26,1.1573597652768037,3.4629686183459807,0.0,0.0,2.0111748742905347,2.152306153765287
DL034,2018,1,254.38333333333333,28.5501575,77.2249099,4.895477213279768,6.544345568345213,"South East Delhi, Delhi, India",25,1.0815181416039001,3.1201032446103087,0.0,0.0,1.7741854829231893,2.020798351326745
DL034,2018,2,296.8625,28.5501575,77.2249099,4.895477213279768,6.544345568345213,"South East Delhi, Delhi, India",25,1.0815181416039001,3.1201032446103087,0.0,0.0,1.7741854829231893,2.020798351326745
DL034,2018,3,151.289156626506,28.5501575,77.2249099,4.895477213279768,6.544345568345213,"South East Delhi, Delhi, India",25,1.0815181416039001,3.1201032446103087,0.0,0.0,1.7741854829231893,2.020798351326745
DL034,2018,4,335.5869565217391,28.5501575,77.2249099,4.895477213279768,6.544345568345213,"South East Delhi, Delhi, India",25,1.0815181416039001,3.1201032446103087,0.0,0.0,1.7741854829231893,2.020798351326745
DL034,2019,1,309.97777777777776,28.5501575,77.2249099,4.895477213279768,6.544345568345213,"South East Delhi, Delhi, India",25,1.0815181416039001,3.1201032446103087,0.0,0.0,1.7741854829231893,2.020798351326745
DL034,2019,2,249.65116279069767,28.5501575,77.2249099,4.895477213279768,6.544345568345213,"South East Delhi, Delhi, India",25,1.0815181416039001,3.1201032446103087,0.0,0.0,1.7741854829231893,2.020798351326745
DL034,2019,3,178.54347826086956,28.5501575,77.2249099,4.895477213279768,6.544345568345213,"South East Delhi, Delhi, India",25,1.0815181416039001,3.1201032446103087,0.0,0.0,1.7741854829231893,2.020798351326745
DL034,2019,4,353.82608695652175,28.5501575,77.2249099,4.895477213279768,6.544345568345213,"South East Delhi, Delhi, India",25,1.0815181416039001,3.1201032446103087,0.0,0.0,1.7741854829231893,2.020798351326745
DL034,2020,1,266.5054945054945,28.5501575,77.2249099,4.895477213279768,6.544345568345213,"South East Delhi, Delhi, India",25,1.0815181416039001,3.1201032446103087,0.0,0.0,1.7741854829231893,2.020798351326745
DL034,2020,2,144.02197802197801,28.5501575,77.2249099,4.895477213279768,6.544345568345213,"South East Delhi, Delhi, India",25,1.0815181416039001,3.1201032446103087,0.0,0.0,1.7741854829231893,2.020798351326745
DL034,2020,3,111.0,28.5501575,77.2249099,4.895477213279768,6.544345568345213,"South East Delhi, Delhi, India",25,1.0815181416039001,3.1201032446103087,0.0,0.0,1.7741854829231893,2.020798351326745
DL035,2018,1,283.859649122807,28.7199257,77.2481823,1.0728220051645871,3.8255389625650835,"North East Delhi, Delhi, India",27,1.5684096669512795,4.804668312824607,0.0,0.0,0.7289109663636901,1.5739224306387634
DL035,2018,2,249.95555555555555,28.7199257,77.2481823,1.0728220051645871,3.8255389625650835,"North East Delhi, Delhi, India",27,1.5684096669512795,4.804668312824607,0.0,0.0,0.7289109663636901,1.5739224306387634
DL035,2018,3,108.27777777777777,28.7199257,77.2481823,1.0728220051645871,3.8255389625650835,"North East Delhi, Delhi, India",27,1.5684096669512795,4.804668312824607,0.0,0.0,0.7289109663636901,1.5739224306387634
DL035,2018,4,364.2826086956522,28.7199257,77.2481823,1.0728220051645871,3.8255389625650835,"North East Delhi, Delhi, India",27,1.5684096669512795,4.804668312824607,0.0,0.0,0.7289109663636901,1.5739224306387634
DL035,2019,1,276.24444444444447,28.7199257,77.2481823,1.0728220051645871,3.8255389625650835,"North East Delhi, Delhi, India",27,1.5684096669512795,4.804668312824607,0.0,0.0,0.7289109663636901,1.5739224306387634
DL035,2019,2,202.62921348314606,28.7199257,77.2481823,1.0728220051645871,3.8255389625650835,"North East Delhi, Delhi, India",27,1.5684096669512795,4.804668312824607,0.0,0.0,0.7289109663636901,1.5739224306387634
DL035,2019,3,111.62222222222222,28.7199257,77.2481823,1.0728220051645871,3.8255389625650835,"North East Delhi, Delhi, India",27,1.5684096669512795,4.804668312824607,0.0,0.0,0.7289109663636901,1.5739224306387634
DL035,2019,4,310.5652173913044,28.7199257,77.2481823,1.0728220051645871,3.8255389625650835,"North East Delhi, Delhi, India",27,1.5684096669512795,4.804668312824607,0.0,0.0,0.7289109663636901,1.5739224306387634
DL035,2020,1,232.12087912087912,28.7199257,77.2481823,1.0728220051645871,3.8255389625650835,"North East Delhi, Delhi, India",27,1.5684096669512795,4.804668312824607,0.0,0.0,0.7289109663636901,1.5739224306387634
DL035,2020,2,130.05747126436782,28.7199257,77.2481823,1.0728220051645871,3.8255389625650835,"North East Delhi, Delhi, India",27,1.5684096669512795,4.804668312824607,0.0,0.0,0.7289109663636901,1.5739224306387634
DL035,2020,3,103.0,28.7199257,77.2481823,1.0728220051645871,3.8255389625650835,"North East Delhi, Delhi, India",27,1.5684096669512795,4.804668312824607,0.0,0.0,0.7289109663636901,1.5739224306387634
DL036,2018,3,100.46067415730337,28.5396291,77.2000301,5.403013277099591,7.032921528323168,"South Delhi, New Delhi, Delhi, India",25,1.029083519577397,3.0346386238028185,0.0,0.0,1.8567687041093381,2.083548288480096
DL036,2018,4,302.8478260869565,28.5396291,77.2000301,5.403013277099591,7.032921528323168,"South Delhi, New Delhi, Delhi, India",25,1.029083519577397,3.0346386238028185,0.0,0.0,1.8567687041093381,2.083548288480096
DL036,2019,1,247.96666666666667,28.5396291,77.2000301,5.403013277099591,7.032921528323168,"South Delhi, New Delhi, Delhi, India",25,1.029083519577397,3.0346386238028185,0.0,0.0,1.8567687041093381,2.083548288480096
DL036,2019,2,201.63333333333333,28.5396291,77.2000301,5.403013277099591,7.032921528323168,"South Delhi, New Delhi, Delhi, India",25,1.029083519577397,3.0346386238028185,0.0,0.0,1.8567687041093381,2.083548288480096
DL036,2019,3,99.6086956521739,28.5396291,77.2000301,5.403013277099591,7.032921528323168,"South Delhi, New Delhi, Delhi, India",25,1.029083519577397,3.0346386238028185,0.0,0.0,1.8567687041093381,2.083548288480096
DL036,2019,4,292.2173913043478,28.5396291,77.2000301,5.403013277099591,7.032921528323168,"South Delhi, New Delhi, Delhi, India",25,1.029083519577397,3.0346386238028185,0.0,0.0,1.8567687041093381,2.083548288480096
DL036,2020,1,209.4835164835165,28.5396291,77.2000301,5.403013277099591,7.032921528323168,"South Delhi, New Delhi, Delhi, India",25,1.029083519577397,3.0346386238028185,0.0,0.0,1.8567687041093381,2.083548288480096
DL036,2020,2,123.22727272727273,28.5396291,77.2000301,5.403013277099591,7.032921528323168,"South Delhi, New Delhi, Delhi, India",25,1.029083519577397,3.0346386238028185,0.0,0.0,1.8567687041093381,2.083548288480096
DL036,2020,3,60.0,28.5396291,77.2000301,5.403013277099591,7.032921528323168,"South Delhi, New Delhi, Delhi, India",25,1.029083519577397,3.0346386238028185,0.0,0.0,1.8567687041093381,2.083548288480096
DL037,2018,1,283.4561403508772,28.6691641,77.312267,2.9903750850176034,5.308129135255899,"Shahdara, Delhi, India",26,1.283721230834674,3.8365549869501163,0.0,0.0,1.3838852327535356,1.841839140555153
DL037,2018,2,229.26436781609195,28.6691641,77.312267,2.9903750850176034,5.308129135255899,"Shahdara, Delhi, India",26,1.283721230834674,3.8365549869501163,0.0,0.0,1.3838852327535356,1.841839140555153
DL037,2018,3,127.55434782608695,28.6691641,77.312267,2.9903750850176034,5.308129135255899,"Shahdara, Delhi, India",26,1.283721230834674,3.8365549869501163,0.0,0.0,1.3838852327535356,1.841839140555153
DL037,2018,4,369.57608695652175,28.6691641,77.312267,2.9903750850176034,5.308129135255899,"Shahdara, Delhi, India",26,1.283721230834674,3.8365549869501163,0.0,0.0,1.3838852327535356,1.841839140555153
DL037,2019,1,280.0111111111111,28.6691641,77.312267,2.9903750850176034,5.308129135255899,"Shahdara, Delhi, India",26,1.283721230834674,3.8365549869501163,0.0,0.0,1.3838852327535356,1.841839140555153
DL037,2019,2,219.33333333333334,28.6691641,77.312267,2.9903750850176034,5.308129135255899,"Shahdara, Delhi, India",26,1.283721230834674,3.8365549869501163,0.0,0.0,1.3838852327535356,1.841839140555153
DL037,2019,3,128.62222222222223,28.6691641,77.312267,2.9903750850176034,5.308129135255899,"Shahdara, Delhi, India",26,1.283721230834674,3.8365549869501163,0.0,0.0,1.3838852327535356,1.841839140555153
DL037,2019,4,341.69565217391306,28.6691641,77.312267,2.9903750850176034,5.308129135255899,"Shahdara, Delhi, India",26,1.283721230834674,3.8365549869501163,0.0,0.0,1.3838852327535356,1.841839140555153
DL037,2020,1,258.24175824175825,28.6691641,77.312267,2.9903750850176034,5.308129135255899,"Shahdara, Delhi, India",26,1.283721230834674,3.8365549869501163,0.0,0.0,1.3838852327535356,1.841839140555153
DL037,2020,2,124.96703296703296,28.6691641,77.312267,2.9903750850176034,5.308129135255899,"Shahdara, Delhi, India",26,1.283721230834674,3.8365549869501163,0.0,0.0,1.3838852327535356,1.841839140555153
DL037,2020,3,96.0,28.6691641,77.312267,2.9903750850176034,5.308129135255899,"Shahdara, Delhi, India",26,1.283721230834674,3.8365549869501163,0.0,0.0,1.3838852327535356,1.841839140555153
DL038,2018,1,308.8421052631579,28.6800843,77.1702212,5.130462634745456,7.139262367352757,"Central Delhi, Delhi, India",26,1.2065334237790228,3.6625309310511285,0.0,0.0,1.813270217695049,2.096699557647034
DL038,2018,2,294.05555555555554,28.6800843,77.1702212,5.130462634745456,7.139262367352757,"Central Delhi, Delhi, India",26,1.2065334237790228,3.6625309310511285,0.0,0.0,1.813270217695049,2.096699557647034
DL038,2018,3,137.58695652173913,28.6800843,77.1702212,5.130462634745456,7.139262367352757,"Central Delhi, Delhi, India",26,1.2065334237790228,3.6625309310511285,0.0,0.0,1.813270217695049,2.096699557647034
DL038,2018,4,440.39130434782606,28.6800843,77.1702212,5.130462634745456,7.139262367352757,"Central Delhi, Delhi, India",26,1.2065334237790228,3.6625309310511285,0.0,0.0,1.813270217695049,2.096699557647034
DL038,2019,1,335.44444444444446,28.6800843,77.1702212,5.130462634745456,7.139262367352757,"Central Delhi, Delhi, India",26,1.2065334237790228,3.6625309310511285,0.0,0.0,1.813270217695049,2.096699557647034
DL038,2019,2,264.03333333333336,28.6800843,77.1702212,5.130462634745456,7.139262367352757,"Central Delhi, Delhi, India",26,1.2065334237790228,3.6625309310511285,0.0,0.0,1.813270217695049,2.096699557647034
DL038,2019,3,162.64044943820224,28.6800843,77.1702212,5.130462634745456,7.139262367352757,"Central Delhi, Delhi, India",26,1.2065334237790228,3.6625309310511285,0.0,0.0,1.813270217695049,2.096699557647034
DL038,2019,4,376.2173913043478,28.6800843,77.1702212,5.130462634745456,7.139262367352757,"Central Delhi, Delhi, India",26,1.2065334237790228,3.6625309310511285,0.0,0.0,1.813270217695049,2.096699557647034
DL038,2020,1,283.71590909090907,28.6800843,77.1702212,5.130462634745456,7.139262367352757,"Central Delhi, Delhi, India",26,1.2065334237790228,3.6625309310511285,0.0,0.0,1.813270217695049,2.096699557647034
DL038,2020,2,126.35555555555555,28.6800843,77.1702212,5.130462634745456,7.139262367352757,"Central Delhi, Delhi, India",26,1.2065334237790228,3.6625309310511285,0.0,0.0,1.813270217695049,2.096699557647034
DL038,2020,3,103.0,28.6800843,77.1702212,5.130462634745456,7.139262367352757,"Central Delhi, Delhi, India",26,1.2065334237790228,3.6625309310511285,0.0,0.0,1.813270217695049,2.096699557647034
GJ001,2018,1,795.5747126436781,22.9986596,72.6114013,4.8809066637109035,19.243011831738084,"Ahmedabad, Gujarat, India",9,0.3148089889865627,0.9444269669596881,0.0,0.0,1.7717109445324413,3.007809639264676
GJ001,2018,2,437.8314606741573,22.9986596,72.6114013,4.8809066637109035,19.243011831738084,"Ahmedabad, Gujarat, India",9,0.3148089889865627,0.9444269669596881,0.0,0.0,1.7717109445324413,3.007809639264676
GJ001,2018,3,489.3820224719101,22.9986596,72.6114013,4.8809066637109035,19.243011831738084,"Ahmedabad, Gujarat, India",9,0.3148089889865627,0.9444269669596881,0.0,0.0,1.7717109445324413,3.007809639264676
GJ001,2018,4,765.3369565217391,22.9986596,72.6114013,4.8809066637109035,19.243011831738084,"Ahmedabad, Gujarat, India",9,0.3148089889865627,0.9444269669596881,0.0,0.0,1.7717109445324413,3.007809639264676
GJ001,2019,1,641.8888888888889,22.9986596,72.6114013,4.8809066637109035,19.243011831738084,"Ahmedabad, Gujarat, India",9,0.3148089889865627,0.9444269669596881,0.0,0.0,1.7717109445324413,3.007809639264676
GJ001,2019,2,478.2048192771084,22.9986596,72.6114013,4.8809066637109035,19.243011831738084,"Ahmedabad, Gujarat, India",9,0.3148089889865627,0.9444269669596881,0.0,0.0,1.7717109445324413,3.007809639264676
GJ001,2019,3,488.92045454545456,22.9986596,72.6114013,4.8809066637109035,19.243011831738084,"Ahmedabad, Gujarat, India",9,0.3148089889865627,0.9444269669596881,0.0,0.0,1.7717109445324413,3.007809639264676
GJ001,2019,4,453.5164835164835,22.9986596,72.6114013,4.8809066637109035,19.243011831738084,"Ahmedabad, Gujarat, India",9,0.3148089889865627,0.9444269669596881,0.0,0.0,1.7717109445324413,3.007809639264676
GJ001,2020,1,373.8139534883721,22.9986596,72.6114013,4.8809066637109035,19.243011831738084,"Ahmedabad, Gujarat, India",9,0.3148089889865627,0.9444269669596881,0.0,0.0,1.7717109445324413,3.007809639264676
GJ001,2020,2,116.14606741573034,22.9986596,72.6114013,4.8809066637109035,19.243011831738084,"Ahmedabad, Gujarat, India",9,0.3148089889865627,0.9444269669596881,0.0,0.0,1.7717109445324413,3.007809639264676
GJ001,2020,3,119.0,22.9986596,72.6114013,4.8809066637109035,19.243011831738084,"Ahmedabad, Gujarat, India",9,0.3148089889865627,0.9444269669596881,0.0,0.0,1.7717109445324413,3.007809639264676
HR011,2018,1,296.2345679012346,28.4241193,77.1459602,8.540332817862806,16.41396052583062,"South Delhi, New Delhi, Delhi, India",25,0.695532840135277,2.1937990978850226,0.0,0.0,2.2555283714201013,2.857272213597298
HR011,2018,2,188.44827586206895,28.4241193,77.1459602,8.540332817862806,16.41396052583062,"South Delhi, New Delhi, Delhi, India",25,0.695532840135277,2.1937990978850226,0.0,0.0,2.2555283714201013,2.857272213597298
HR011,2018,3,174.0,28.4241193,77.1459602,8.540332817862806,16.41396052583062,"South Delhi, New Delhi, Delhi, India",25,0.695532840135277,2.1937990978850226,0.0,0.0,2.2555283714201013,2.857272213597298
HR011,2018,4,320.53932584269666,28.4241193,77.1459602,8.540332817862806,16.41396052583062,"South Delhi, New Delhi, Delhi, India",25,0.695532840135277,2.1937990978850226,0.0,0.0,2.2555283714201013,2.857272213597298
HR011,2019,1,208.8372093023256,28.4241193,77.1459602,8.540332817862806,16.41396052583062,"South Delhi, New Delhi, Delhi, India",25,0.695532840135277,2.1937990978850226,0.0,0.0,2.2555283714201013,2.857272213597298
HR011,2019,2,203.77777777777777,28.4241193,77.1459602,8.540332817862806,16.41396052583062,"South Delhi, New Delhi, Delhi, India",25,0.695532840135277,2.1937990978850226,0.0,0.0,2.2555283714201013,2.857272213597298
HR011,2019,3,105.84883720930233,28.4241193,77.1459602,8.540332817862806,16.41396052583062,"South Delhi, New Delhi, Delhi, India",25,0.695532840135277,2.1937990978850226,0.0,0.0,2.2555283714201013,2.857272213597298
HR011,2019,4,308.09090909090907,28.4241193,77.1459602,8.540332817862806,16.41396052583062,"South Delhi, New Delhi, Delhi, India",25,0.695532840135277,2.1937990978850226,0.0,0.0,2.2555283714201013,2.857272213597298
HR011,2020,1,190.54945054945054,28.4241193,77.1459602,8.540332817862806,16.41396052583062,"South Delhi, New Delhi, Delhi, India",25,0.695532840135277,2.1937990978850226,0.0,0.0,2.2555283714201013,2.857272213597298
HR011,2020,2,106.65934065934066,28.4241193,77.1459602,8.540332817862806,16.41396052583062,"South Delhi, New Delhi, Delhi, India",25,0.695532840135277,2.1937990978850226,0.0,0.0,2.2555283714201013,2.857272213597298
HR011,2020,3,109.0,28.4241193,77.1459602,8.540332817862806,16.41396052583062,"South Delhi, New Delhi, Delhi, India",25,0.695532840135277,2.1937990978850226,0.0,0.0,2.2555283714201013,2.857272213597298
HR012,2020,1,146.15384615384616,28.4287011,77.0666877,13.575279639564721,20.040936912555143,"South Delhi, New Delhi, Delhi, India",25,0.6373140619572308,2.0351664553536684,0.0,0.0,2.679326918300511,3.0464699169424834
HR012,2020,2,156.13186813186815,28.4287011,77.0666877,13.575279639564721,20.040936912555143,"South Delhi, New Delhi, Delhi, India",25,0.6373140619572308,2.0351664553536684,0.0,0.0,2.679326918300511,3.0464699169424834
HR012,2020,3,168.0,28.4287011,77.0666877,13.575279639564721,20.040936912555143,"South Delhi, New Delhi, Delhi, India",25,0.6373140619572308,2.0351664553536684,0.0,0.0,2.679326918300511,3.0464699169424834
HR013,2020,1,118.83333333333333,28.4271632,77.1488113,8.113836597114597,15.991758034557819,"South Delhi, New Delhi, Delhi, India",24,0.6952184761180654,2.180564821190344,0.0,0.0,2.209793763902671,2.8327284049956756
HR013,2020,2,114.2967032967033,28.4271632,77.1488113,8.113836597114597,15.991758034557819,"South Delhi, New Delhi, Delhi, India",24,0.6952184761180654,2.180564821190344,0.0,0.0,2.209793763902671,2.8327284049956756
HR013,2020,3,119.0,28.4271632,77.1488113,8.113836597114597,15.991758034557819,"South Delhi, New Delhi, Delhi, India",24,0.6952184761180654,2.180564821190344,0.0,0.0,2.209793763902671,2.8327284049956756
HR014,2018,1,277.48837209302326,28.4501285,77.0259189,16.241878913895736,19.45495415908002,"South Delhi, New Delhi, Delhi, India",26,0.643390219260298,2.067213055065357,0.0,0.0,2.847341245021845,3.0182251103170086
HR014,2018,2,277.7317073170732,28.4501285,77.0259189,16.241878913895736,19.45495415908002,"South Delhi, New Delhi, Delhi, India",26,0.643390219260298,2.067213055065357,0.0,0.0,2.847341245021845,3.0182251103170086
HR014,2018,3,123.98823529411764,28.4501285,77.0259189,16.241878913895736,19.45495415908002,"South Delhi, New Delhi, Delhi, India",26,0.643390219260298,2.067213055065357,0.0,0.0,2.847341245021845,3.0182251103170086
HR014,2018,4,292.25882352941176,28.4501285,77.0259189,16.241878913895736,19.45495415908002,"South Delhi, New Delhi, Delhi, India",26,0.643390219260298,2.067213055065357,0.0,0.0,2.847341245021845,3.0182251103170086
HR014,2019,1,215.04597701149424,28.4501285,77.0259189,16.241878913895736,19.45495415908002,"South Delhi, New Delhi, Delhi, India",26,0.643390219260298,2.067213055065357,0.0,0.0,2.847341245021845,3.0182251103170086
HR014,2019,2,213.02325581395348,28.4501285,77.0259189,16.241878913895736,19.45495415908002,"South Delhi, New Delhi, Delhi, India",26,0.643390219260298,2.067213055065357,0.0,0.0,2.847341245021845,3.0182251103170086
HR014,2019,3,75.6923076923077,28.4501285,77.0259189,16.241878913895736,19.45495415908002,"South Delhi, New Delhi, Delhi, India",26,0.643390219260298,2.067213055065357,0.0,0.0,2.847341245021845,3.0182251103170086
HR014,2019,4,240.6413043478261,28.4501285,77.0259189,16.241878913895736,19.45495415908002,"South Delhi, New Delhi, Delhi, India",26,0.643390219260298,2.067213055065357,0.0,0.0,2.847341245021845,3.0182251103170086
HR014,2020,1,175.59550561797752,28.4501285,77.0259189,16.241878913895736,19.45495415908002,"South Delhi, New Delhi, Delhi, India",26,0.643390219260298,2.067213055065357,0.0,0.0,2.847341245021845,3.0182251103170086
HR014,2020,2,144.11494252873564,28.4501285,77.0259189,16.241878913895736,19.45495415908002,"South Delhi, New Delhi, Delhi, India",26,0.643390219260298,2.067213055065357,0.0,0.0,2.847341245021845,3.0182251103170086
HR014,2020,3,231.0,28.4501285,77.0259189,16.241878913895736,19.45495415908002,"South Delhi, New Delhi, Delhi, India",26,0.643390219260298,2.067213055065357,0.0,0.0,2.847341245021845,3.0182251103170086
JH001,2018,1,155.48648648648648,23.7085277,86.4133652,9.841561530442677,26.3586970275218,"Dhanbad, Jharkhand, India",10,0.2550209976320716,1.0074743555549048,0.0,0.0,2.3833870382607802,3.309034468357234
JH001,2018,2,119.16666666666667,23.7085277,86.4133652,9.841561530442677,26.3586970275218,"Dhanbad, Jharkhand, India",10,0.2550209976320716,1.0074743555549048,0.0,0.0,2.3833870382607802,3.309034468357234
JH001,2018,3,102.62121212121212,23.7085277,86.4133652,9.841561530442677,26.3586970275218,"Dhanbad, Jharkhand, India",10,0.2550209976320716,1.0074743555549048,0.0,0.0,2.3833870382607802,3.309034468357234
JH001,2018,4,300.8767123287671,23.7085277,86.4133652,9.841561530442677,26.3586970275218,"Dhanbad, Jharkhand, India",10,0.2550209976320716,1.0074743555549048,0.0,0.0,2.3833870382607802,3.309034468357234
JH001,2019,1,222.82954545454547,23.7085277,86.4133652,9.841561530442677,26.3586970275218,"Dhanbad, Jharkhand, India",10,0.2550209976320716,1.0074743555549048,0.0,0.0,2.3833870382607802,3.309034468357234
JH001,2019,2,123.92857142857143,23.7085277,86.4133652,9.841561530442677,26.3586970275218,"Dhanbad, Jharkhand, India",10,0.2550209976320716,1.0074743555549048,0.0,0.0,2.3833870382607802,3.309034468357234
JH001,2019,3,98.52,23.7085277,86.4133652,9.841561530442677,26.3586970275218,"Dhanbad, Jharkhand, India",10,0.2550209976320716,1.0074743555549048,0.0,0.0,2.3833870382607802,3.309034468357234
JH001,2019,4,164.41666666666666,23.7085277,86.4133652,9.841561530442677,26.3586970275218,"Dhanbad, Jharkhand, India",10,0.2550209976320716,1.0074743555549048,0.0,0.0,2.3833870382607802,3.309034468357234
JH001,2020,1,164.54285714285714,23.7085277,86.4133652,9.841561530442677,26.3586970275218,"Dhanbad, Jharkhand, India",10,0.2550209976320716,1.0074743555549048,0.0,0.0,2.3833870382607802,3.309034468357234
JH001,2020,2,131.21978021978023,23.7085277,86.4133652,9.841561530442677,26.3586970275218,"Dhanbad, Jharkhand, India",10,0.2550209976320716,1.0074743555549048,0.0,0.0,2.3833870382607802,3.309034468357234
JH001,2020,3,86.0,23.7085277,86.4133652,9.841561530442677,26.3586970275218,"Dhanbad, Jharkhand, India",10,0.2550209976320716,1.0074743555549048,0.0,0.0,2.3833870382607802,3.309034468357234
KA002,2018,1,86.72,12.9140008,77.6102821,7.801117598553856,32.5107134072521,"Bengaluru Urban, Karnataka, India",8,0.2275395671022579,0.6952020701602759,0.0,0.0,2.17487871325603,3.511865190906432
KA002,2018,2,97.01612903225806,12.9140008,77.6102821,7.801117598553856,32.5107134072521,"Bengaluru Urban, Karnataka, India",8,0.2275395671022579,0.6952020701602759,0.0,0.0,2.17487871325603,3.511865190906432
KA002,2018,3,67.15294117647059,12.9140008,77.6102821,7.801117598553856,32.5107134072521,"Bengaluru Urban, Karnataka, India",8,0.2275395671022579,0.6952020701602759,0.0,0.0,2.17487871325603,3.511865190906432
KA002,2018,4,125.72826086956522,12.9140008,77.6102821,7.801117598553856,32.5107134072521,"Bengaluru Urban, Karnataka, India",8,0.2275395671022579,0.6952020701602759,0.0,0.0,2.17487871325603,3.511865190906432
KA002,2019,1,126.9080459770115,12.9140008,77.6102821,7.801117598553856,32.5107134072521,"Bengaluru Urban, Karnataka, India",8,0.2275395671022579,0.6952020701602759,0.0,0.0,2.17487871325603,3.511865190906432
KA002,2019,2,110.1685393258427,12.9140008,77.6102821,7.801117598553856,32.5107134072521,"Bengaluru Urban, Karnataka, India",8,0.2275395671022579,0.6952020701602759,0.0,0.0,2.17487871325603,3.511865190906432
KA002,2019,3,63.10989010989011,12.9140008,77.6102821,7.801117598553856,32.5107134072521,"Bengaluru Urban, Karnataka, India",8,0.2275395671022579,0.6952020701602759,0.0,0.0,2.17487871325603,3.511865190906432
KA002,2019,4,79.46052631578948,12.9140008,77.6102821,7.801117598553856,32.5107134072521,"Bengaluru Urban, Karnataka, India",8,0.2275395671022579,0.6952020701602759,0.0,0.0,2.17487871325603,3.511865190906432
KA002,2020,1,68.45555555555555,12.9140008,77.6102821,7.801117598553856,32.5107134072521,"Bengaluru Urban, Karnataka, India",8,0.2275395671022579,0.6952020701602759,0.0,0.0,2.17487871325603,3.511865190906432
KA002,2020,2,74.14285714285714,12.9140008,77.6102821,7.801117598553856,32.5107134072521,"Bengaluru Urban, Karnataka, India",8,0.2275395671022579,0.6952020701602759,0.0,0.0,2.17487871325603,3.511865190906432
KA002,2020,3,45.0,12.9140008,77.6102821,7.801117598553856,32.5107134072521,"Bengaluru Urban, Karnataka, India",8,0.2275395671022579,0.6952020701602759,0.0,0.0,2.17487871325603,3.511865190906432
KA003,2018,1,95.0609756097561,12.9721727,77.5129318,15.245695493555932,30.74159244042288,"Bengaluru Urban, Karnataka, India",8,0.1831535819385277,0.560349226377935,0.0,0.0,2.787827980981227,3.457627885245608
KA003,2018,2,64.33846153846154,12.9721727,77.5129318,15.245695493555932,30.74159244042288,"Bengaluru Urban, Karnataka, India",8,0.1831535819385277,0.560349226377935,0.0,0.0,2.787827980981227,3.457627885245608
KA003,2018,3,55.65555555555556,12.9721727,77.5129318,15.245695493555932,30.74159244042288,"Bengaluru Urban, Karnataka, India",8,0.1831535819385277,0.560349226377935,0.0,0.0,2.787827980981227,3.457627885245608
KA003,2018,4,91.91208791208791,12.9721727,77.5129318,15.245695493555932,30.74159244042288,"Bengaluru Urban, Karnataka, India",8,0.1831535819385277,0.560349226377935,0.0,0.0,2.787827980981227,3.457627885245608
KA003,2019,1,102.29577464788733,12.9721727,77.5129318,15.245695493555932,30.74159244042288,"Bengaluru Urban, Karnataka, India",8,0.1831535819385277,0.560349226377935,0.0,0.0,2.787827980981227,3.457627885245608
KA003,2019,2,129.53086419753086,12.9721727,77.5129318,15.245695493555932,30.74159244042288,"Bengaluru Urban, Karnataka, India",8,0.1831535819385277,0.560349226377935,0.0,0.0,2.787827980981227,3.457627885245608
KA003,2019,3,89.73417721518987,12.9721727,77.5129318,15.245695493555932,30.74159244042288,"Bengaluru Urban, Karnataka, India",8,0.1831535819385277,0.560349226377935,0.0,0.0,2.787827980981227,3.457627885245608
KA003,2019,4,102.68888888888888,12.9721727,77.5129318,15.245695493555932,30.74159244042288,"Bengaluru Urban, Karnataka, India",8,0.1831535819385277,0.560349226377935,0.0,0.0,2.787827980981227,3.457627885245608
KA003,2020,1,124.51190476190476,12.9721727,77.5129318,15.245695493555932,30.74159244042288,"Bengaluru Urban, Karnataka, India",8,0.1831535819385277,0.560349226377935,0.0,0.0,2.787827980981227,3.457627885245608
KA003,2020,2,107.10169491525424,12.9721727,77.5129318,15.245695493555932,30.74159244042288,"Bengaluru Urban, Karnataka, India",8,0.1831535819385277,0.560349226377935,0.0,0.0,2.787827980981227,3.457627885245608
KA003,2020,3,44.0,12.9721727,77.5129318,15.245695493555932,30.74159244042288,"Bengaluru Urban, Karnataka, India",8,0.1831535819385277,0.560349226377935,0.0,0.0,2.787827980981227,3.457627885245608
KA004,2018,2,56.0,12.9556699,77.5402492,12.387451748084713,30.801620285420828,"Bengaluru Urban, Karnataka, India",8,0.19414502878783016,0.5937526577049772,0.0,0.0,2.5943178315159967,3.459517240859827
KA004,2018,3,68.17582417582418,12.9556699,77.5402492,12.387451748084713,30.801620285420828,"Bengaluru Urban, Karnataka, India",8,0.19414502878783016,0.5937526577049772,0.0,0.0,2.5943178315159967,3.459517240859827
KA004,2018,4,119.18478260869566,12.9556699,77.5402492,12.387451748084713,30.801620285420828,"Bengaluru Urban, Karnataka, India",8,0.19414502878783016,0.5937526577049772,0.0,0.0,2.5943178315159967,3.459517240859827
KA004,2019,1,150.57777777777778,12.9556699,77.5402492,12.387451748084713,30.801620285420828,"Bengaluru Urban, Karnataka, India",8,0.19414502878783016,0.5937526577049772,0.0,0.0,2.5943178315159967,3.459517240859827
KA004,2019,2,99.41772151898734,12.9556699,77.5402492,12.387451748084713,30.801620285420828,"Bengaluru Urban, Karnataka, India",8,0.19414502878783016,0.5937526577049772,0.0,0.0,2.5943178315159967,3.459517240859827
KA004,2019,3,52.83516483516483,12.9556699,77.5402492,12.387451748084713,30.801620285420828,"Bengaluru Urban, Karnataka, India",8,0.19414502878783016,0.5937526577049772,0.0,0.0,2.5943178315159967,3.459517240859827
KA004,2019,4,99.91011235955057,12.9556699,77.5402492,12.387451748084713,30.801620285420828,"Bengaluru Urban, Karnataka, India",8,0.19414502878783016,0.5937526577049772,0.0,0.0,2.5943178315159967,3.459517240859827
KA004,2020,1,110.21666666666667,12.9556699,77.5402492,12.387451748084713,30.801620285420828,"Bengaluru Urban, Karnataka, India",8,0.19414502878783016,0.5937526577049772,0.0,0.0,2.5943178315159967,3.459517240859827
KA004,2020,2,66.75,12.9556699,77.5402492,12.387451748084713,30.801620285420828,"Bengaluru Urban, Karnataka, India",8,0.19414502878783016,0.5937526577049772,0.0,0.0,2.5943178315159967,3.459517240859827
KA004,2020,3,52.0,12.9556699,77.5402492,12.387451748084713,30.801620285420828,"Bengaluru Urban, Karnataka, India",8,0.19414502878783016,0.5937526577049772,0.0,0.0,2.5943178315159967,3.459517240859827
KA005,2018,1,125.0909090909091,12.9781739,77.5695603,9.152552898767789,30.493922081930496,"Bengaluru Urban, Karnataka, India",8,0.2179815208571909,0.6654197212812835,0.0,0.0,2.3177251909826473,3.4497945774343997
KA005,2018,2,114.88888888888889,12.9781739,77.5695603,9.152552898767789,30.493922081930496,"Bengaluru Urban, Karnataka, India",8,0.2179815208571909,0.6654197212812835,0.0,0.0,2.3177251909826473,3.4497945774343997
KA005,2018,3,103.22222222222223,12.9781739,77.5695603,9.152552898767789,30.493922081930496,"Bengaluru Urban, Karnataka, India",8,0.2179815208571909,0.6654197212812835,0.0,0.0,2.3177251909826473,3.4497945774343997
KA005,2018,4,137.44155844155844,12.9781739,77.5695603,9.152552898767789,30.493922081930496,"Bengaluru Urban, Karnataka, India",8,0.2179815208571909,0.6654197212812835,0.0,0.0,2.3177251909826473,3.4497945774343997
KA005,2019,1,133.98181818181817,12.9781739,77.5695603,9.152552898767789,30.493922081930496,"Bengaluru Urban, Karnataka, India",8,0.2179815208571909,0.6654197212812835,0.0,0.0,2.3177251909826473,3.4497945774343997
KA005,2019,2,125.33333333333333,12.9781739,77.5695603,9.152552898767789,30.493922081930496,"Bengaluru Urban, Karnataka, India",8,0.2179815208571909,0.6654197212812835,0.0,0.0,2.3177251909826473,3.4497945774343997
KA005,2019,3,107.47826086956522,12.9781739,77.5695603,9.152552898767789,30.493922081930496,"Bengaluru Urban, Karnataka, India",8,0.2179815208571909,0.6654197212812835,0.0,0.0,2.3177251909826473,3.4497945774343997
KA005,2019,4,112.96923076923076,12.9781739,77.5695603,9.152552898767789,30.493922081930496,"Bengaluru Urban, Karnataka, India",8,0.2179815208571909,0.6654197212812835,0.0,0.0,2.3177251909826473,3.4497945774343997
KA005,2020,1,115.42465753424658,12.9781739,77.5695603,9.152552898767789,30.493922081930496,"Bengaluru Urban, Karnataka, India",8,0.2179815208571909,0.6654197212812835,0.0,0.0,2.3177251909826473,3.4497945774343997
KA005,2020,2,82.40350877192982,12.9781739,77.5695603,9.152552898767789,30.493922081930496,"Bengaluru Urban, Karnataka, India",8,0.2179815208571909,0.6654197212812835,0.0,0.0,2.3177251909826473,3.4497945774343997
KA006,2018,3,45.20454545454545,13.0382184,77.5919,10.10955429501868,30.373112247986796,"Bengaluru Urban, Karnataka, India",8,0.2136457046831442,0.6521319303220493,0.0,0.0,2.407805485386747,3.4459512282469746
KA006,2018,4,92.5,13.0382184,77.5919,10.10955429501868,30.373112247986796,"Bengaluru Urban, Karnataka, India",8,0.2136457046831442,0.6521319303220493,0.0,0.0,2.407805485386747,3.4459512282469746
KA006,2019,1,119.23255813953489,13.0382184,77.5919,10.10955429501868,30.373112247986796,"Bengaluru Urban, Karnataka, India",8,0.2136457046831442,0.6521319303220493,0.0,0.0,2.407805485386747,3.4459512282469746
KA006,2019,2,87.19540229885058,13.0382184,77.5919,10.10955429501868,30.373112247986796,"Bengaluru Urban, Karnataka, India",8,0.2136457046831442,0.6521319303220493,0.0,0.0,2.407805485386747,3.4459512282469746
KA006,2019,3,53.31868131868132,13.0382184,77.5919,10.10955429501868,30.373112247986796,"Bengaluru Urban, Karnataka, India",8,0.2136457046831442,0.6521319303220493,0.0,0.0,2.407805485386747,3.4459512282469746
KA006,2019,4,82.0,13.0382184,77.5919,10.10955429501868,30.373112247986796,"Bengaluru Urban, Karnataka, India",8,0.2136457046831442,0.6521319303220493,0.0,0.0,2.407805485386747,3.4459512282469746
KA006,2020,1,93.78651685393258,13.0382184,77.5919,10.10955429501868,30.373112247986796,"Bengaluru Urban, Karnataka, India",8,0.2136457046831442,0.6521319303220493,0.0,0.0,2.407805485386747,3.4459512282469746
KA006,2020,2,55.26744186046512,13.0382184,77.5919,10.10955429501868,30.373112247986796,"Bengaluru Urban, Karnataka, India",8,0.2136457046831442,0.6521319303220493,0.0,0.0,2.407805485386747,3.4459512282469746
KA006,2020,3,27.0,13.0382184,77.5919,10.10955429501868,30.373112247986796,"Bengaluru Urban, Karnataka, India",8,0.2136457046831442,0.6521319303220493,0.0,0.0,2.407805485386747,3.4459512282469746
KA007,2018,3,62.359550561797754,12.9301311,77.6012969,7.198502518242994,31.685636617188123,"Bengaluru Urban, Karnataka, India",8,0.23715715157435088,0.7237756215832061,0.0,0.0,2.1039515178667303,3.486935734225115
KA007,2018,4,103.52272727272727,12.9301311,77.6012969,7.198502518242994,31.685636617188123,"Bengaluru Urban, Karnataka, India",8,0.23715715157435088,0.7237756215832061,0.0,0.0,2.1039515178667303,3.486935734225115
KA007,2019,1,118.6875,12.9301311,77.6012969,7.198502518242994,31.685636617188123,"Bengaluru Urban, Karnataka, India",8,0.23715715157435088,0.7237756215832061,0.0,0.0,2.1039515178667303,3.486935734225115
KA007,2019,2,88.63333333333334,12.9301311,77.6012969,7.198502518242994,31.685636617188123,"Bengaluru Urban, Karnataka, India",8,0.23715715157435088,0.7237756215832061,0.0,0.0,2.1039515178667303,3.486935734225115
KA007,2019,3,45.986111111111114,12.9301311,77.6012969,7.198502518242994,31.685636617188123,"Bengaluru Urban, Karnataka, India",8,0.23715715157435088,0.7237756215832061,0.0,0.0,2.1039515178667303,3.486935734225115
KA007,2019,4,80.32467532467533,12.9301311,77.6012969,7.198502518242994,31.685636617188123,"Bengaluru Urban, Karnataka, India",8,0.23715715157435088,0.7237756215832061,0.0,0.0,2.1039515178667303,3.486935734225115
KA007,2020,1,102.68888888888888,12.9301311,77.6012969,7.198502518242994,31.685636617188123,"Bengaluru Urban, Karnataka, India",8,0.23715715157435088,0.7237756215832061,0.0,0.0,2.1039515178667303,3.486935734225115
KA007,2020,2,58.891891891891895,12.9301311,77.6012969,7.198502518242994,31.685636617188123,"Bengaluru Urban, Karnataka, India",8,0.23715715157435088,0.7237756215832061,0.0,0.0,2.1039515178667303,3.486935734225115
KA007,2020,3,30.0,12.9301311,77.6012969,7.198502518242994,31.685636617188123,"Bengaluru Urban, Karnataka, India",8,0.23715715157435088,0.7237756215832061,0.0,0.0,2.1039515178667303,3.486935734225115
KA008,2018,3,56.6625,12.9196037,77.583381,9.453021788328618,31.871042996751697,"Bengaluru Urban, Karnataka, India",8,0.21116280978796265,0.6456453982856936,0.0,0.0,2.346891102957526,3.4925921181356476
KA008,2018,4,140.1875,12.9196037,77.583381,9.453021788328618,31.871042996751697,"Bengaluru Urban, Karnataka, India",8,0.21116280978796265,0.6456453982856936,0.0,0.0,2.346891102957526,3.4925921181356476
KA008,2019,1,124.75903614457832,12.9196037,77.583381,9.453021788328618,31.871042996751697,"Bengaluru Urban, Karnataka, India",8,0.21116280978796265,0.6456453982856936,0.0,0.0,2.346891102957526,3.4925921181356476
KA008,2019,2,98.11267605633803,12.9196037,77.583381,9.453021788328618,31.871042996751697,"Bengaluru Urban, Karnataka, India",8,0.21116280978796265,0.6456453982856936,0.0,0.0,2.346891102957526,3.4925921181356476
KA008,2019,3,60.71264367816092,12.9196037,77.583381,9.453021788328618,31.871042996751697,"Bengaluru Urban, Karnataka, India",8,0.21116280978796265,0.6456453982856936,0.0,0.0,2.346891102957526,3.4925921181356476
KA008,2019,4,96.34065934065934,12.9196037,77.583381,9.453021788328618,31.871042996751697,"Bengaluru Urban, Karnataka, India",8,0.21116280978796265,0.6456453982856936,0.0,0.0,2.346891102957526,3.4925921181356476
KA008,2020,1,101.68888888888888,12.9196037,77.583381,9.453021788328618,31.871042996751697,"Bengaluru Urban, Karnataka, India",8,0.21116280978796265,0.6456453982856936,0.0,0.0,2.346891102957526,3.4925921181356476
KA008,2020,2,53.14473684210526,12.9196037,77.583381,9.453021788328618,31.871042996751697,"Bengaluru Urban, Karnataka, India",8,0.21116280978796265,0.6456453982856936,0.0,0.0,2.346891102957526,3.4925921181356476
KA008,2020,3,37.0,12.9196037,77.583381,9.453021788328618,31.871042996751697,"Bengaluru Urban, Karnataka, India",8,0.21116280978796265,0.6456453982856936,0.0,0.0,2.346891102957526,3.4925921181356476
KA009,2018,1,85.96078431372548,13.0330515,77.5332233,14.807034458270289,30.682457798826487,"Bengaluru Urban, Karnataka, India",8,0.18868725640662876,0.5767073674012517,0.0,0.0,2.76045505983027,3.4557631459705593
KA009,2018,2,60.06896551724138,13.0330515,77.5332233,14.807034458270289,30.682457798826487,"Bengaluru Urban, Karnataka, India",8,0.18868725640662876,0.5767073674012517,0.0,0.0,2.76045505983027,3.4557631459705593
KA009,2018,3,57.63333333333333,13.0330515,77.5332233,14.807034458270289,30.682457798826487,"Bengaluru Urban, Karnataka, India",8,0.18868725640662876,0.5767073674012517,0.0,0.0,2.76045505983027,3.4557631459705593
KA009,2018,4,83.90217391304348,13.0330515,77.5332233,14.807034458270289,30.682457798826487,"Bengaluru Urban, Karnataka, India",8,0.18868725640662876,0.5767073674012517,0.0,0.0,2.76045505983027,3.4557631459705593
KA009,2019,1,96.80898876404494,13.0330515,77.5332233,14.807034458270289,30.682457798826487,"Bengaluru Urban, Karnataka, India",8,0.18868725640662876,0.5767073674012517,0.0,0.0,2.76045505983027,3.4557631459705593
KA009,2019,2,94.14634146341463,13.0330515,77.5332233,14.807034458270289,30.682457798826487,"Bengaluru Urban, Karnataka, India",8,0.18868725640662876,0.5767073674012517,0.0,0.0,2.76045505983027,3.4557631459705593
KA009,2019,3,67.98648648648648,13.0330515,77.5332233,14.807034458270289,30.682457798826487,"Bengaluru Urban, Karnataka, India",8,0.18868725640662876,0.5767073674012517,0.0,0.0,2.76045505983027,3.4557631459705593
KA009,2019,4,80.70652173913044,13.0330515,77.5332233,14.807034458270289,30.682457798826487,"Bengaluru Urban, Karnataka, India",8,0.18868725640662876,0.5767073674012517,0.0,0.0,2.76045505983027,3.4557631459705593
KA009,2020,1,82.46666666666667,13.0330515,77.5332233,14.807034458270289,30.682457798826487,"Bengaluru Urban, Karnataka, India",8,0.18868725640662876,0.5767073674012517,0.0,0.0,2.76045505983027,3.4557631459705593
KA009,2020,2,63.426829268292686,13.0330515,77.5332233,14.807034458270289,30.682457798826487,"Bengaluru Urban, Karnataka, India",8,0.18868725640662876,0.5767073674012517,0.0,0.0,2.76045505983027,3.4557631459705593
KA009,2020,3,64.0,13.0330515,77.5332233,14.807034458270289,30.682457798826487,"Bengaluru Urban, Karnataka, India",8,0.18868725640662876,0.5767073674012517,0.0,0.0,2.76045505983027,3.4557631459705593
KA010,2018,1,76.94318181818181,12.990328,77.5442355,12.064513747061316,30.466225248051757,"Bengaluru Urban, Karnataka, India",8,0.1979390664362609,0.6049080795594666,0.0,0.0,2.5698996802976746,3.4489147562510016
KA010,2018,2,68.56923076923077,12.990328,77.5442355,12.064513747061316,30.466225248051757,"Bengaluru Urban, Karnataka, India",8,0.1979390664362609,0.6049080795594666,0.0,0.0,2.5698996802976746,3.4489147562510016
KA010,2018,3,55.72289156626506,12.990328,77.5442355,12.064513747061316,30.466225248051757,"Bengaluru Urban, Karnataka, India",8,0.1979390664362609,0.6049080795594666,0.0,0.0,2.5698996802976746,3.4489147562510016
KA010,2018,4,75.50561797752809,12.990328,77.5442355,12.064513747061316,30.466225248051757,"Bengaluru Urban, Karnataka, India",8,0.1979390664362609,0.6049080795594666,0.0,0.0,2.5698996802976746,3.4489147562510016
KA010,2019,1,65.0,12.990328,77.5442355,12.064513747061316,30.466225248051757,"Bengaluru Urban, Karnataka, India",8,0.1979390664362609,0.6049080795594666,0.0,0.0,2.5698996802976746,3.4489147562510016
KA010,2019,2,60.1875,12.990328,77.5442355,12.064513747061316,30.466225248051757,"Bengaluru Urban, Karnataka, India",8,0.1979390664362609,0.6049080795594666,0.0,0.0,2.5698996802976746,3.4489147562510016
KA010,2019,3,39.61538461538461,12.990328,77.5442355,12.064513747061316,30.466225248051757,"Bengaluru Urban, Karnataka, India",8,0.1979390664362609,0.6049080795594666,0.0,0.0,2.5698996802976746,3.4489147562510016
KA010,2019,4,54.93103448275862,12.990328,77.5442355,12.064513747061316,30.466225248051757,"Bengaluru Urban, Karnataka, India",8,0.1979390664362609,0.6049080795594666,0.0,0.0,2.5698996802976746,3.4489147562510016
KA010,2020,1,67.25842696629213,12.990328,77.5442355,12.064513747061316,30.466225248051757,"Bengaluru Urban, Karnataka, India",8,0.1979390664362609,0.6049080795594666,0.0,0.0,2.5698996802976746,3.4489147562510016
KA010,2020,2,53.8,12.990328,77.5442355,12.064513747061316,30.466225248051757,"Bengaluru Urban, Karnataka, India",8,0.1979390664362609,0.6049080795594666,0.0,0.0,2.5698996802976746,3.4489147562510016
KA010,2020,3,46.0,12.990328,77.5442355,12.064513747061316,30.466225248051757,"Bengaluru Urban, Karnataka, India",8,0.1979390664362609,0.6049080795594666,0.0,0.0,2.5698996802976746,3.4489147562510016
KA011,2018,2,113.0,12.9170295,77.6223209,6.798848248390639,32.64521453097074,"Bengaluru Urban, Karnataka, India",8,0.24176504821775732,0.738022718604453,0.0,0.0,2.053976062329928,3.515870832930571
KA011,2018,3,115.69767441860465,12.9170295,77.6223209,6.798848248390639,32.64521453097074,"Bengaluru Urban, Karnataka, India",8,0.24176504821775732,0.738022718604453,0.0,0.0,2.053976062329928,3.515870832930571
KA011,2018,4,103.29268292682927,12.9170295,77.6223209,6.798848248390639,32.64521453097074,"Bengaluru Urban, Karnataka, India",8,0.24176504821775732,0.738022718604453,0.0,0.0,2.053976062329928,3.515870832930571
KA011,2019,1,111.35227272727273,12.9170295,77.6223209,6.798848248390639,32.64521453097074,"Bengaluru Urban, Karnataka, India",8,0.24176504821775732,0.738022718604453,0.0,0.0,2.053976062329928,3.515870832930571
KA011,2019,2,110.07692307692308,12.9170295,77.6223209,6.798848248390639,32.64521453097074,"Bengaluru Urban, Karnataka, India",8,0.24176504821775732,0.738022718604453,0.0,0.0,2.053976062329928,3.515870832930571
KA011,2019,3,91.33333333333333,12.9170295,77.6223209,6.798848248390639,32.64521453097074,"Bengaluru Urban, Karnataka, India",8,0.24176504821775732,0.738022718604453,0.0,0.0,2.053976062329928,3.515870832930571
KA011,2019,4,78.12087912087912,12.9170295,77.6223209,6.798848248390639,32.64521453097074,"Bengaluru Urban, Karnataka, India",8,0.24176504821775732,0.738022718604453,0.0,0.0,2.053976062329928,3.515870832930571
KA011,2020,1,93.35714285714286,12.9170295,77.6223209,6.798848248390639,32.64521453097074,"Bengaluru Urban, Karnataka, India",8,0.24176504821775732,0.738022718604453,0.0,0.0,2.053976062329928,3.515870832930571
KA011,2020,2,56.95402298850575,12.9170295,77.6223209,6.798848248390639,32.64521453097074,"Bengaluru Urban, Karnataka, India",8,0.24176504821775732,0.738022718604453,0.0,0.0,2.053976062329928,3.515870832930571
KL002,2020,1,95.3125,9.9859094,76.2834722,1.8590563459173073,35.833114868581475,"Ernakulam, Kerala, India",7,0.4366683491485267,1.273518613285905,0.0,0.0,1.0504916214066575,3.6063973011023744
KL002,2020,2,90.0,9.9859094,76.2834722,1.8590563459173073,35.833114868581475,"Ernakulam, Kerala, India",7,0.4366683491485267,1.273518613285905,0.0,0.0,1.0504916214066575,3.6063973011023744
KL002,2020,3,111.0,9.9859094,76.2834722,1.8590563459173073,35.833114868581475,"Ernakulam, Kerala, India",7,0.4366683491485267,1.273518613285905,0.0,0.0,1.0504916214066575,3.6063973011023744
KL004,2020,1,129.27941176470588,9.9636706,76.3181282,2.825335405118258,33.89260042328423,"Ernakulam, Kerala, India",7,0.35125560414876683,1.0176646758617796,0.0,0.0,1.3416461510467816,3.552274784473019
KL004,2020,2,85.21348314606742,9.9636706,76.3181282,2.825335405118258,33.89260042328423,"Ernakulam, Kerala, India",7,0.35125560414876683,1.0176646758617796,0.0,0.0,1.3416461510467816,3.552274784473019
KL004,2020,3,102.0,9.9636706,76.3181282,2.825335405118258,33.89260042328423,"Ernakulam, Kerala, India",7,0.35125560414876683,1.0176646758617796,0.0,0.0,1.3416461510467816,3.552274784473019
KL007,2020,1,86.70454545454545,8.5549422,76.8855036,6.583888536793257,39.8580728176634,"Thiruvananthapuram, Kerala, India",6,0.20088458966161926,0.6264794922436361,0.0,0.0,2.026026067691929,3.710104422776987
KL007,2020,2,56.5,8.5549422,76.8855036,6.583888536793257,39.8580728176634,"Thiruvananthapuram, Kerala, India",6,0.20088458966161926,0.6264794922436361,0.0,0.0,2.026026067691929,3.710104422776987
KL008,2018,1,106.64772727272727,8.5126983,76.9473987,1.7374622694665067,40.49589888354061,"Thiruvananthapuram, Kerala, India",6,0.43263475037132826,1.324550371994977,0.0,0.0,1.0070313122043497,3.72559460027007
KL008,2018,2,66.13333333333334,8.5126983,76.9473987,1.7374622694665067,40.49589888354061,"Thiruvananthapuram, Kerala, India",6,0.43263475037132826,1.324550371994977,0.0,0.0,1.0070313122043497,3.72559460027007
KL008,2018,3,63.37362637362637,8.5126983,76.9473987,1.7374622694665067,40.49589888354061,"Thiruvananthapuram, Kerala, India",6,0.43263475037132826,1.324550371994977,0.0,0.0,1.0070313122043497,3.72559460027007
KL008,2018,4,98.1086956521739,8.5126983,76.9473987,1.7374622694665067,40.49589888354061,"Thiruvananthapuram, Kerala, India",6,0.43263475037132826,1.324550371994977,0.0,0.0,1.0070313122043497,3.72559460027007
KL008,2019,1,102.25555555555556,8.5126983,76.9473987,1.7374622694665067,40.49589888354061,"Thiruvananthapuram, Kerala, India",6,0.43263475037132826,1.324550371994977,0.0,0.0,1.0070313122043497,3.72559460027007
KL008,2019,2,67.74358974358974,8.5126983,76.9473987,1.7374622694665067,40.49589888354061,"Thiruvananthapuram, Kerala, India",6,0.43263475037132826,1.324550371994977,0.0,0.0,1.0070313122043497,3.72559460027007
KL008,2019,3,56.35164835164835,8.5126983,76.9473987,1.7374622694665067,40.49589888354061,"Thiruvananthapuram, Kerala, India",6,0.43263475037132826,1.324550371994977,0.0,0.0,1.0070313122043497,3.72559460027007
KL008,2019,4,77.65217391304348,8.5126983,76.9473987,1.7374622694665067,40.49589888354061,"Thiruvananthapuram, Kerala, India",6,0.43263475037132826,1.324550371994977,0.0,0.0,1.0070313122043497,3.72559460027007
KL008,2020,1,78.3,8.5126983,76.9473987,1.7374622694665067,40.49589888354061,"Thiruvananthapuram, Kerala, India",6,0.43263475037132826,1.324550371994977,0.0,0.0,1.0070313122043497,3.72559460027007
KL008,2020,2,50.895348837209305,8.5126983,76.9473987,1.7374622694665067,40.49589888354061,"Thiruvananthapuram, Kerala, India",6,0.43263475037132826,1.324550371994977,0.0,0.0,1.0070313122043497,3.72559460027007
KL008,2020,3,41.0,8.5126983,76.9473987,1.7374622694665067,40.49589888354061,"Thiruvananthapuram, Kerala, India",6,0.43263475037132826,1.324550371994977,0.0,0.0,1.0070313122043497,3.72559460027007
MH005,2018,2,81.14814814814815,19.0549792,72.8402203,4.572133460960162,10.792895506755295,"Mumbai Suburban, Maharashtra, India",4,0.4138425881554032,0.5788937884489745,0.0,0.0,1.717778007705401,2.467497274452559
MH005,2018,3,77.13333333333334,19.0549792,72.8402203,4.572133460960162,10.792895506755295,"Mumbai Suburban, Maharashtra, India",4,0.4138425881554032,0.5788937884489745,0.0,0.0,1.717778007705401,2.467497274452559
MH005,2018,4,144.20481927710844,19.0549792,72.8402203,4.572133460960162,10.792895506755295,"Mumbai Suburban, Maharashtra, India",4,0.4138425881554032,0.5788937884489745,0.0,0.0,1.717778007705401,2.467497274452559
MH005,2019,1,146.15555555555557,19.0549792,72.8402203,4.572133460960162,10.792895506755295,"Mumbai Suburban, Maharashtra, India",4,0.4138425881554032,0.5788937884489745,0.0,0.0,1.717778007705401,2.467497274452559
MH005,2019,2,93.83516483516483,19.0549792,72.8402203,4.572133460960162,10.792895506755295,"Mumbai Suburban, Maharashtra, India",4,0.4138425881554032,0.5788937884489745,0.0,0.0,1.717778007705401,2.467497274452559
MH005,2019,3,103.23529411764706,19.0549792,72.8402203,4.572133460960162,10.792895506755295,"Mumbai Suburban, Maharashtra, India",4,0.4138425881554032,0.5788937884489745,0.0,0.0,1.717778007705401,2.467497274452559
MH005,2019,4,115.25675675675676,19.0549792,72.8402203,4.572133460960162,10.792895506755295,"Mumbai Suburban, Maharashtra, India",4,0.4138425881554032,0.5788937884489745,0.0,0.0,1.717778007705401,2.467497274452559
MH005,2020,1,113.88235294117646,19.0549792,72.8402203,4.572133460960162,10.792895506755295,"Mumbai Suburban, Maharashtra, India",4,0.4138425881554032,0.5788937884489745,0.0,0.0,1.717778007705401,2.467497274452559
MH005,2020,2,67.46753246753246,19.0549792,72.8402203,4.572133460960162,10.792895506755295,"Mumbai Suburban, Maharashtra, India",4,0.4138425881554032,0.5788937884489745,0.0,0.0,1.717778007705401,2.467497274452559
MH005,2020,3,52.0,19.0549792,72.8402203,4.572133460960162,10.792895506755295,"Mumbai Suburban, Maharashtra, India",4,0.4138425881554032,0.5788937884489745,0.0,0.0,1.717778007705401,2.467497274452559
MH006,2019,2,51.388888888888886,19.2267228,72.8619328,12.231596420780704,15.306558334459888,"Thane, Maharashtra, India",4,0.20612813507200298,0.4882658003319568,0.0,0.0,2.5826076375728975,2.7915673786982884
MH006,2019,3,36.44444444444444,19.2267228,72.8619328,12.231596420780704,15.306558334459888,"Thane, Maharashtra, India",4,0.20612813507200298,0.4882658003319568,0.0,0.0,2.5826076375728975,2.7915673786982884
MH006,2019,4,80.95604395604396,19.2267228,72.8619328,12.231596420780704,15.306558334459888,"Thane, Maharashtra, India",4,0.20612813507200298,0.4882658003319568,0.0,0.0,2.5826076375728975,2.7915673786982884
MH006,2020,1,92.02197802197803,19.2267228,72.8619328,12.231596420780704,15.306558334459888,"Thane, Maharashtra, India",4,0.20612813507200298,0.4882658003319568,0.0,0.0,2.5826076375728975,2.7915673786982884
MH006,2020,2,62.55555555555556,19.2267228,72.8619328,12.231596420780704,15.306558334459888,"Thane, Maharashtra, India",4,0.20612813507200298,0.4882658003319568,0.0,0.0,2.5826076375728975,2.7915673786982884
MH007,2019,2,77.81818181818181,19.0965991,72.8653099,2.6339839880427536,7.752409926572814,"Mumbai, Maharashtra, India",4,0.6174971456279127,0.8193066993428337,0.0,0.0,1.2903295638120307,2.169329082628098
MH007,2019,3,76.73863636363636,19.0965991,72.8653099,2.6339839880427536,7.752409926572814,"Mumbai, Maharashtra, India",4,0.6174971456279127,0.8193066993428337,0.0,0.0,1.2903295638120307,2.169329082628098
MH007,2019,4,168.7912087912088,19.0965991,72.8653099,2.6339839880427536,7.752409926572814,"Mumbai, Maharashtra, India",4,0.6174971456279127,0.8193066993428337,0.0,0.0,1.2903295638120307,2.169329082628098
MH007,2020,1,171.73626373626374,19.0965991,72.8653099,2.6339839880427536,7.752409926572814,"Mumbai, Maharashtra, India",4,0.6174971456279127,0.8193066993428337,0.0,0.0,1.2903295638120307,2.169329082628098
MH007,2020,2,75.89772727272727,19.0965991,72.8653099,2.6339839880427536,7.752409926572814,"Mumbai, Maharashtra, India",4,0.6174971456279127,0.8193066993428337,0.0,0.0,1.2903295638120307,2.169329082628098
MH007,2020,3,67.0,19.0965991,72.8653099,2.6339839880427536,7.752409926572814,"Mumbai, Maharashtra, India",4,0.6174971456279127,0.8193066993428337,0.0,0.0,1.2903295638120307,2.169329082628098
MH008,2019,2,42.166666666666664,18.915091,72.8259691,18.694088899057864,24.902800679333982,"Mumbai Suburban, Maharashtra, India",5,0.1489295349800285,0.2910853469159097,0.0,0.0,2.9803185348327808,3.2543510971966154
MH008,2019,3,44.23913043478261,18.915091,72.8259691,18.694088899057864,24.902800679333982,"Mumbai Suburban, Maharashtra, India",5,0.1489295349800285,0.2910853469159097,0.0,0.0,2.9803185348327808,3.2543510971966154
MH008,2019,4,142.0326086956522,18.915091,72.8259691,18.694088899057864,24.902800679333982,"Mumbai Suburban, Maharashtra, India",5,0.1489295349800285,0.2910853469159097,0.0,0.0,2.9803185348327808,3.2543510971966154
MH008,2020,1,140.64835164835165,18.915091,72.8259691,18.694088899057864,24.902800679333982,"Mumbai Suburban, Maharashtra, India",5,0.1489295349800285,0.2910853469159097,0.0,0.0,2.9803185348327808,3.2543510971966154
MH008,2020,2,47.48684210526316,18.915091,72.8259691,18.694088899057864,24.902800679333982,"Mumbai Suburban, Maharashtra, India",5,0.1489295349800285,0.2910853469159097,0.0,0.0,2.9803185348327808,3.2543510971966154
MH009,2019,2,108.33333333333333,19.0655397,72.8795636,1.175777916705785,7.416043411701099,"Mumbai Suburban, Maharashtra, India",4,0.9803643324216861,1.1655445605776862,0.0,0.0,0.7773862634477706,2.1301398142164967
MH009,2019,3,111.83695652173913,19.0655397,72.8795636,1.175777916705785,7.416043411701099,"Mumbai Suburban, Maharashtra, India",4,0.9803643324216861,1.1655445605776862,0.0,0.0,0.7773862634477706,2.1301398142164967
MH009,2019,4,155.90217391304347,19.0655397,72.8795636,1.175777916705785,7.416043411701099,"Mumbai Suburban, Maharashtra, India",4,0.9803643324216861,1.1655445605776862,0.0,0.0,0.7773862634477706,2.1301398142164967
MH009,2020,1,168.57142857142858,19.0655397,72.8795636,1.175777916705785,7.416043411701099,"Mumbai Suburban, Maharashtra, India",4,0.9803643324216861,1.1655445605776862,0.0,0.0,0.7773862634477706,2.1301398142164967
MH009,2020,2,77.3,19.0655397,72.8795636,1.175777916705785,7.416043411701099,"Mumbai Suburban, Maharashtra, India",4,0.9803643324216861,1.1655445605776862,0.0,0.0,0.7773862634477706,2.1301398142164967
MH009,2020,3,116.0,19.0655397,72.8795636,1.175777916705785,7.416043411701099,"Mumbai Suburban, Maharashtra, India",4,0.9803643324216861,1.1655445605776862,0.0,0.0,0.7773862634477706,2.1301398142164967
MH010,2019,2,53.76923076923077,19.1187195,72.9073476,5.684635312615346,8.23680050655924,"Mumbai, Maharashtra, India",4,0.38381463414033634,0.6379212262077185,0.0,0.0,1.8998116559791232,2.223195560165952
MH010,2019,3,39.30769230769231,19.1187195,72.9073476,5.684635312615346,8.23680050655924,"Mumbai, Maharashtra, India",4,0.38381463414033634,0.6379212262077185,0.0,0.0,1.8998116559791232,2.223195560165952
MH010,2019,4,123.3695652173913,19.1187195,72.9073476,5.684635312615346,8.23680050655924,"Mumbai, Maharashtra, India",4,0.38381463414033634,0.6379212262077185,0.0,0.0,1.8998116559791232,2.223195560165952
MH010,2020,1,121.2967032967033,19.1187195,72.9073476,5.684635312615346,8.23680050655924,"Mumbai, Maharashtra, India",4,0.38381463414033634,0.6379212262077185,0.0,0.0,1.8998116559791232,2.223195560165952
MH010,2020,2,51.97701149425287,19.1187195,72.9073476,5.684635312615346,8.23680050655924,"Mumbai, Maharashtra, India",4,0.38381463414033634,0.6379212262077185,0.0,0.0,1.8998116559791232,2.223195560165952
MH010,2020,3,22.0,19.1187195,72.9073476,5.684635312615346,8.23680050655924,"Mumbai, Maharashtra, India",4,0.38381463414033634,0.6379212262077185,0.0,0.0,1.8998116559791232,2.223195560165952
MH011,2019,2,72.5,19.0465213,72.8632834,3.6039314148667065,9.934771464521923,"Mumbai Suburban, Maharashtra, India",4,0.49014820504472545,0.6578684495034268,0.0,0.0,1.5269105938908807,2.3919477544610364
MH011,2019,3,58.81521739130435,19.0465213,72.8632834,3.6039314148667065,9.934771464521923,"Mumbai Suburban, Maharashtra, India",4,0.49014820504472545,0.6578684495034268,0.0,0.0,1.5269105938908807,2.3919477544610364
MH011,2019,4,168.37362637362637,19.0465213,72.8632834,3.6039314148667065,9.934771464521923,"Mumbai Suburban, Maharashtra, India",4,0.49014820504472545,0.6578684495034268,0.0,0.0,1.5269105938908807,2.3919477544610364
MH011,2020,1,173.82417582417582,19.0465213,72.8632834,3.6039314148667065,9.934771464521923,"Mumbai Suburban, Maharashtra, India",4,0.49014820504472545,0.6578684495034268,0.0,0.0,1.5269105938908807,2.3919477544610364
MH011,2020,2,67.76666666666667,19.0465213,72.8632834,3.6039314148667065,9.934771464521923,"Mumbai Suburban, Maharashtra, India",4,0.49014820504472545,0.6578684495034268,0.0,0.0,1.5269105938908807,2.3919477544610364
MH011,2020,3,56.0,19.0465213,72.8632834,3.6039314148667065,9.934771464521923,"Mumbai Suburban, Maharashtra, India",4,0.49014820504472545,0.6578684495034268,0.0,0.0,1.5269105938908807,2.3919477544610364
MH012,2019,2,52.42307692307692,19.3693345,72.806127,24.650421242381576,30.532686948486585,"Thane, Maharashtra, India",5,0.13424638803321987,0.362940434911077,0.0,0.0,3.244559994186862,3.451024688717256
MH012,2019,3,42.95652173913044,19.3693345,72.806127,24.650421242381576,30.532686948486585,"Thane, Maharashtra, India",5,0.13424638803321987,0.362940434911077,0.0,0.0,3.244559994186862,3.451024688717256
MH012,2019,4,132.16666666666666,19.3693345,72.806127,24.650421242381576,30.532686948486585,"Thane, Maharashtra, India",5,0.13424638803321987,0.362940434911077,0.0,0.0,3.244559994186862,3.451024688717256
MH012,2020,1,140.44444444444446,19.3693345,72.806127,24.650421242381576,30.532686948486585,"Thane, Maharashtra, India",5,0.13424638803321987,0.362940434911077,0.0,0.0,3.244559994186862,3.451024688717256
MH012,2020,2,72.55172413793103,19.3693345,72.806127,24.650421242381576,30.532686948486585,"Thane, Maharashtra, India",5,0.13424638803321987,0.362940434911077,0.0,0.0,3.244559994186862,3.451024688717256
MH013,2019,2,58.34615384615385,19.103908,72.840301,5.004883544366361,9.760092817089244,"Mumbai, Maharashtra, India",4,0.39723652493841555,0.589794942147418,0.0,0.0,1.792573062232551,2.3758441808199695
MH013,2019,3,41.220338983050844,19.103908,72.840301,5.004883544366361,9.760092817089244,"Mumbai, Maharashtra, India",4,0.39723652493841555,0.589794942147418,0.0,0.0,1.792573062232551,2.3758441808199695
MH013,2019,4,143.16470588235293,19.103908,72.840301,5.004883544366361,9.760092817089244,"Mumbai, Maharashtra, India",4,0.39723652493841555,0.589794942147418,0.0,0.0,1.792573062232551,2.3758441808199695
MH013,2020,1,145.2888888888889,19.103908,72.840301,5.004883544366361,9.760092817089244,"Mumbai, Maharashtra, India",4,0.39723652493841555,0.589794942147418,0.0,0.0,1.792573062232551,2.3758441808199695
MH013,2020,2,48.42622950819672,19.103908,72.840301,5.004883544366361,9.760092817089244,"Mumbai, Maharashtra, India",4,0.39723652493841555,0.589794942147418,0.0,0.0,1.792573062232551,2.3758441808199695
MH013,2020,3,32.0,19.103908,72.840301,5.004883544366361,9.760092817089244,"Mumbai, Maharashtra, India",4,0.39723652493841555,0.589794942147418,0.0,0.0,1.792573062232551,2.3758441808199695
MH014,2019,2,67.0,19.0117388,72.8178706,9.510672875365726,15.834735001273833,"Mumbai Suburban, Maharashtra, India",4,0.2371038068786754,0.37766401119988974,0.0,0.0,2.3523912052339693,2.8234443115490726
MH014,2019,3,51.15217391304348,19.0117388,72.8178706,9.510672875365726,15.834735001273833,"Mumbai Suburban, Maharashtra, India",4,0.2371038068786754,0.37766401119988974,0.0,0.0,2.3523912052339693,2.8234443115490726
MH014,2019,4,141.84615384615384,19.0117388,72.8178706,9.510672875365726,15.834735001273833,"Mumbai Suburban, Maharashtra, India",4,0.2371038068786754,0.37766401119988974,0.0,0.0,2.3523912052339693,2.8234443115490726
MH014,2020,1,150.07692307692307,19.0117388,72.8178706,9.510672875365726,15.834735001273833,"Mumbai Suburban, Maharashtra, India",4,0.2371038068786754,0.37766401119988974,0.0,0.0,2.3523912052339693,2.8234443115490726
MH014,2020,2,52.855421686746986,19.0117388,72.8178706,9.510672875365726,15.834735001273833,"Mumbai Suburban, Maharashtra, India",4,0.2371038068786754,0.37766401119988974,0.0,0.0,2.3523912052339693,2.8234443115490726
MH014,2020,3,28.0,19.0117388,72.8178706,9.510672875365726,15.834735001273833,"Mumbai Suburban, Maharashtra, India",4,0.2371038068786754,0.37766401119988974,0.0,0.0,2.3523912052339693,2.8234443115490726
ML001,2019,3,40.25806451612903,25.5589862,91.898564,25.71267927025379,39.64394764528294,"East Khasi Hills, Meghalaya, India",11,0.18988663313113863,0.6941665250985707,0.0,0.0,3.285138331722561,3.7048499354937565
ML001,2019,4,48.5625,25.5589862,91.898564,25.71267927025379,39.64394764528294,"East Khasi Hills, Meghalaya, India",11,0.18988663313113863,0.6941665250985707,0.0,0.0,3.285138331722561,3.7048499354937565
ML001,2020,1,76.64102564102564,25.5589862,91.898564,25.71267927025379,39.64394764528294,"East Khasi Hills, Meghalaya, India",11,0.18988663313113863,0.6941665250985707,0.0,0.0,3.285138331722561,3.7048499354937565
ML001,2020,2,35.301587301587304,25.5589862,91.898564,25.71267927025379,39.64394764528294,"East Khasi Hills, Meghalaya, India",11,0.18988663313113863,0.6941665250985707,0.0,0.0,3.285138331722561,3.7048499354937565
ML001,2020,3,24.0,25.5589862,91.898564,25.71267927025379,39.64394764528294,"East Khasi Hills, Meghalaya, India",11,0.18988663313113863,0.6941665250985707,0.0,0.0,3.285138331722561,3.7048499354937565
MP001,2019,3,73.84615384615384,23.2286993,77.4002881,3.6943642170005586,25.602039968294676,"Bhopal, Madhya Pradesh, India",4,0.2852964189119973,0.8558892567359919,0.0,0.0,1.5463626864512263,3.2809879033844784
MP001,2019,4,175.15217391304347,23.2286993,77.4002881,3.6943642170005586,25.602039968294676,"Bhopal, Madhya Pradesh, India",4,0.2852964189119973,0.8558892567359919,0.0,0.0,1.5463626864512263,3.2809879033844784
MP001,2020,1,133.8409090909091,23.2286993,77.4002881,3.6943642170005586,25.602039968294676,"Bhopal, Madhya Pradesh, India",4,0.2852964189119973,0.8558892567359919,0.0,0.0,1.5463626864512263,3.2809879033844784
MP001,2020,2,95.29761904761905,23.2286993,77.4002881,3.6943642170005586,25.602039968294676,"Bhopal, Madhya Pradesh, India",4,0.2852964189119973,0.8558892567359919,0.0,0.0,1.5463626864512263,3.2809879033844784
MP001,2020,3,69.0,23.2286993,77.4002881,3.6943642170005586,25.602039968294676,"Bhopal, Madhya Pradesh, India",4,0.2852964189119973,0.8558892567359919,0.0,0.0,1.5463626864512263,3.2809879033844784
MZ001,2020,1,65.35,23.717254,92.7183956,1.5011418034129547,19.92732198432092,"Aizawl, Mizoram, India",13,0.6129011829491765,2.4743485382362236,0.0,0.0,0.9167473489738798,3.0410555772117944
MZ001,2020,2,28.133333333333333,23.717254,92.7183956,1.5011418034129547,19.92732198432092,"Aizawl, Mizoram, India",13,0.6129011829491765,2.4743485382362236,0.0,0.0,0.9167473489738798,3.0410555772117944
MZ001,2020,3,20.0,23.717254,92.7183956,1.5011418034129547,19.92732198432092,"Aizawl, Mizoram, India",13,0.6129011829491765,2.4743485382362236,0.0,0.0,0.9167473489738798,3.0410555772117944
OD001,2018,1,248.8793103448276,21.8553897,83.9245924,8.418646221144943,27.88269095605177,"Jharsuguda, Odisha, India",6,0.20345808300039514,0.795927390792977,0.0,0.0,2.24269136500628,3.3632424868325117
OD001,2018,2,128.7325581395349,21.8553897,83.9245924,8.418646221144943,27.88269095605177,"Jharsuguda, Odisha, India",6,0.20345808300039514,0.795927390792977,0.0,0.0,2.24269136500628,3.3632424868325117
OD001,2018,3,81.18032786885246,21.8553897,83.9245924,8.418646221144943,27.88269095605177,"Jharsuguda, Odisha, India",6,0.20345808300039514,0.795927390792977,0.0,0.0,2.24269136500628,3.3632424868325117
OD001,2018,4,178.92727272727274,21.8553897,83.9245924,8.418646221144943,27.88269095605177,"Jharsuguda, Odisha, India",6,0.20345808300039514,0.795927390792977,0.0,0.0,2.24269136500628,3.3632424868325117
OD001,2019,1,218.82022471910113,21.8553897,83.9245924,8.418646221144943,27.88269095605177,"Jharsuguda, Odisha, India",6,0.20345808300039514,0.795927390792977,0.0,0.0,2.24269136500628,3.3632424868325117
OD001,2019,2,133.9142857142857,21.8553897,83.9245924,8.418646221144943,27.88269095605177,"Jharsuguda, Odisha, India",6,0.20345808300039514,0.795927390792977,0.0,0.0,2.24269136500628,3.3632424868325117
OD001,2019,3,95.51948051948052,21.8553897,83.9245924,8.418646221144943,27.88269095605177,"Jharsuguda, Odisha, India",6,0.20345808300039514,0.795927390792977,0.0,0.0,2.24269136500628,3.3632424868325117
OD001,2019,4,134.6627906976744,21.8553897,83.9245924,8.418646221144943,27.88269095605177,"Jharsuguda, Odisha, India",6,0.20345808300039514,0.795927390792977,0.0,0.0,2.24269136500628,3.3632424868325117
OD001,2020,1,140.04054054054055,21.8553897,83.9245924,8.418646221144943,27.88269095605177,"Jharsuguda, Odisha, India",6,0.20345808300039514,0.795927390792977,0.0,0.0,2.24269136500628,3.3632424868325117
OD001,2020,2,132.48936170212767,21.8553897,83.9245924,8.418646221144943,27.88269095605177,"Jharsuguda, Odisha, India",6,0.20345808300039514,0.795927390792977,0.0,0.0,2.24269136500628,3.3632424868325117
OD002,2018,1,319.8292682926829,20.951048,85.1759704,14.45558352668225,49.893862347229906,"Angul, Odisha, India",8,0.14877698952364882,0.5951079580945953,0.0,0.0,2.737970331369687,3.9297423337166575
OD002,2018,2,126.81428571428572,20.951048,85.1759704,14.45558352668225,49.893862347229906,"Angul, Odisha, India",8,0.14877698952364882,0.5951079580945953,0.0,0.0,2.737970331369687,3.9297423337166575
OD002,2018,3,97.85714285714286,20.951048,85.1759704,14.45558352668225,49.893862347229906,"Angul, Odisha, India",8,0.14877698952364882,0.5951079580945953,0.0,0.0,2.737970331369687,3.9297423337166575
OD002,2018,4,235.04166666666666,20.951048,85.1759704,14.45558352668225,49.893862347229906,"Angul, Odisha, India",8,0.14877698952364882,0.5951079580945953,0.0,0.0,2.737970331369687,3.9297423337166575
OD002,2019,1,277.4533333333333,20.951048,85.1759704,14.45558352668225,49.893862347229906,"Angul, Odisha, India",8,0.14877698952364882,0.5951079580945953,0.0,0.0,2.737970331369687,3.9297423337166575
OD002,2019,2,125.1375,20.951048,85.1759704,14.45558352668225,49.893862347229906,"Angul, Odisha, India",8,0.14877698952364882,0.5951079580945953,0.0,0.0,2.737970331369687,3.9297423337166575
OD002,2019,3,89.24675324675324,20.951048,85.1759704,14.45558352668225,49.893862347229906,"Angul, Odisha, India",8,0.14877698952364882,0.5951079580945953,0.0,0.0,2.737970331369687,3.9297423337166575
OD002,2019,4,190.45070422535213,20.951048,85.1759704,14.45558352668225,49.893862347229906,"Angul, Odisha, India",8,0.14877698952364882,0.5951079580945953,0.0,0.0,2.737970331369687,3.9297423337166575
OD002,2020,1,209.1358024691358,20.951048,85.1759704,14.45558352668225,49.893862347229906,"Angul, Odisha, India",8,0.14877698952364882,0.5951079580945953,0.0,0.0,2.737970331369687,3.9297423337166575
OD002,2020,2,108.47297297297297,20.951048,85.1759704,14.45558352668225,49.893862347229906,"Angul, Odisha, India",8,0.14877698952364882,0.5951079580945953,0.0,0.0,2.737970331369687,3.9297423337166575
OD002,2020,3,101.0,20.951048,85.1759704,14.45558352668225,49.893862347229906,"Angul, Odisha, India",8,0.14877698952364882,0.5951079580945953,0.0,0.0,2.737970331369687,3.9297423337166575
PB001,2018,1,135.88888888888889,31.6199787,74.8765281,1.6082886303908053,25.864147566807066,"Amritsar, Punjab, India",7,0.5012050483842029,2.0048201935368115,0.0,0.0,0.9586943091029239,3.2907925934263766
PB001,2018,2,158.70238095238096,31.6199787,74.8765281,1.6082886303908053,25.864147566807066,"Amritsar, Punjab, India",7,0.5012050483842029,2.0048201935368115,0.0,0.0,0.9586943091029239,3.2907925934263766
PB001,2018,3,61.64102564102564,31.6199787,74.8765281,1.6082886303908053,25.864147566807066,"Amritsar, Punjab, India",7,0.5012050483842029,2.0048201935368115,0.0,0.0,0.9586943091029239,3.2907925934263766
PB001,2018,4,132.27777777777777,31.6199787,74.8765281,1.6082886303908053,25.864147566807066,"Amritsar, Punjab, India",7,0.5012050483842029,2.0048201935368115,0.0,0.0,0.9586943091029239,3.2907925934263766
PB001,2019,1,96.45454545454545,31.6199787,74.8765281,1.6082886303908053,25.864147566807066,"Amritsar, Punjab, India",7,0.5012050483842029,2.0048201935368115,0.0,0.0,0.9586943091029239,3.2907925934263766
PB001,2019,2,110.45054945054945,31.6199787,74.8765281,1.6082886303908053,25.864147566807066,"Amritsar, Punjab, India",7,0.5012050483842029,2.0048201935368115,0.0,0.0,0.9586943091029239,3.2907925934263766
PB001,2019,3,70.51648351648352,31.6199787,74.8765281,1.6082886303908053,25.864147566807066,"Amritsar, Punjab, India",7,0.5012050483842029,2.0048201935368115,0.0,0.0,0.9586943091029239,3.2907925934263766
PB001,2019,4,159.59782608695653,31.6199787,74.8765281,1.6082886303908053,25.864147566807066,"Amritsar, Punjab, India",7,0.5012050483842029,2.0048201935368115,0.0,0.0,0.9586943091029239,3.2907925934263766
PB001,2020,1,104.9659090909091,31.6199787,74.8765281,1.6082886303908053,25.864147566807066,"Amritsar, Punjab, India",7,0.5012050483842029,2.0048201935368115,0.0,0.0,0.9586943091029239,3.2907925934263766
PB001,2020,2,80.74117647058823,31.6199787,74.8765281,1.6082886303908053,25.864147566807066,"Amritsar, Punjab, India",7,0.5012050483842029,2.0048201935368115,0.0,0.0,0.9586943091029239,3.2907925934263766
PB001,2020,3,78.0,31.6199787,74.8765281,1.6082886303908053,25.864147566807066,"Amritsar, Punjab, India",7,0.5012050483842029,2.0048201935368115,0.0,0.0,0.9586943091029239,3.2907925934263766
RJ004,2018,1,140.6,26.8986698,75.8163567,3.265023339407033,45.3144036677837,"Jaipur, Rajasthan, India",3,0.26575250600648437,1.0630100240259375,0.0,0.0,1.4504476532398143,3.83545300704896
RJ004,2018,2,164.13186813186815,26.8986698,75.8163567,3.265023339407033,45.3144036677837,"Jaipur, Rajasthan, India",3,0.26575250600648437,1.0630100240259375,0.0,0.0,1.4504476532398143,3.83545300704896
RJ004,2018,3,108.0,26.8986698,75.8163567,3.265023339407033,45.3144036677837,"Jaipur, Rajasthan, India",3,0.26575250600648437,1.0630100240259375,0.0,0.0,1.4504476532398143,3.83545300704896
RJ004,2018,4,143.7608695652174,26.8986698,75.8163567,3.265023339407033,45.3144036677837,"Jaipur, Rajasthan, India",3,0.26575250600648437,1.0630100240259375,0.0,0.0,1.4504476532398143,3.83545300704896
RJ004,2019,1,109.95555555555555,26.8986698,75.8163567,3.265023339407033,45.3144036677837,"Jaipur, Rajasthan, India",3,0.26575250600648437,1.0630100240259375,0.0,0.0,1.4504476532398143,3.83545300704896
RJ004,2019,2,131.42857142857142,26.8986698,75.8163567,3.265023339407033,45.3144036677837,"Jaipur, Rajasthan, India",3,0.26575250600648437,1.0630100240259375,0.0,0.0,1.4504476532398143,3.83545300704896
RJ004,2019,3,73.83516483516483,26.8986698,75.8163567,3.265023339407033,45.3144036677837,"Jaipur, Rajasthan, India",3,0.26575250600648437,1.0630100240259375,0.0,0.0,1.4504476532398143,3.83545300704896
RJ004,2019,4,117.1086956521739,26.8986698,75.8163567,3.265023339407033,45.3144036677837,"Jaipur, Rajasthan, India",3,0.26575250600648437,1.0630100240259375,0.0,0.0,1.4504476532398143,3.83545300704896
RJ004,2020,1,97.95604395604396,26.8986698,75.8163567,3.265023339407033,45.3144036677837,"Jaipur, Rajasthan, India",3,0.26575250600648437,1.0630100240259375,0.0,0.0,1.4504476532398143,3.83545300704896
RJ004,2020,2,93.58241758241758,26.8986698,75.8163567,3.265023339407033,45.3144036677837,"Jaipur, Rajasthan, India",3,0.26575250600648437,1.0630100240259375,0.0,0.0,1.4504476532398143,3.83545300704896
RJ004,2020,3,63.0,26.8986698,75.8163567,3.265023339407033,45.3144036677837,"Jaipur, Rajasthan, India",3,0.26575250600648437,1.0630100240259375,0.0,0.0,1.4504476532398143,3.83545300704896
RJ005,2018,1,181.90361445783134,26.9160258,75.8015394,1.47004095510734,45.85059370372459,"Jaipur, Rajasthan, India",3,0.43533053497708046,1.7413221399083219,0.0,0.0,0.9042347315175396,3.846963681042228
RJ005,2018,2,174.58333333333334,26.9160258,75.8015394,1.47004095510734,45.85059370372459,"Jaipur, Rajasthan, India",3,0.43533053497708046,1.7413221399083219,0.0,0.0,0.9042347315175396,3.846963681042228
RJ005,2018,3,114.82758620689656,26.9160258,75.8015394,1.47004095510734,45.85059370372459,"Jaipur, Rajasthan, India",3,0.43533053497708046,1.7413221399083219,0.0,0.0,0.9042347315175396,3.846963681042228
RJ005,2018,4,211.0888888888889,26.9160258,75.8015394,1.47004095510734,45.85059370372459,"Jaipur, Rajasthan, India",3,0.43533053497708046,1.7413221399083219,0.0,0.0,0.9042347315175396,3.846963681042228
RJ005,2019,1,145.3,26.9160258,75.8015394,1.47004095510734,45.85059370372459,"Jaipur, Rajasthan, India",3,0.43533053497708046,1.7413221399083219,0.0,0.0,0.9042347315175396,3.846963681042228
RJ005,2019,2,140.3186813186813,26.9160258,75.8015394,1.47004095510734,45.85059370372459,"Jaipur, Rajasthan, India",3,0.43533053497708046,1.7413221399083219,0.0,0.0,0.9042347315175396,3.846963681042228
RJ005,2019,3,82.71428571428571,26.9160258,75.8015394,1.47004095510734,45.85059370372459,"Jaipur, Rajasthan, India",3,0.43533053497708046,1.7413221399083219,0.0,0.0,0.9042347315175396,3.846963681042228
RJ005,2019,4,170.55555555555554,26.9160258,75.8015394,1.47004095510734,45.85059370372459,"Jaipur, Rajasthan, India",3,0.43533053497708046,1.7413221399083219,0.0,0.0,0.9042347315175396,3.846963681042228
RJ005,2020,1,128.6813186813187,26.9160258,75.8015394,1.47004095510734,45.85059370372459,"Jaipur, Rajasthan, India",3,0.43533053497708046,1.7413221399083219,0.0,0.0,0.9042347315175396,3.846963681042228
RJ005,2020,2,100.84269662921348,26.9160258,75.8015394,1.47004095510734,45.85059370372459,"Jaipur, Rajasthan, India",3,0.43533053497708046,1.7413221399083219,0.0,0.0,0.9042347315175396,3.846963681042228
RJ005,2020,3,68.0,26.9160258,75.8015394,1.47004095510734,45.85059370372459,"Jaipur, Rajasthan, India",3,0.43533053497708046,1.7413221399083219,0.0,0.0,0.9042347315175396,3.846963681042228
RJ006,2018,1,179.43820224719101,26.9332789,75.7972295,2.5194123640578634,47.01375017293202,"Jaipur, Rajasthan, India",4,0.3241376397253489,1.2965505589013957,0.0,0.0,1.258294033644618,3.8714874318215884
RJ006,2018,2,164.72527472527472,26.9332789,75.7972295,2.5194123640578634,47.01375017293202,"Jaipur, Rajasthan, India",4,0.3241376397253489,1.2965505589013957,0.0,0.0,1.258294033644618,3.8714874318215884
RJ006,2018,3,93.46739130434783,26.9332789,75.7972295,2.5194123640578634,47.01375017293202,"Jaipur, Rajasthan, India",4,0.3241376397253489,1.2965505589013957,0.0,0.0,1.258294033644618,3.8714874318215884
RJ006,2018,4,139.8804347826087,26.9332789,75.7972295,2.5194123640578634,47.01375017293202,"Jaipur, Rajasthan, India",4,0.3241376397253489,1.2965505589013957,0.0,0.0,1.258294033644618,3.8714874318215884
RJ006,2019,1,123.25555555555556,26.9332789,75.7972295,2.5194123640578634,47.01375017293202,"Jaipur, Rajasthan, India",4,0.3241376397253489,1.2965505589013957,0.0,0.0,1.258294033644618,3.8714874318215884
RJ006,2019,2,140.82417582417582,26.9332789,75.7972295,2.5194123640578634,47.01375017293202,"Jaipur, Rajasthan, India",4,0.3241376397253489,1.2965505589013957,0.0,0.0,1.258294033644618,3.8714874318215884
RJ006,2019,3,70.68478260869566,26.9332789,75.7972295,2.5194123640578634,47.01375017293202,"Jaipur, Rajasthan, India",4,0.3241376397253489,1.2965505589013957,0.0,0.0,1.258294033644618,3.8714874318215884
RJ006,2019,4,144.59782608695653,26.9332789,75.7972295,2.5194123640578634,47.01375017293202,"Jaipur, Rajasthan, India",4,0.3241376397253489,1.2965505589013957,0.0,0.0,1.258294033644618,3.8714874318215884
RJ006,2020,1,112.01098901098901,26.9332789,75.7972295,2.5194123640578634,47.01375017293202,"Jaipur, Rajasthan, India",4,0.3241376397253489,1.2965505589013957,0.0,0.0,1.258294033644618,3.8714874318215884
RJ006,2020,2,100.73626373626374,26.9332789,75.7972295,2.5194123640578634,47.01375017293202,"Jaipur, Rajasthan, India",4,0.3241376397253489,1.2965505589013957,0.0,0.0,1.258294033644618,3.8714874318215884
RJ006,2020,3,78.0,26.9332789,75.7972295,2.5194123640578634,47.01375017293202,"Jaipur, Rajasthan, India",4,0.3241376397253489,1.2965505589013957,0.0,0.0,1.258294033644618,3.8714874318215884
TG001,2018,1,122.2247191011236,17.543252501247157,78.35308536728958,18.00878673620035,22.653539163484258,"Medchal-Malkajgiri, Telangana, India",12,0.2620815062623188,0.8855737279148819,0.0,0.0,2.944901332064883,3.1635127512464907
TG001,2018,2,97.3132530120482,17.543252501247157,78.35308536728958,18.00878673620035,22.653539163484258,"Medchal-Malkajgiri, Telangana, India",12,0.2620815062623188,0.8855737279148819,0.0,0.0,2.944901332064883,3.1635127512464907
TG001,2018,3,78.32222222222222,17.543252501247157,78.35308536728958,18.00878673620035,22.653539163484258,"Medchal-Malkajgiri, Telangana, India",12,0.2620815062623188,0.8855737279148819,0.0,0.0,2.944901332064883,3.1635127512464907
TG001,2018,4,108.20879120879121,17.543252501247157,78.35308536728958,18.00878673620035,22.653539163484258,"Medchal-Malkajgiri, Telangana, India",12,0.2620815062623188,0.8855737279148819,0.0,0.0,2.944901332064883,3.1635127512464907
TG001,2019,1,117.79268292682927,17.543252501247157,78.35308536728958,18.00878673620035,22.653539163484258,"Medchal-Malkajgiri, Telangana, India",12,0.2620815062623188,0.8855737279148819,0.0,0.0,2.944901332064883,3.1635127512464907
TG001,2019,2,97.97701149425288,17.543252501247157,78.35308536728958,18.00878673620035,22.653539163484258,"Medchal-Malkajgiri, Telangana, India",12,0.2620815062623188,0.8855737279148819,0.0,0.0,2.944901332064883,3.1635127512464907
TG001,2019,3,66.8452380952381,17.543252501247157,78.35308536728958,18.00878673620035,22.653539163484258,"Medchal-Malkajgiri, Telangana, India",12,0.2620815062623188,0.8855737279148819,0.0,0.0,2.944901332064883,3.1635127512464907
TG001,2019,4,108.67857142857143,17.543252501247157,78.35308536728958,18.00878673620035,22.653539163484258,"Medchal-Malkajgiri, Telangana, India",12,0.2620815062623188,0.8855737279148819,0.0,0.0,2.944901332064883,3.1635127512464907
TG001,2020,1,92.68604651162791,17.543252501247157,78.35308536728958,18.00878673620035,22.653539163484258,"Medchal-Malkajgiri, Telangana, India",12,0.2620815062623188,0.8855737279148819,0.0,0.0,2.944901332064883,3.1635127512464907
TG001,2020,2,67.83908045977012,17.543252501247157,78.35308536728958,18.00878673620035,22.653539163484258,"Medchal-Malkajgiri, Telangana, India",12,0.2620815062623188,0.8855737279148819,0.0,0.0,2.944901332064883,3.1635127512464907
TG001,2020,3,67.0,17.543252501247157,78.35308536728958,18.00878673620035,22.653539163484258,"Medchal-Malkajgiri, Telangana, India",12,0.2620815062623188,0.8855737279148819,0.0,0.0,2.944901332064883,3.1635127512464907
TG002,2018,1,127.85555555555555,17.4094797,78.5060608,3.075455664898069,14.91508578356977,"Hyderabad, Telangana, India",11,0.4545884955452147,1.4671536366828453,0.0,0.0,1.4049825600483679,2.7672674508275894
TG002,2018,2,97.17582417582418,17.4094797,78.5060608,3.075455664898069,14.91508578356977,"Hyderabad, Telangana, India",11,0.4545884955452147,1.4671536366828453,0.0,0.0,1.4049825600483679,2.7672674508275894
TG002,2018,3,54.19318181818182,17.4094797,78.5060608,3.075455664898069,14.91508578356977,"Hyderabad, Telangana, India",11,0.4545884955452147,1.4671536366828453,0.0,0.0,1.4049825600483679,2.7672674508275894
TG002,2018,4,113.8913043478261,17.4094797,78.5060608,3.075455664898069,14.91508578356977,"Hyderabad, Telangana, India",11,0.4545884955452147,1.4671536366828453,0.0,0.0,1.4049825600483679,2.7672674508275894
TG002,2019,1,117.38636363636364,17.4094797,78.5060608,3.075455664898069,14.91508578356977,"Hyderabad, Telangana, India",11,0.4545884955452147,1.4671536366828453,0.0,0.0,1.4049825600483679,2.7672674508275894
TG002,2019,2,96.72093023255815,17.4094797,78.5060608,3.075455664898069,14.91508578356977,"Hyderabad, Telangana, India",11,0.4545884955452147,1.4671536366828453,0.0,0.0,1.4049825600483679,2.7672674508275894
TG002,2019,3,42.32967032967033,17.4094797,78.5060608,3.075455664898069,14.91508578356977,"Hyderabad, Telangana, India",11,0.4545884955452147,1.4671536366828453,0.0,0.0,1.4049825600483679,2.7672674508275894
TG002,2019,4,93.81318681318682,17.4094797,78.5060608,3.075455664898069,14.91508578356977,"Hyderabad, Telangana, India",11,0.4545884955452147,1.4671536366828453,0.0,0.0,1.4049825600483679,2.7672674508275894
TG002,2020,1,84.1978021978022,17.4094797,78.5060608,3.075455664898069,14.91508578356977,"Hyderabad, Telangana, India",11,0.4545884955452147,1.4671536366828453,0.0,0.0,1.4049825600483679,2.7672674508275894
TG002,2020,2,61.831460674157306,17.4094797,78.5060608,3.075455664898069,14.91508578356977,"Hyderabad, Telangana, India",11,0.4545884955452147,1.4671536366828453,0.0,0.0,1.4049825600483679,2.7672674508275894
TG002,2020,3,40.0,17.4094797,78.5060608,3.075455664898069,14.91508578356977,"Hyderabad, Telangana, India",11,0.4545884955452147,1.4671536366828453,0.0,0.0,1.4049825600483679,2.7672674508275894
TG003,2018,1,121.75581395348837,17.496315,78.2677697,23.451330626158,25.281468476474164,"Sangareddy, Telangana, India",12,0.2437196522463247,0.8557623773834352,0.0,0.0,3.19668463677779,3.2688640701555216
TG003,2018,2,85.42222222222222,17.496315,78.2677697,23.451330626158,25.281468476474164,"Sangareddy, Telangana, India",12,0.2437196522463247,0.8557623773834352,0.0,0.0,3.19668463677779,3.2688640701555216
TG003,2018,3,54.47826086956522,17.496315,78.2677697,23.451330626158,25.281468476474164,"Sangareddy, Telangana, India",12,0.2437196522463247,0.8557623773834352,0.0,0.0,3.19668463677779,3.2688640701555216
TG003,2018,4,119.16304347826087,17.496315,78.2677697,23.451330626158,25.281468476474164,"Sangareddy, Telangana, India",12,0.2437196522463247,0.8557623773834352,0.0,0.0,3.19668463677779,3.2688640701555216
TG003,2019,1,116.81111111111112,17.496315,78.2677697,23.451330626158,25.281468476474164,"Sangareddy, Telangana, India",12,0.2437196522463247,0.8557623773834352,0.0,0.0,3.19668463677779,3.2688640701555216
TG003,2019,2,90.50549450549451,17.496315,78.2677697,23.451330626158,25.281468476474164,"Sangareddy, Telangana, India",12,0.2437196522463247,0.8557623773834352,0.0,0.0,3.19668463677779,3.2688640701555216
TG003,2019,3,37.84615384615385,17.496315,78.2677697,23.451330626158,25.281468476474164,"Sangareddy, Telangana, India",12,0.2437196522463247,0.8557623773834352,0.0,0.0,3.19668463677779,3.2688640701555216
TG003,2019,4,103.25,17.496315,78.2677697,23.451330626158,25.281468476474164,"Sangareddy, Telangana, India",12,0.2437196522463247,0.8557623773834352,0.0,0.0,3.19668463677779,3.2688640701555216
TG003,2020,1,88.82022471910112,17.496315,78.2677697,23.451330626158,25.281468476474164,"Sangareddy, Telangana, India",12,0.2437196522463247,0.8557623773834352,0.0,0.0,3.19668463677779,3.2688640701555216
TG003,2020,2,59.58888888888889,17.496315,78.2677697,23.451330626158,25.281468476474164,"Sangareddy, Telangana, India",12,0.2437196522463247,0.8557623773834352,0.0,0.0,3.19668463677779,3.2688640701555216
TG003,2020,3,37.0,17.496315,78.2677697,23.451330626158,25.281468476474164,"Sangareddy, Telangana, India",12,0.2437196522463247,0.8557623773834352,0.0,0.0,3.19668463677779,3.2688640701555216
TG004,2018,1,120.23595505617978,17.53079043964766,78.18246389991747,13.827508123313565,28.04280168866043,"Sangareddy, Telangana, India",11,0.24176088103288548,0.8726735129452898,0.0,0.0,2.6964841125851597,3.3687706621852462
TG004,2018,2,84.64772727272727,17.53079043964766,78.18246389991747,13.827508123313565,28.04280168866043,"Sangareddy, Telangana, India",11,0.24176088103288548,0.8726735129452898,0.0,0.0,2.6964841125851597,3.3687706621852462
TG004,2018,3,65.92045454545455,17.53079043964766,78.18246389991747,13.827508123313565,28.04280168866043,"Sangareddy, Telangana, India",11,0.24176088103288548,0.8726735129452898,0.0,0.0,2.6964841125851597,3.3687706621852462
TG004,2018,4,120.54347826086956,17.53079043964766,78.18246389991747,13.827508123313565,28.04280168866043,"Sangareddy, Telangana, India",11,0.24176088103288548,0.8726735129452898,0.0,0.0,2.6964841125851597,3.3687706621852462
TG004,2019,1,117.76404494382022,17.53079043964766,78.18246389991747,13.827508123313565,28.04280168866043,"Sangareddy, Telangana, India",11,0.24176088103288548,0.8726735129452898,0.0,0.0,2.6964841125851597,3.3687706621852462
TG004,2019,2,88.38372093023256,17.53079043964766,78.18246389991747,13.827508123313565,28.04280168866043,"Sangareddy, Telangana, India",11,0.24176088103288548,0.8726735129452898,0.0,0.0,2.6964841125851597,3.3687706621852462
TG004,2019,3,50.27906976744186,17.53079043964766,78.18246389991747,13.827508123313565,28.04280168866043,"Sangareddy, Telangana, India",11,0.24176088103288548,0.8726735129452898,0.0,0.0,2.6964841125851597,3.3687706621852462
TG004,2019,4,108.16304347826087,17.53079043964766,78.18246389991747,13.827508123313565,28.04280168866043,"Sangareddy, Telangana, India",11,0.24176088103288548,0.8726735129452898,0.0,0.0,2.6964841125851597,3.3687706621852462
TG004,2020,1,91.41176470588235,17.53079043964766,78.18246389991747,13.827508123313565,28.04280168866043,"Sangareddy, Telangana, India",11,0.24176088103288548,0.8726735129452898,0.0,0.0,2.6964841125851597,3.3687706621852462
TG004,2020,2,68.21978021978022,17.53079043964766,78.18246389991747,13.827508123313565,28.04280168866043,"Sangareddy, Telangana, India",11,0.24176088103288548,0.8726735129452898,0.0,0.0,2.6964841125851597,3.3687706621852462
TG004,2020,3,73.0,17.53079043964766,78.18246389991747,13.827508123313565,28.04280168866043,"Sangareddy, Telangana, India",11,0.24176088103288548,0.8726735129452898,0.0,0.0,2.6964841125851597,3.3687706621852462
TG005,2018,1,118.29885057471265,17.4569654,78.4434781,6.657568580077794,17.465214294306147,"Hyderabad, Telangana, India",12,0.35328957265590366,1.1574383624330828,0.0,0.0,2.0356945156204116,2.9158886536694153
TG005,2018,2,74.57142857142857,17.4569654,78.4434781,6.657568580077794,17.465214294306147,"Hyderabad, Telangana, India",12,0.35328957265590366,1.1574383624330828,0.0,0.0,2.0356945156204116,2.9158886536694153
TG005,2018,3,43.924050632911396,17.4569654,78.4434781,6.657568580077794,17.465214294306147,"Hyderabad, Telangana, India",12,0.35328957265590366,1.1574383624330828,0.0,0.0,2.0356945156204116,2.9158886536694153
TG005,2018,4,114.53260869565217,17.4569654,78.4434781,6.657568580077794,17.465214294306147,"Hyderabad, Telangana, India",12,0.35328957265590366,1.1574383624330828,0.0,0.0,2.0356945156204116,2.9158886536694153
TG005,2019,1,109.82954545454545,17.4569654,78.4434781,6.657568580077794,17.465214294306147,"Hyderabad, Telangana, India",12,0.35328957265590366,1.1574383624330828,0.0,0.0,2.0356945156204116,2.9158886536694153
TG005,2019,2,73.14814814814815,17.4569654,78.4434781,6.657568580077794,17.465214294306147,"Hyderabad, Telangana, India",12,0.35328957265590366,1.1574383624330828,0.0,0.0,2.0356945156204116,2.9158886536694153
TG005,2019,3,60.90909090909091,17.4569654,78.4434781,6.657568580077794,17.465214294306147,"Hyderabad, Telangana, India",12,0.35328957265590366,1.1574383624330828,0.0,0.0,2.0356945156204116,2.9158886536694153
TG005,2019,4,156.37078651685394,17.4569654,78.4434781,6.657568580077794,17.465214294306147,"Hyderabad, Telangana, India",12,0.35328957265590366,1.1574383624330828,0.0,0.0,2.0356945156204116,2.9158886536694153
TG005,2020,1,90.94366197183099,17.4569654,78.4434781,6.657568580077794,17.465214294306147,"Hyderabad, Telangana, India",12,0.35328957265590366,1.1574383624330828,0.0,0.0,2.0356945156204116,2.9158886536694153
TG005,2020,2,57.3375,17.4569654,78.4434781,6.657568580077794,17.465214294306147,"Hyderabad, Telangana, India",12,0.35328957265590366,1.1574383624330828,0.0,0.0,2.0356945156204116,2.9158886536694153
TG005,2020,3,36.0,17.4569654,78.4434781,6.657568580077794,17.465214294306147,"Hyderabad, Telangana, India",12,0.35328957265590366,1.1574383624330828,0.0,0.0,2.0356945156204116,2.9158886536694153
TG006,2018,1,128.62790697674419,17.3569337,78.4513648,6.157608035884243,17.11058266627574,"Hyderabad, Telangana, India",12,0.3489027728248905,1.1783462352854457,0.0,0.0,1.9681758519571466,2.8964964451091633
TG006,2018,2,83.03333333333333,17.3569337,78.4513648,6.157608035884243,17.11058266627574,"Hyderabad, Telangana, India",12,0.3489027728248905,1.1783462352854457,0.0,0.0,1.9681758519571466,2.8964964451091633
TG006,2018,3,81.05882352941177,17.3569337,78.4513648,6.157608035884243,17.11058266627574,"Hyderabad, Telangana, India",12,0.3489027728248905,1.1783462352854457,0.0,0.0,1.9681758519571466,2.8964964451091633
TG006,2018,4,133.58823529411765,17.3569337,78.4513648,6.157608035884243,17.11058266627574,"Hyderabad, Telangana, India",12,0.3489027728248905,1.1783462352854457,0.0,0.0,1.9681758519571466,2.8964964451091633
TG006,2019,1,130.45238095238096,17.3569337,78.4513648,6.157608035884243,17.11058266627574,"Hyderabad, Telangana, India",12,0.3489027728248905,1.1783462352854457,0.0,0.0,1.9681758519571466,2.8964964451091633
TG006,2019,2,97.08219178082192,17.3569337,78.4513648,6.157608035884243,17.11058266627574,"Hyderabad, Telangana, India",12,0.3489027728248905,1.1783462352854457,0.0,0.0,1.9681758519571466,2.8964964451091633
TG006,2019,3,57.625,17.3569337,78.4513648,6.157608035884243,17.11058266627574,"Hyderabad, Telangana, India",12,0.3489027728248905,1.1783462352854457,0.0,0.0,1.9681758519571466,2.8964964451091633
TG006,2019,4,126.8021978021978,17.3569337,78.4513648,6.157608035884243,17.11058266627574,"Hyderabad, Telangana, India",12,0.3489027728248905,1.1783462352854457,0.0,0.0,1.9681758519571466,2.8964964451091633
TG006,2020,1,110.12820512820512,17.3569337,78.4513648,6.157608035884243,17.11058266627574,"Hyderabad, Telangana, India",12,0.3489027728248905,1.1783462352854457,0.0,0.0,1.9681758519571466,2.8964964451091633
TG006,2020,2,66.90123456790124,17.3569337,78.4513648,6.157608035884243,17.11058266627574,"Hyderabad, Telangana, India",12,0.3489027728248905,1.1783462352854457,0.0,0.0,1.9681758519571466,2.8964964451091633
TG006,2020,3,35.0,17.3569337,78.4513648,6.157608035884243,17.11058266627574,"Hyderabad, Telangana, India",12,0.3489027728248905,1.1783462352854457,0.0,0.0,1.9681758519571466,2.8964964451091633
TN001,2018,1,126.14942528735632,12.996712549504016,80.19138035740644,33.36973573261188,43.46441709091577,"Tiruvallur, Tamil Nadu 602003, India",4,0.08081206697175791,0.32324826788703165,0.0,0.0,3.537176401935234,3.7946892533743726
TN001,2018,3,121.58823529411765,12.996712549504016,80.19138035740644,33.36973573261188,43.46441709091577,"Tiruvallur, Tamil Nadu 602003, India",4,0.08081206697175791,0.32324826788703165,0.0,0.0,3.537176401935234,3.7946892533743726
TN001,2018,4,137.43956043956044,12.996712549504016,80.19138035740644,33.36973573261188,43.46441709091577,"Tiruvallur, Tamil Nadu 602003, India",4,0.08081206697175791,0.32324826788703165,0.0,0.0,3.537176401935234,3.7946892533743726
TN001,2019,1,122.92222222222222,12.996712549504016,80.19138035740644,33.36973573261188,43.46441709091577,"Tiruvallur, Tamil Nadu 602003, India",4,0.08081206697175791,0.32324826788703165,0.0,0.0,3.537176401935234,3.7946892533743726
TN001,2019,2,100.09722222222223,12.996712549504016,80.19138035740644,33.36973573261188,43.46441709091577,"Tiruvallur, Tamil Nadu 602003, India",4,0.08081206697175791,0.32324826788703165,0.0,0.0,3.537176401935234,3.7946892533743726
TN001,2019,3,74.42391304347827,12.996712549504016,80.19138035740644,33.36973573261188,43.46441709091577,"Tiruvallur, Tamil Nadu 602003, India",4,0.08081206697175791,0.32324826788703165,0.0,0.0,3.537176401935234,3.7946892533743726
TN001,2019,4,101.97727272727273,12.996712549504016,80.19138035740644,33.36973573261188,43.46441709091577,"Tiruvallur, Tamil Nadu 602003, India",4,0.08081206697175791,0.32324826788703165,0.0,0.0,3.537176401935234,3.7946892533743726
TN001,2020,1,77.45054945054945,12.996712549504016,80.19138035740644,33.36973573261188,43.46441709091577,"Tiruvallur, Tamil Nadu 602003, India",4,0.08081206697175791,0.32324826788703165,0.0,0.0,3.537176401935234,3.7946892533743726
TN001,2020,2,74.85714285714286,12.996712549504016,80.19138035740644,33.36973573261188,43.46441709091577,"Tiruvallur, Tamil Nadu 602003, India",4,0.08081206697175791,0.32324826788703165,0.0,0.0,3.537176401935234,3.7946892533743726
TN001,2020,3,94.0,12.996712549504016,80.19138035740644,33.36973573261188,43.46441709091577,"Tiruvallur, Tamil Nadu 602003, India",4,0.08081206697175791,0.32324826788703165,0.0,0.0,3.537176401935234,3.7946892533743726
TN002,2019,2,59.6,13.17291045653844,80.27378924129324,39.595350711141286,58.14831796735745,"Tiruvallur, Tamil Nadu 602003, India",3,0.05400121022238086,0.21600484088952343,0.0,0.0,3.703653545546491,4.080048153288998
TN002,2019,3,147.93939393939394,13.17291045653844,80.27378924129324,39.595350711141286,58.14831796735745,"Tiruvallur, Tamil Nadu 602003, India",3,0.05400121022238086,0.21600484088952343,0.0,0.0,3.703653545546491,4.080048153288998
TN002,2019,4,107.47126436781609,13.17291045653844,80.27378924129324,39.595350711141286,58.14831796735745,"Tiruvallur, Tamil Nadu 602003, India",3,0.05400121022238086,0.21600484088952343,0.0,0.0,3.703653545546491,4.080048153288998
TN002,2020,1,70.28378378378379,13.17291045653844,80.27378924129324,39.595350711141286,58.14831796735745,"Tiruvallur, Tamil Nadu 602003, India",3,0.05400121022238086,0.21600484088952343,0.0,0.0,3.703653545546491,4.080048153288998
TN002,2020,2,111.1264367816092,13.17291045653844,80.27378924129324,39.595350711141286,58.14831796735745,"Tiruvallur, Tamil Nadu 602003, India",3,0.05400121022238086,0.21600484088952343,0.0,0.0,3.703653545546491,4.080048153288998
TN002,2020,3,99.0,13.17291045653844,80.27378924129324,39.595350711141286,58.14831796735745,"Tiruvallur, Tamil Nadu 602003, India",3,0.05400121022238086,0.21600484088952343,0.0,0.0,3.703653545546491,4.080048153288998
TN003,2018,1,169.40449438202248,13.1672275,80.2598107,38.01042805494308,56.65022162518621,"Tiruvallur, Tamil Nadu 602003, India",3,0.05563579962114938,0.22254319848459753,0.0,0.0,3.663828996412556,4.054394091030076
TN003,2018,2,76.57777777777778,13.1672275,80.2598107,38.01042805494308,56.65022162518621,"Tiruvallur, Tamil Nadu 602003, India",3,0.05563579962114938,0.22254319848459753,0.0,0.0,3.663828996412556,4.054394091030076
TN003,2018,3,114.28571428571429,13.1672275,80.2598107,38.01042805494308,56.65022162518621,"Tiruvallur, Tamil Nadu 602003, India",3,0.05563579962114938,0.22254319848459753,0.0,0.0,3.663828996412556,4.054394091030076
TN003,2018,4,140.22826086956522,13.1672275,80.2598107,38.01042805494308,56.65022162518621,"Tiruvallur, Tamil Nadu 602003, India",3,0.05563579962114938,0.22254319848459753,0.0,0.0,3.663828996412556,4.054394091030076
TN003,2019,1,152.17977528089887,13.1672275,80.2598107,38.01042805494308,56.65022162518621,"Tiruvallur, Tamil Nadu 602003, India",3,0.05563579962114938,0.22254319848459753,0.0,0.0,3.663828996412556,4.054394091030076
TN003,2019,2,119.8048780487805,13.1672275,80.2598107,38.01042805494308,56.65022162518621,"Tiruvallur, Tamil Nadu 602003, India",3,0.05563579962114938,0.22254319848459753,0.0,0.0,3.663828996412556,4.054394091030076
TN003,2019,3,105.13513513513513,13.1672275,80.2598107,38.01042805494308,56.65022162518621,"Tiruvallur, Tamil Nadu 602003, India",3,0.05563579962114938,0.22254319848459753,0.0,0.0,3.663828996412556,4.054394091030076
TN003,2019,4,138.19354838709677,13.1672275,80.2598107,38.01042805494308,56.65022162518621,"Tiruvallur, Tamil Nadu 602003, India",3,0.05563579962114938,0.22254319848459753,0.0,0.0,3.663828996412556,4.054394091030076
TN003,2020,1,109.53488372093024,13.1672275,80.2598107,38.01042805494308,56.65022162518621,"Tiruvallur, Tamil Nadu 602003, India",3,0.05563579962114938,0.22254319848459753,0.0,0.0,3.663828996412556,4.054394091030076
TN003,2020,2,80.8021978021978,13.1672275,80.2598107,38.01042805494308,56.65022162518621,"Tiruvallur, Tamil Nadu 602003, India",3,0.05563579962114938,0.22254319848459753,0.0,0.0,3.663828996412556,4.054394091030076
TN003,2020,3,110.0,13.1672275,80.2598107,38.01042805494308,56.65022162518621,"Tiruvallur, Tamil Nadu 602003, India",3,0.05563579962114938,0.22254319848459753,0.0,0.0,3.663828996412556,4.054394091030076
TN004,2018,1,84.02222222222223,12.979330411435406,80.22120785865624,37.11671759325168,45.638043809618246,"Tiruvallur, Tamil Nadu 602003, India",4,0.07672839710899398,0.30691358843597594,0.0,0.0,3.6406529678711044,3.8424165988302623
TN004,2018,2,89.02197802197803,12.979330411435406,80.22120785865624,37.11671759325168,45.638043809618246,"Tiruvallur, Tamil Nadu 602003, India",4,0.07672839710899398,0.30691358843597594,0.0,0.0,3.6406529678711044,3.8424165988302623
TN004,2018,3,63.45054945054945,12.979330411435406,80.22120785865624,37.11671759325168,45.638043809618246,"Tiruvallur, Tamil Nadu 602003, India",4,0.07672839710899398,0.30691358843597594,0.0,0.0,3.6406529678711044,3.8424165988302623
TN004,2018,4,86.93478260869566,12.979330411435406,80.22120785865624,37.11671759325168,45.638043809618246,"Tiruvallur, Tamil Nadu 602003, India",4,0.07672839710899398,0.30691358843597594,0.0,0.0,3.6406529678711044,3.8424165988302623
TN004,2019,1,79.36666666666666,12.979330411435406,80.22120785865624,37.11671759325168,45.638043809618246,"Tiruvallur, Tamil Nadu 602003, India",4,0.07672839710899398,0.30691358843597594,0.0,0.0,3.6406529678711044,3.8424165988302623
TN004,2019,2,90.5934065934066,12.979330411435406,80.22120785865624,37.11671759325168,45.638043809618246,"Tiruvallur, Tamil Nadu 602003, India",4,0.07672839710899398,0.30691358843597594,0.0,0.0,3.6406529678711044,3.8424165988302623
TN004,2019,3,69.52439024390245,12.979330411435406,80.22120785865624,37.11671759325168,45.638043809618246,"Tiruvallur, Tamil Nadu 602003, India",4,0.07672839710899398,0.30691358843597594,0.0,0.0,3.6406529678711044,3.8424165988302623
TN004,2019,4,80.6,12.979330411435406,80.22120785865624,37.11671759325168,45.638043809618246,"Tiruvallur, Tamil Nadu 602003, India",4,0.07672839710899398,0.30691358843597594,0.0,0.0,3.6406529678711044,3.8424165988302623
TN004,2020,1,62.84615384615385,12.979330411435406,80.22120785865624,37.11671759325168,45.638043809618246,"Tiruvallur, Tamil Nadu 602003, India",4,0.07672839710899398,0.30691358843597594,0.0,0.0,3.6406529678711044,3.8424165988302623
TN004,2020,2,60.544444444444444,12.979330411435406,80.22120785865624,37.11671759325168,45.638043809618246,"Tiruvallur, Tamil Nadu 602003, India",4,0.07672839710899398,0.30691358843597594,0.0,0.0,3.6406529678711044,3.8424165988302623
TN004,2020,3,65.0,12.979330411435406,80.22120785865624,37.11671759325168,45.638043809618246,"Tiruvallur, Tamil Nadu 602003, India",4,0.07672839710899398,0.30691358843597594,0.0,0.0,3.6406529678711044,3.8424165988302623
TN005,2019,2,66.52941176470588,10.937458652864096,76.97833435198284,9.162694242747303,30.730094800185736,"Coimbatore, Tamil Nadu, India",6,0.17664227320810238,0.6259680837188268,0.0,0.0,2.3187235883687363,3.4572655933052876
TN005,2019,3,77.48192771084338,10.937458652864096,76.97833435198284,9.162694242747303,30.730094800185736,"Coimbatore, Tamil Nadu, India",6,0.17664227320810238,0.6259680837188268,0.0,0.0,2.3187235883687363,3.4572655933052876
TN005,2019,4,78.625,10.937458652864096,76.97833435198284,9.162694242747303,30.730094800185736,"Coimbatore, Tamil Nadu, India",6,0.17664227320810238,0.6259680837188268,0.0,0.0,2.3187235883687363,3.4572655933052876
TN005,2020,1,79.575,10.937458652864096,76.97833435198284,9.162694242747303,30.730094800185736,"Coimbatore, Tamil Nadu, India",6,0.17664227320810238,0.6259680837188268,0.0,0.0,2.3187235883687363,3.4572655933052876
TN005,2020,2,56.223684210526315,10.937458652864096,76.97833435198284,9.162694242747303,30.730094800185736,"Coimbatore, Tamil Nadu, India",6,0.17664227320810238,0.6259680837188268,0.0,0.0,2.3187235883687363,3.4572655933052876
UP012,2018,1,291.9318181818182,26.8824594,81.0004318,6.692644419346623,29.70570711068164,"Lucknow, Uttar Pradesh, India",8,0.25145463227536186,1.076539307638054,0.0,0.0,2.0402646020835395,3.424448536686742
UP012,2018,2,138.41176470588235,26.8824594,81.0004318,6.692644419346623,29.70570711068164,"Lucknow, Uttar Pradesh, India",8,0.25145463227536186,1.076539307638054,0.0,0.0,2.0402646020835395,3.424448536686742
UP012,2018,3,73.1195652173913,26.8824594,81.0004318,6.692644419346623,29.70570711068164,"Lucknow, Uttar Pradesh, India",8,0.25145463227536186,1.076539307638054,0.0,0.0,2.0402646020835395,3.424448536686742
UP012,2018,4,280.77777777777777,26.8824594,81.0004318,6.692644419346623,29.70570711068164,"Lucknow, Uttar Pradesh, India",8,0.25145463227536186,1.076539307638054,0.0,0.0,2.0402646020835395,3.424448536686742
UP012,2019,1,239.8068181818182,26.8824594,81.0004318,6.692644419346623,29.70570711068164,"Lucknow, Uttar Pradesh, India",8,0.25145463227536186,1.076539307638054,0.0,0.0,2.0402646020835395,3.424448536686742
UP012,2019,2,141.19101123595505,26.8824594,81.0004318,6.692644419346623,29.70570711068164,"Lucknow, Uttar Pradesh, India",8,0.25145463227536186,1.076539307638054,0.0,0.0,2.0402646020835395,3.424448536686742
UP012,2019,3,84.3804347826087,26.8824594,81.0004318,6.692644419346623,29.70570711068164,"Lucknow, Uttar Pradesh, India",8,0.25145463227536186,1.076539307638054,0.0,0.0,2.0402646020835395,3.424448536686742
UP012,2019,4,243.2826086956522,26.8824594,81.0004318,6.692644419346623,29.70570711068164,"Lucknow, Uttar Pradesh, India",8,0.25145463227536186,1.076539307638054,0.0,0.0,2.0402646020835395,3.424448536686742
UP012,2020,1,170.53846153846155,26.8824594,81.0004318,6.692644419346623,29.70570711068164,"Lucknow, Uttar Pradesh, India",8,0.25145463227536186,1.076539307638054,0.0,0.0,2.0402646020835395,3.424448536686742
UP012,2020,2,83.98901098901099,26.8824594,81.0004318,6.692644419346623,29.70570711068164,"Lucknow, Uttar Pradesh, India",8,0.25145463227536186,1.076539307638054,0.0,0.0,2.0402646020835395,3.424448536686742
UP012,2020,3,68.0,26.8824594,81.0004318,6.692644419346623,29.70570711068164,"Lucknow, Uttar Pradesh, India",8,0.25145463227536186,1.076539307638054,0.0,0.0,2.0402646020835395,3.424448536686742
UP013,2019,3,53.65625,26.8611743,81.0039196,5.95133472112231,29.236284909063965,"Lucknow, Uttar Pradesh, India",8,0.26446715178424307,1.1272915234971024,0.0,0.0,1.938933687342838,3.409042690227974
UP013,2019,4,240.74444444444444,26.8611743,81.0039196,5.95133472112231,29.236284909063965,"Lucknow, Uttar Pradesh, India",8,0.26446715178424307,1.1272915234971024,0.0,0.0,1.938933687342838,3.409042690227974
UP013,2020,1,146.52325581395348,26.8611743,81.0039196,5.95133472112231,29.236284909063965,"Lucknow, Uttar Pradesh, India",8,0.26446715178424307,1.1272915234971024,0.0,0.0,1.938933687342838,3.409042690227974
UP013,2020,2,66.83720930232558,26.8611743,81.0039196,5.95133472112231,29.236284909063965,"Lucknow, Uttar Pradesh, India",8,0.26446715178424307,1.1272915234971024,0.0,0.0,1.938933687342838,3.409042690227974
UP013,2020,3,65.0,26.8611743,81.0039196,5.95133472112231,29.236284909063965,"Lucknow, Uttar Pradesh, India",8,0.26446715178424307,1.1272915234971024,0.0,0.0,1.938933687342838,3.409042690227974
UP014,2018,1,364.35714285714283,26.7908341,80.8701804,9.769233326685386,30.49940729050935,"Lucknow, Uttar Pradesh, India",9,0.20924981459111858,0.8751104909231693,0.0,0.0,2.376693302625668,3.4499687294802546
UP014,2018,2,221.0625,26.7908341,80.8701804,9.769233326685386,30.49940729050935,"Lucknow, Uttar Pradesh, India",9,0.20924981459111858,0.8751104909231693,0.0,0.0,2.376693302625668,3.4499687294802546
UP014,2018,3,99.1978021978022,26.7908341,80.8701804,9.769233326685386,30.49940729050935,"Lucknow, Uttar Pradesh, India",9,0.20924981459111858,0.8751104909231693,0.0,0.0,2.376693302625668,3.4499687294802546
UP014,2018,4,337.5869565217391,26.7908341,80.8701804,9.769233326685386,30.49940729050935,"Lucknow, Uttar Pradesh, India",9,0.20924981459111858,0.8751104909231693,0.0,0.0,2.376693302625668,3.4499687294802546
UP014,2019,1,239.36363636363637,26.7908341,80.8701804,9.769233326685386,30.49940729050935,"Lucknow, Uttar Pradesh, India",9,0.20924981459111858,0.8751104909231693,0.0,0.0,2.376693302625668,3.4499687294802546
UP014,2019,2,183.3186813186813,26.7908341,80.8701804,9.769233326685386,30.49940729050935,"Lucknow, Uttar Pradesh, India",9,0.20924981459111858,0.8751104909231693,0.0,0.0,2.376693302625668,3.4499687294802546
UP014,2019,3,92.8804347826087,26.7908341,80.8701804,9.769233326685386,30.49940729050935,"Lucknow, Uttar Pradesh, India",9,0.20924981459111858,0.8751104909231693,0.0,0.0,2.376693302625668,3.4499687294802546
UP014,2019,4,284.13186813186815,26.7908341,80.8701804,9.769233326685386,30.49940729050935,"Lucknow, Uttar Pradesh, India",9,0.20924981459111858,0.8751104909231693,0.0,0.0,2.376693302625668,3.4499687294802546
UP014,2020,1,252.35164835164835,26.7908341,80.8701804,9.769233326685386,30.49940729050935,"Lucknow, Uttar Pradesh, India",9,0.20924981459111858,0.8751104909231693,0.0,0.0,2.376693302625668,3.4499687294802546
UP014,2020,2,130.52747252747253,26.7908341,80.8701804,9.769233326685386,30.49940729050935,"Lucknow, Uttar Pradesh, India",9,0.20924981459111858,0.8751104909231693,0.0,0.0,2.376693302625668,3.4499687294802546
UP014,2020,3,66.0,26.7908341,80.8701804,9.769233326685386,30.49940729050935,"Lucknow, Uttar Pradesh, India",9,0.20924981459111858,0.8751104909231693,0.0,0.0,2.376693302625668,3.4499687294802546
UP015,2018,1,291.11764705882354,26.866348661658108,80.95033171067419,2.2242575071571937,28.294784540161306,"Lucknow, Uttar Pradesh, India",6,0.4027058581495563,1.6507141719975507,0.0,0.0,1.170702693401808,3.3774094981365015
UP015,2018,2,148.71604938271605,26.866348661658108,80.95033171067419,2.2242575071571937,28.294784540161306,"Lucknow, Uttar Pradesh, India",6,0.4027058581495563,1.6507141719975507,0.0,0.0,1.170702693401808,3.3774094981365015
UP015,2018,3,123.73333333333333,26.866348661658108,80.95033171067419,2.2242575071571937,28.294784540161306,"Lucknow, Uttar Pradesh, India",6,0.4027058581495563,1.6507141719975507,0.0,0.0,1.170702693401808,3.3774094981365015
UP015,2018,4,324.55056179775283,26.866348661658108,80.95033171067419,2.2242575071571937,28.294784540161306,"Lucknow, Uttar Pradesh, India",6,0.4027058581495563,1.6507141719975507,0.0,0.0,1.170702693401808,3.3774094981365015
UP015,2019,1,264.4404761904762,26.866348661658108,80.95033171067419,2.2242575071571937,28.294784540161306,"Lucknow, Uttar Pradesh, India",6,0.4027058581495563,1.6507141719975507,0.0,0.0,1.170702693401808,3.3774094981365015
UP015,2019,2,174.3452380952381,26.866348661658108,80.95033171067419,2.2242575071571937,28.294784540161306,"Lucknow, Uttar Pradesh, India",6,0.4027058581495563,1.6507141719975507,0.0,0.0,1.170702693401808,3.3774094981365015
UP015,2019,3,121.76666666666667,26.866348661658108,80.95033171067419,2.2242575071571937,28.294784540161306,"Lucknow, Uttar Pradesh, India",6,0.4027058581495563,1.6507141719975507,0.0,0.0,1.170702693401808,3.3774094981365015
UP016,2018,1,343.5977011494253,26.83935629597923,80.93808712065486,1.1437299064133983,27.7150733809088,"Lucknow, Uttar Pradesh, India",6,0.5571153982493445,2.265227512008098,0.0,0.0,0.7625472587865634,3.357422189803463
UP016,2018,2,255.38823529411764,26.83935629597923,80.93808712065486,1.1437299064133983,27.7150733809088,"Lucknow, Uttar Pradesh, India",6,0.5571153982493445,2.265227512008098,0.0,0.0,0.7625472587865634,3.357422189803463
UP016,2018,3,124.55172413793103,26.83935629597923,80.93808712065486,1.1437299064133983,27.7150733809088,"Lucknow, Uttar Pradesh, India",6,0.5571153982493445,2.265227512008098,0.0,0.0,0.7625472587865634,3.357422189803463
UP016,2018,4,339.8478260869565,26.83935629597923,80.93808712065486,1.1437299064133983,27.7150733809088,"Lucknow, Uttar Pradesh, India",6,0.5571153982493445,2.265227512008098,0.0,0.0,0.7625472587865634,3.357422189803463
UP016,2019,1,298.9555555555556,26.83935629597923,80.93808712065486,1.1437299064133983,27.7150733809088,"Lucknow, Uttar Pradesh, India",6,0.5571153982493445,2.265227512008098,0.0,0.0,0.7625472587865634,3.357422189803463
UP016,2019,2,256.5813953488372,26.83935629597923,80.93808712065486,1.1437299064133983,27.7150733809088,"Lucknow, Uttar Pradesh, India",6,0.5571153982493445,2.265227512008098,0.0,0.0,0.7625472587865634,3.357422189803463
UP016,2019,3,84.16304347826087,26.83935629597923,80.93808712065486,1.1437299064133983,27.7150733809088,"Lucknow, Uttar Pradesh, India",6,0.5571153982493445,2.265227512008098,0.0,0.0,0.7625472587865634,3.357422189803463
UP016,2019,4,327.95652173913044,26.83935629597923,80.93808712065486,1.1437299064133983,27.7150733809088,"Lucknow, Uttar Pradesh, India",6,0.5571153982493445,2.265227512008098,0.0,0.0,0.7625472587865634,3.357422189803463
UP016,2020,1,254.1978021978022,26.83935629597923,80.93808712065486,1.1437299064133983,27.7150733809088,"Lucknow, Uttar Pradesh, India",6,0.5571153982493445,2.265227512008098,0.0,0.0,0.7625472587865634,3.357422189803463
UP016,2020,2,143.65934065934067,26.83935629597923,80.93808712065486,1.1437299064133983,27.7150733809088,"Lucknow, Uttar Pradesh, India",6,0.5571153982493445,2.265227512008098,0.0,0.0,0.7625472587865634,3.357422189803463
UP016,2020,3,106.0,26.83935629597923,80.93808712065486,1.1437299064133983,27.7150733809088,"Lucknow, Uttar Pradesh, India",6,0.5571153982493445,2.265227512008098,0.0,0.0,0.7625472587865634,3.357422189803463
WB007,2019,3,40.53333333333333,22.5280337,88.3659084,5.160059198568451,19.623098435676358,"Kolkata, West Bengal, India",6,0.3126338692685137,0.9258632725496594,0.0,0.0,1.8180863876564672,3.0264117309122187
WB007,2019,4,199.2888888888889,22.5280337,88.3659084,5.160059198568451,19.623098435676358,"Kolkata, West Bengal, India",6,0.3126338692685137,0.9258632725496594,0.0,0.0,1.8180863876564672,3.0264117309122187
WB007,2020,1,208.24175824175825,22.5280337,88.3659084,5.160059198568451,19.623098435676358,"Kolkata, West Bengal, India",6,0.3126338692685137,0.9258632725496594,0.0,0.0,1.8180863876564672,3.0264117309122187
WB007,2020,2,56.56666666666667,22.5280337,88.3659084,5.160059198568451,19.623098435676358,"Kolkata, West Bengal, India",6,0.3126338692685137,0.9258632725496594,0.0,0.0,1.8180863876564672,3.0264117309122187
WB007,2020,3,30.0,22.5280337,88.3659084,5.160059198568451,19.623098435676358,"Kolkata, West Bengal, India",6,0.3126338692685137,0.9258632725496594,0.0,0.0,1.8180863876564672,3.0264117309122187
WB008,2019,3,39.94871794871795,22.5917378,88.3909399,3.469814233803234,16.984171339752343,"Kolkata, West Bengal, India",7,0.38996172135158325,1.1124009971913638,0.0,0.0,1.4973468493286208,2.889492001009776
WB008,2019,4,147.14772727272728,22.5917378,88.3909399,3.469814233803234,16.984171339752343,"Kolkata, West Bengal, India",7,0.38996172135158325,1.1124009971913638,0.0,0.0,1.4973468493286208,2.889492001009776
WB008,2020,1,157.8095238095238,22.5917378,88.3909399,3.469814233803234,16.984171339752343,"Kolkata, West Bengal, India",7,0.38996172135158325,1.1124009971913638,0.0,0.0,1.4973468493286208,2.889492001009776
WB008,2020,2,57.166666666666664,22.5917378,88.3909399,3.469814233803234,16.984171339752343,"Kolkata, West Bengal, India",7,0.38996172135158325,1.1124009971913638,0.0,0.0,1.4973468493286208,2.889492001009776
WB008,2020,3,52.0,22.5917378,88.3909399,3.469814233803234,16.984171339752343,"Kolkata, West Bengal, India",7,0.38996172135158325,1.1124009971913638,0.0,0.0,1.4973468493286208,2.889492001009776
WB009,2019,2,70.13333333333334,22.5544966,88.3380132,3.375211048774026,17.06550126110683,"Kolkata, West Bengal, India",6,0.40777931665780526,1.1739964608679383,0.0,0.0,1.4759547583658572,2.894004111854104
WB009,2019,3,56.53260869565217,22.5544966,88.3380132,3.375211048774026,17.06550126110683,"Kolkata, West Bengal, India",6,0.40777931665780526,1.1739964608679383,0.0,0.0,1.4759547583658572,2.894004111854104
WB009,2019,4,211.9010989010989,22.5544966,88.3380132,3.375211048774026,17.06550126110683,"Kolkata, West Bengal, India",6,0.40777931665780526,1.1739964608679383,0.0,0.0,1.4759547583658572,2.894004111854104
WB009,2020,1,181.2087912087912,22.5544966,88.3380132,3.375211048774026,17.06550126110683,"Kolkata, West Bengal, India",6,0.40777931665780526,1.1739964608679383,0.0,0.0,1.4759547583658572,2.894004111854104
WB009,2020,2,55.81111111111111,22.5544966,88.3380132,3.375211048774026,17.06550126110683,"Kolkata, West Bengal, India",6,0.40777931665780526,1.1739964608679383,0.0,0.0,1.4759547583658572,2.894004111854104
WB009,2020,3,38.0,22.5544966,88.3380132,3.375211048774026,17.06550126110683,"Kolkata, West Bengal, India",6,0.40777931665780526,1.1739964608679383,0.0,0.0,1.4759547583658572,2.894004111854104
WB010,2019,2,66.88888888888889,22.495499,88.3709006,8.807004332945905,22.25218243617981,"Kolkata, West Bengal, India",6,0.23898738202476213,0.752013654095083,0.0,0.0,2.283096858231836,3.146398995850807
WB010,2019,3,37.47727272727273,22.495499,88.3709006,8.807004332945905,22.25218243617981,"Kolkata, West Bengal, India",6,0.23898738202476213,0.752013654095083,0.0,0.0,2.283096858231836,3.146398995850807
WB010,2019,4,159.2808988764045,22.495499,88.3709006,8.807004332945905,22.25218243617981,"Kolkata, West Bengal, India",6,0.23898738202476213,0.752013654095083,0.0,0.0,2.283096858231836,3.146398995850807
WB010,2020,1,148.6813186813187,22.495499,88.3709006,8.807004332945905,22.25218243617981,"Kolkata, West Bengal, India",6,0.23898738202476213,0.752013654095083,0.0,0.0,2.283096858231836,3.146398995850807
WB010,2020,2,53.010989010989015,22.495499,88.3709006,8.807004332945905,22.25218243617981,"Kolkata, West Bengal, India",6,0.23898738202476213,0.752013654095083,0.0,0.0,2.283096858231836,3.146398995850807
WB010,2020,3,35.0,22.495499,88.3709006,8.807004332945905,22.25218243617981,"Kolkata, West Bengal, India",6,0.23898738202476213,0.752013654095083,0.0,0.0,2.283096858231836,3.146398995850807
WB011,2018,4,364.537037037037,22.58440948424348,88.35935947838648,1.1748309378263833,15.48071147237277,"Kolkata, West Bengal, India",6,0.6336614536297346,1.6150341034592808,0.0,0.0,0.7769509317845388,2.802190695416727
WB011,2019,1,300.2111111111111,22.58440948424348,88.35935947838648,1.1748309378263833,15.48071147237277,"Kolkata, West Bengal, India",6,0.6336614536297346,1.6150341034592808,0.0,0.0,0.7769509317845388,2.802190695416727
WB011,2019,2,101.24175824175825,22.58440948424348,88.35935947838648,1.1748309378263833,15.48071147237277,"Kolkata, West Bengal, India",6,0.6336614536297346,1.6150341034592808,0.0,0.0,0.7769509317845388,2.802190695416727
WB011,2019,3,66.52873563218391,22.58440948424348,88.35935947838648,1.1748309378263833,15.48071147237277,"Kolkata, West Bengal, India",6,0.6336614536297346,1.6150341034592808,0.0,0.0,0.7769509317845388,2.802190695416727
WB011,2019,4,212.15384615384616,22.58440948424348,88.35935947838648,1.1748309378263833,15.48071147237277,"Kolkata, West Bengal, India",6,0.6336614536297346,1.6150341034592808,0.0,0.0,0.7769509317845388,2.802190695416727
WB011,2020,1,209.0875,22.58440948424348,88.35935947838648,1.1748309378263833,15.48071147237277,"Kolkata, West Bengal, India",6,0.6336614536297346,1.6150341034592808,0.0,0.0,0.7769509317845388,2.802190695416727
WB011,2020,2,71.46478873239437,22.58440948424348,88.35935947838648,1.1748309378263833,15.48071147237277,"Kolkata, West Bengal, India",6,0.6336614536297346,1.6150341034592808,0.0,0.0,0.7769509317845388,2.802190695416727
WB011,2020,3,62.0,22.58440948424348,88.35935947838648,1.1748309378263833,15.48071147237277,"Kolkata, West Bengal, India",6,0.6336614536297346,1.6150341034592808,0.0,0.0,0.7769509317845388,2.802190695416727
WB012,2019,3,38.25,22.5122563,88.3635738,6.90537943438003,20.8784677438899,"Kolkata, West Bengal, India",6,0.2712947740944581,0.8321868122501261,0.0,0.0,2.0675434687985677,3.085502945114816
WB012,2019,4,152.20454545454547,22.5122563,88.3635738,6.90537943438003,20.8784677438899,"Kolkata, West Bengal, India",6,0.2712947740944581,0.8321868122501261,0.0,0.0,2.0675434687985677,3.085502945114816
WB012,2020,1,146.83516483516485,22.5122563,88.3635738,6.90537943438003,20.8784677438899,"Kolkata, West Bengal, India",6,0.2712947740944581,0.8321868122501261,0.0,0.0,2.0675434687985677,3.085502945114816
WB012,2020,2,52.60674157303371,22.5122563,88.3635738,6.90537943438003,20.8784677438899,"Kolkata, West Bengal, India",6,0.2712947740944581,0.8321868122501261,0.0,0.0,2.0675434687985677,3.085502945114816
WB012,2020,3,39.0,22.5122563,88.3635738,6.90537943438003,20.8784677438899,"Kolkata, West Bengal, India",6,0.2712947740944581,0.8321868122501261,0.0,0.0,2.0675434687985677,3.085502945114816
WB013,2018,2,76.0,22.5497837,88.3391136,3.6629339933199168,17.454504033025717,"Kolkata, West Bengal, India",6,0.3897475751119801,1.1300758009364147,0.0,0.0,1.5396448623152974,2.91530846172505
WB013,2018,3,68.17391304347827,22.5497837,88.3391136,3.6629339933199168,17.454504033025717,"Kolkata, West Bengal, India",6,0.3897475751119801,1.1300758009364147,0.0,0.0,1.5396448623152974,2.91530846172505
WB013,2018,4,244.1086956521739,22.5497837,88.3391136,3.6629339933199168,17.454504033025717,"Kolkata, West Bengal, India",6,0.3897475751119801,1.1300758009364147,0.0,0.0,1.5396448623152974,2.91530846172505
WB013,2019,1,222.4777777777778,22.5497837,88.3391136,3.6629339933199168,17.454504033025717,"Kolkata, West Bengal, India",6,0.3897475751119801,1.1300758009364147,0.0,0.0,1.5396448623152974,2.91530846172505
WB013,2019,2,63.94444444444444,22.5497837,88.3391136,3.6629339933199168,17.454504033025717,"Kolkata, West Bengal, India",6,0.3897475751119801,1.1300758009364147,0.0,0.0,1.5396448623152974,2.91530846172505
WB013,2019,3,68.59782608695652,22.5497837,88.3391136,3.6629339933199168,17.454504033025717,"Kolkata, West Bengal, India",6,0.3897475751119801,1.1300758009364147,0.0,0.0,1.5396448623152974,2.91530846172505
WB013,2019,4,188.93258426966293,22.5497837,88.3391136,3.6629339933199168,17.454504033025717,"Kolkata, West Bengal, India",6,0.3897475751119801,1.1300758009364147,0.0,0.0,1.5396448623152974,2.91530846172505
WB013,2020,1,200.7888888888889,22.5497837,88.3391136,3.6629339933199168,17.454504033025717,"Kolkata, West Bengal, India",6,0.3897475751119801,1.1300758009364147,0.0,0.0,1.5396448623152974,2.91530846172505
WB013,2020,2,56.265822784810126,22.5497837,88.3391136,3.6629339933199168,17.454504033025717,"Kolkata, West Bengal, India",6,0.3897475751119801,1.1300758009364147,0.0,0.0,1.5396448623152974,2.91530846172505
WB013,2020,3,59.0,22.5497837,88.3391136,3.6629339933199168,17.454504033025717,"Kolkata, West Bengal, India",6,0.3897475751119801,1.1300758009364147,0.0,0.0,1.5396448623152974,2.91530846172505
