stationid,year,season,aqi_mean,city_clean,state_clean,district_clean,district_seasonal_rainfall_mm,state_seasonal_rainfall_mm,weighted_seasonal_rainfall_mm,rainfall_source,log_weighted_seasonal_rainfall_mm
AP001,2018,1,120.74157303370787,amaravati,andhra pradesh,,,0.31797330869602974,0.31797330869602974,state_only,0.27609518450653575
AP001,2018,2,81.05555555555556,amaravati,andhra pradesh,,,2.425050352507692,2.425050352507692,state_only,1.231116173068223
AP001,2018,3,71.60714285714286,amaravati,andhra pradesh,,,5.395456182933002,5.395456182933002,state_only,1.8555877667998486
AP001,2018,4,134.88059701492537,amaravati,andhra pradesh,,,2.28453788600488,2.28453788600488,state_only,1.1892259680699455
AP001,2019,1,138.45555555555555,amaravati,andhra pradesh,,,0.31797330869602974,0.31797330869602974,state_only,0.27609518450653575
AP001,2019,2,82.95402298850574,amaravati,andhra pradesh,,,2.425050352507692,2.425050352507692,state_only,1.231116173068223
AP001,2019,3,48.765957446808514,amaravati,andhra pradesh,,,5.395456182933002,5.395456182933002,state_only,1.8555877667998486
AP001,2019,4,99.55294117647058,amaravati,andhra pradesh,,,2.28453788600488,2.28453788600488,state_only,1.1892259680699455
AP001,2020,1,69.27472527472527,amaravati,andhra pradesh,,,0.31797330869602974,0.31797330869602974,state_only,0.27609518450653575
AP001,2020,2,50.54945054945055,amaravati,andhra pradesh,,,2.425050352507692,2.425050352507692,state_only,1.231116173068223
AP001,2020,3,54.0,amaravati,andhra pradesh,,,5.395456182933002,5.395456182933002,state_only,1.8555877667998486
AP005,2018,1,161.25581395348837,visakhapatnam,andhra pradesh,,,0.31797330869602974,0.31797330869602974,state_only,0.27609518450653575
AP005,2018,2,84.44444444444444,visakhapatnam,andhra pradesh,,,2.425050352507692,2.425050352507692,state_only,1.231116173068223
AP005,2018,3,97.8170731707317,visakhapatnam,andhra pradesh,,,5.395456182933002,5.395456182933002,state_only,1.8555877667998486
AP005,2018,4,146.88311688311688,visakhapatnam,andhra pradesh,,,2.28453788600488,2.28453788600488,state_only,1.1892259680699455
AP005,2019,1,171.35632183908046,visakhapatnam,andhra pradesh,,,0.31797330869602974,0.31797330869602974,state_only,0.27609518450653575
AP005,2019,2,107.15730337078652,visakhapatnam,andhra pradesh,,,2.425050352507692,2.425050352507692,state_only,1.231116173068223
AP005,2019,3,90.26582278481013,visakhapatnam,andhra pradesh,,,5.395456182933002,5.395456182933002,state_only,1.8555877667998486
AP005,2019,4,122.30232558139535,visakhapatnam,andhra pradesh,,,2.28453788600488,2.28453788600488,state_only,1.1892259680699455
AP005,2020,1,102.55681818181819,visakhapatnam,andhra pradesh,,,0.31797330869602974,0.31797330869602974,state_only,0.27609518450653575
AP005,2020,2,67.40449438202248,visakhapatnam,andhra pradesh,,,2.425050352507692,2.425050352507692,state_only,1.231116173068223
AP005,2020,3,50.0,visakhapatnam,andhra pradesh,,,5.395456182933002,5.395456182933002,state_only,1.8555877667998486
AS001,2019,1,208.95238095238096,guwahati,assam,,,1.304970909008472,1.304970909008472,state_only,0.8350680555483491
AS001,2019,2,91.02247191011236,guwahati,assam,,,15.152517582784359,15.152517582784359,state_only,2.7820759249983826
AS001,2019,3,82.2,guwahati,assam,,,7.891187629919453,7.891187629919453,state_only,2.1850606322702215
AS001,2019,4,170.5934065934066,guwahati,assam,,,1.593115232413555,1.593115232413555,state_only,0.9528599453737961
AS001,2020,1,250.34065934065933,guwahati,assam,,,1.304970909008472,1.304970909008472,state_only,0.8350680555483491
AS001,2020,2,74.05494505494505,guwahati,assam,,,15.152517582784359,15.152517582784359,state_only,2.7820759249983826
AS001,2020,3,36.0,guwahati,assam,,,7.891187629919453,7.891187629919453,state_only,2.1850606322702215
BR005,2020,1,204.19230769230768,patna,bihar,patna,0.37578314000000007,0.4196796592606112,0.3797737326600556,district+state_weighted,0.3219195238853619
BR005,2020,2,83.54166666666667,patna,bihar,patna,2.504985474193548,3.3308015761722127,2.5800596652825174,district+state_weighted,1.2753794665537608
BR005,2020,3,198.0,patna,bihar,patna,5.451017088451613,5.957218587179852,5.497035406517817,district+state_weighted,1.8713459815553648
BR006,2020,1,212.1153846153846,patna,bihar,patna,0.37578314000000007,0.4196796592606112,0.3797737326600556,district+state_weighted,0.3219195238853619
BR006,2020,2,114.6,patna,bihar,patna,2.504985474193548,3.3308015761722127,2.5800596652825174,district+state_weighted,1.2753794665537608
BR006,2020,3,100.0,patna,bihar,patna,5.451017088451613,5.957218587179852,5.497035406517817,district+state_weighted,1.8713459815553648
BR007,2018,1,316.8636363636364,patna,bihar,patna,0.37578314000000007,0.4196796592606112,0.3797737326600556,district+state_weighted,0.3219195238853619
BR007,2018,2,172.95604395604394,patna,bihar,patna,2.504985474193548,3.3308015761722127,2.5800596652825174,district+state_weighted,1.2753794665537608
BR007,2018,3,107.14285714285714,patna,bihar,patna,5.451017088451613,5.957218587179852,5.497035406517817,district+state_weighted,1.8713459815553648
BR007,2018,4,340.31868131868134,patna,bihar,patna,0.8713436860215055,0.9738602817416808,0.8806633765415214,district+state_weighted,0.6316245744639689
BR007,2019,1,305.44444444444446,patna,bihar,patna,0.37578314000000007,0.4196796592606112,0.3797737326600556,district+state_weighted,0.3219195238853619
BR007,2019,2,153.13333333333333,patna,bihar,patna,2.504985474193548,3.3308015761722127,2.5800596652825174,district+state_weighted,1.2753794665537608
BR007,2019,3,104.13186813186813,patna,bihar,patna,5.451017088451613,5.957218587179852,5.497035406517817,district+state_weighted,1.8713459815553648
BR007,2019,4,319.9886363636364,patna,bihar,patna,0.8713436860215055,0.9738602817416808,0.8806633765415214,district+state_weighted,0.6316245744639689
BR007,2020,1,260.77777777777777,patna,bihar,patna,0.37578314000000007,0.4196796592606112,0.3797737326600556,district+state_weighted,0.3219195238853619
BR007,2020,2,122.26315789473684,patna,bihar,patna,2.504985474193548,3.3308015761722127,2.5800596652825174,district+state_weighted,1.2753794665537608
BR007,2020,3,105.0,patna,bihar,patna,5.451017088451613,5.957218587179852,5.497035406517817,district+state_weighted,1.8713459815553648
BR008,2019,4,250.85714285714286,patna,bihar,patna,0.8713436860215055,0.9738602817416808,0.8806633765415214,district+state_weighted,0.6316245744639689
BR008,2020,1,155.03571428571428,patna,bihar,patna,0.37578314000000007,0.4196796592606112,0.3797737326600556,district+state_weighted,0.3219195238853619
BR008,2020,2,90.24444444444444,patna,bihar,patna,2.504985474193548,3.3308015761722127,2.5800596652825174,district+state_weighted,1.2753794665537608
BR008,2020,3,74.0,patna,bihar,patna,5.451017088451613,5.957218587179852,5.497035406517817,district+state_weighted,1.8713459815553648
BR009,2019,4,263.85714285714283,patna,bihar,patna,0.8713436860215055,0.9738602817416808,0.8806633765415214,district+state_weighted,0.6316245744639689
BR009,2020,1,169.22727272727272,patna,bihar,patna,0.37578314000000007,0.4196796592606112,0.3797737326600556,district+state_weighted,0.3219195238853619
BR009,2020,2,94.45054945054945,patna,bihar,patna,2.504985474193548,3.3308015761722127,2.5800596652825174,district+state_weighted,1.2753794665537608
BR009,2020,3,67.0,patna,bihar,patna,5.451017088451613,5.957218587179852,5.497035406517817,district+state_weighted,1.8713459815553648
BR010,2019,4,328.0,patna,bihar,patna,0.8713436860215055,0.9738602817416808,0.8806633765415214,district+state_weighted,0.6316245744639689
BR010,2020,1,227.86516853932585,patna,bihar,patna,0.37578314000000007,0.4196796592606112,0.3797737326600556,district+state_weighted,0.3219195238853619
BR010,2020,2,172.84615384615384,patna,bihar,patna,2.504985474193548,3.3308015761722127,2.5800596652825174,district+state_weighted,1.2753794665537608
BR010,2020,3,46.0,patna,bihar,patna,5.451017088451613,5.957218587179852,5.497035406517817,district+state_weighted,1.8713459815553648
CH001,2019,3,85.16,chandigarh,chandigarh,chandigarh,7.9078187107526885,7.9078187107526885,7.907818710752689,district+state_weighted,2.1869293979029716
CH001,2019,4,149.2391304347826,chandigarh,chandigarh,chandigarh,0.431215053763441,0.431215053763441,0.43121505376344094,district+state_weighted,0.35852377143782765
CH001,2020,1,80.68131868131869,chandigarh,chandigarh,chandigarh,2.616129032258065,2.616129032258065,2.616129032258065,district+state_weighted,1.285404125592968
CH001,2020,2,62.06666666666667,chandigarh,chandigarh,chandigarh,1.1709677419354838,1.1709677419354838,1.1709677419354838,district+state_weighted,0.7751730321655358
CH001,2020,3,66.0,chandigarh,chandigarh,chandigarh,7.9078187107526885,7.9078187107526885,7.907818710752689,district+state_weighted,2.1869293979029716
DL001,2018,4,365.76,delhi,delhi,,,1.0373160736348974,1.0373160736348974,state_only,0.7116332914496049
DL001,2019,1,257.56666666666666,delhi,delhi,,,1.4049928068465298,1.4049928068465298,state_only,0.877546912637048
DL001,2019,2,210.20987654320987,delhi,delhi,,,6.427121706737048,6.427121706737048,state_only,2.0051383956186055
DL001,2019,3,94.06521739130434,delhi,delhi,,,5.4320179830793744,5.4320179830793744,state_only,1.8612883277495251
DL001,2019,4,309.6111111111111,delhi,delhi,,,1.0373160736348974,1.0373160736348974,state_only,0.7116332914496049
DL001,2020,1,220.73626373626374,delhi,delhi,,,1.4049928068465298,1.4049928068465298,state_only,0.877546912637048
DL001,2020,2,134.73033707865167,delhi,delhi,,,6.427121706737048,6.427121706737048,state_only,2.0051383956186055
DL001,2020,3,108.0,delhi,delhi,,,5.4320179830793744,5.4320179830793744,state_only,1.8612883277495251
DL002,2018,1,376.6024096385542,delhi,delhi,,,1.4049928068465298,1.4049928068465298,state_only,0.877546912637048
DL002,2018,2,286.01176470588234,delhi,delhi,,,6.427121706737048,6.427121706737048,state_only,2.0051383956186055
DL002,2018,3,174.4090909090909,delhi,delhi,,,5.4320179830793744,5.4320179830793744,state_only,1.8612883277495251
DL002,2018,4,445.9021739130435,delhi,delhi,,,1.0373160736348974,1.0373160736348974,state_only,0.7116332914496049
DL002,2019,1,312.68888888888887,delhi,delhi,,,1.4049928068465298,1.4049928068465298,state_only,0.877546912637048
DL002,2019,2,257.9222222222222,delhi,delhi,,,6.427121706737048,6.427121706737048,state_only,2.0051383956186055
DL002,2019,3,147.26136363636363,delhi,delhi,,,5.4320179830793744,5.4320179830793744,state_only,1.8612883277495251
DL002,2019,4,374.6703296703297,delhi,delhi,,,1.0373160736348974,1.0373160736348974,state_only,0.7116332914496049
DL002,2020,1,258.8988764044944,delhi,delhi,,,1.4049928068465298,1.4049928068465298,state_only,0.877546912637048
DL002,2020,2,166.3709677419355,delhi,delhi,,,6.427121706737048,6.427121706737048,state_only,2.0051383956186055
DL002,2020,3,157.0,delhi,delhi,,,5.4320179830793744,5.4320179830793744,state_only,1.8612883277495251
DL003,2018,1,307.125,delhi,delhi,,,1.4049928068465298,1.4049928068465298,state_only,0.877546912637048
DL003,2018,2,254.84444444444443,delhi,delhi,,,6.427121706737048,6.427121706737048,state_only,2.0051383956186055
DL003,2018,3,117.16304347826087,delhi,delhi,,,5.4320179830793744,5.4320179830793744,state_only,1.8612883277495251
DL003,2018,4,369.0217391304348,delhi,delhi,,,1.0373160736348974,1.0373160736348974,state_only,0.7116332914496049
DL003,2019,1,296.55555555555554,delhi,delhi,,,1.4049928068465298,1.4049928068465298,state_only,0.877546912637048
DL003,2019,2,224.8111111111111,delhi,delhi,,,6.427121706737048,6.427121706737048,state_only,2.0051383956186055
DL003,2019,3,129.9673913043478,delhi,delhi,,,5.4320179830793744,5.4320179830793744,state_only,1.8612883277495251
DL003,2019,4,347.85869565217394,delhi,delhi,,,1.0373160736348974,1.0373160736348974,state_only,0.7116332914496049
DL003,2020,1,254.26373626373626,delhi,delhi,,,1.4049928068465298,1.4049928068465298,state_only,0.877546912637048
DL003,2020,2,110.52747252747253,delhi,delhi,,,6.427121706737048,6.427121706737048,state_only,2.0051383956186055
DL003,2020,3,99.0,delhi,delhi,,,5.4320179830793744,5.4320179830793744,state_only,1.8612883277495251
DL004,2018,1,237.95555555555555,delhi,delhi,,,1.4049928068465298,1.4049928068465298,state_only,0.877546912637048
DL004,2018,2,204.8735632183908,delhi,delhi,,,6.427121706737048,6.427121706737048,state_only,2.0051383956186055
DL004,2018,3,106.29885057471265,delhi,delhi,,,5.4320179830793744,5.4320179830793744,state_only,1.8612883277495251
DL004,2018,4,282.80898876404495,delhi,delhi,,,1.0373160736348974,1.0373160736348974,state_only,0.7116332914496049
DL004,2019,1,185.70114942528735,delhi,delhi,,,1.4049928068465298,1.4049928068465298,state_only,0.877546912637048
DL004,2019,2,146.50574712643677,delhi,delhi,,,6.427121706737048,6.427121706737048,state_only,2.0051383956186055
DL004,2019,3,109.78260869565217,delhi,delhi,,,5.4320179830793744,5.4320179830793744,state_only,1.8612883277495251
DL004,2019,4,279.64130434782606,delhi,delhi,,,1.0373160736348974,1.0373160736348974,state_only,0.7116332914496049
DL004,2020,1,168.3846153846154,delhi,delhi,,,1.4049928068465298,1.4049928068465298,state_only,0.877546912637048
DL004,2020,2,103.86363636363636,delhi,delhi,,,6.427121706737048,6.427121706737048,state_only,2.0051383956186055
DL004,2020,3,90.0,delhi,delhi,,,5.4320179830793744,5.4320179830793744,state_only,1.8612883277495251
DL005,2018,3,117.60227272727273,delhi,delhi,,,5.4320179830793744,5.4320179830793744,state_only,1.8612883277495251
DL005,2018,4,394.8152173913044,delhi,delhi,,,1.0373160736348974,1.0373160736348974,state_only,0.7116332914496049
DL005,2019,1,323.0,delhi,delhi,,,1.4049928068465298,1.4049928068465298,state_only,0.877546912637048
DL005,2019,2,254.62222222222223,delhi,delhi,,,6.427121706737048,6.427121706737048,state_only,2.0051383956186055
DL005,2019,3,127.65217391304348,delhi,delhi,,,5.4320179830793744,5.4320179830793744,state_only,1.8612883277495251
DL005,2019,4,352.2717391304348,delhi,delhi,,,1.0373160736348974,1.0373160736348974,state_only,0.7116332914496049
DL005,2020,1,275.4111111111111,delhi,delhi,,,1.4049928068465298,1.4049928068465298,state_only,0.877546912637048
DL005,2020,2,170.48314606741573,delhi,delhi,,,6.427121706737048,6.427121706737048,state_only,2.0051383956186055
DL005,2020,3,129.0,delhi,delhi,,,5.4320179830793744,5.4320179830793744,state_only,1.8612883277495251
DL006,2018,1,240.42222222222222,delhi,delhi,,,1.4049928068465298,1.4049928068465298,state_only,0.877546912637048
DL006,2018,2,226.9268292682927,delhi,delhi,,,6.427121706737048,6.427121706737048,state_only,2.0051383956186055
DL006,2018,3,112.56410256410257,delhi,delhi,,,5.4320179830793744,5.4320179830793744,state_only,1.8612883277495251
DL006,2018,4,372.25,delhi,delhi,,,1.0373160736348974,1.0373160736348974,state_only,0.7116332914496049
DL006,2019,1,253.92045454545453,delhi,delhi,,,1.4049928068465298,1.4049928068465298,state_only,0.877546912637048
DL006,2019,2,194.3448275862069,delhi,delhi,,,6.427121706737048,6.427121706737048,state_only,2.0051383956186055
DL006,2019,3,112.72826086956522,delhi,delhi,,,5.4320179830793744,5.4320179830793744,state_only,1.8612883277495251
DL006,2019,4,293.1081081081081,delhi,delhi,,,1.0373160736348974,1.0373160736348974,state_only,0.7116332914496049
DL007,2018,1,306.0112359550562,delhi,delhi,,,1.4049928068465298,1.4049928068465298,state_only,0.877546912637048
DL007,2018,2,241.31034482758622,delhi,delhi,,,6.427121706737048,6.427121706737048,state_only,2.0051383956186055
DL007,2018,3,151.32608695652175,delhi,delhi,,,5.4320179830793744,5.4320179830793744,state_only,1.8612883277495251
DL007,2018,4,385.67058823529413,delhi,delhi,,,1.0373160736348974,1.0373160736348974,state_only,0.7116332914496049
DL007,2019,1,261.55172413793105,delhi,delhi,,,1.4049928068465298,1.4049928068465298,state_only,0.877546912637048
DL007,2019,2,219.02197802197801,delhi,delhi,,,6.427121706737048,6.427121706737048,state_only,2.0051383956186055
DL007,2019,3,118.1304347826087,delhi,delhi,,,5.4320179830793744,5.4320179830793744,state_only,1.8612883277495251
DL007,2019,4,321.45652173913044,delhi,delhi,,,1.0373160736348974,1.0373160736348974,state_only,0.7116332914496049
DL007,2020,1,236.07692307692307,delhi,delhi,,,1.4049928068465298,1.4049928068465298,state_only,0.877546912637048
DL007,2020,2,119.04395604395604,delhi,delhi,,,6.427121706737048,6.427121706737048,state_only,2.0051383956186055
DL007,2020,3,97.0,delhi,delhi,,,5.4320179830793744,5.4320179830793744,state_only,1.8612883277495251
DL008,2018,1,322.9154929577465,delhi,delhi,,,1.4049928068465298,1.4049928068465298,state_only,0.877546912637048
DL008,2018,2,271.88505747126436,delhi,delhi,,,6.427121706737048,6.427121706737048,state_only,2.0051383956186055
DL008,2018,3,107.43478260869566,delhi,delhi,,,5.4320179830793744,5.4320179830793744,state_only,1.8612883277495251
DL008,2018,4,388.74725274725273,delhi,delhi,,,1.0373160736348974,1.0373160736348974,state_only,0.7116332914496049
DL008,2019,1,284.7176470588235,delhi,delhi,,,1.4049928068465298,1.4049928068465298,state_only,0.877546912637048
DL008,2019,2,240.92134831460675,delhi,delhi,,,6.427121706737048,6.427121706737048,state_only,2.0051383956186055
DL008,2019,3,124.43333333333334,delhi,delhi,,,5.4320179830793744,5.4320179830793744,state_only,1.8612883277495251
DL008,2019,4,342.15384615384613,delhi,delhi,,,1.0373160736348974,1.0373160736348974,state_only,0.7116332914496049
DL008,2020,1,272.6666666666667,delhi,delhi,,,1.4049928068465298,1.4049928068465298,state_only,0.877546912637048
DL008,2020,2,162.4835164835165,delhi,delhi,,,6.427121706737048,6.427121706737048,state_only,2.0051383956186055
DL008,2020,3,167.0,delhi,delhi,,,5.4320179830793744,5.4320179830793744,state_only,1.8612883277495251
DL009,2018,1,211.25,delhi,delhi,,,1.4049928068465298,1.4049928068465298,state_only,0.877546912637048
DL009,2018,2,204.1868131868132,delhi,delhi,,,6.427121706737048,6.427121706737048,state_only,2.0051383956186055
DL009,2018,3,111.36666666666666,delhi,delhi,,,5.4320179830793744,5.4320179830793744,state_only,1.8612883277495251
DL009,2018,4,307.0,delhi,delhi,,,1.0373160736348974,1.0373160736348974,state_only,0.7116332914496049
DL009,2019,1,241.1123595505618,delhi,delhi,,,1.4049928068465298,1.4049928068465298,state_only,0.877546912637048
DL009,2019,2,176.22222222222223,delhi,delhi,,,6.427121706737048,6.427121706737048,state_only,2.0051383956186055
DL009,2019,3,88.04347826086956,delhi,delhi,,,5.4320179830793744,5.4320179830793744,state_only,1.8612883277495251
DL009,2019,4,315.10869565217394,delhi,delhi,,,1.0373160736348974,1.0373160736348974,state_only,0.7116332914496049
DL009,2020,1,232.25274725274724,delhi,delhi,,,1.4049928068465298,1.4049928068465298,state_only,0.877546912637048
DL009,2020,2,161.82417582417582,delhi,delhi,,,6.427121706737048,6.427121706737048,state_only,2.0051383956186055
DL009,2020,3,111.0,delhi,delhi,,,5.4320179830793744,5.4320179830793744,state_only,1.8612883277495251
DL010,2018,1,339.9824561403509,delhi,delhi,,,1.4049928068465298,1.4049928068465298,state_only,0.877546912637048
DL010,2018,2,237.82222222222222,delhi,delhi,,,6.427121706737048,6.427121706737048,state_only,2.0051383956186055
DL010,2018,3,141.1304347826087,delhi,delhi,,,5.4320179830793744,5.4320179830793744,state_only,1.8612883277495251
DL010,2018,4,399.0217391304348,delhi,delhi,,,1.0373160736348974,1.0373160736348974,state_only,0.7116332914496049
DL010,2019,1,290.26666666666665,delhi,delhi,,,1.4049928068465298,1.4049928068465298,state_only,0.877546912637048
DL010,2019,2,270.8666666666667,delhi,delhi,,,6.427121706737048,6.427121706737048,state_only,2.0051383956186055
DL010,2019,3,165.18478260869566,delhi,delhi,,,5.4320179830793744,5.4320179830793744,state_only,1.8612883277495251
DL010,2019,4,380.32608695652175,delhi,delhi,,,1.0373160736348974,1.0373160736348974,state_only,0.7116332914496049
DL010,2020,1,273.3076923076923,delhi,delhi,,,1.4049928068465298,1.4049928068465298,state_only,0.877546912637048
DL010,2020,2,139.3846153846154,delhi,delhi,,,6.427121706737048,6.427121706737048,state_only,2.0051383956186055
DL010,2020,3,121.0,delhi,delhi,,,5.4320179830793744,5.4320179830793744,state_only,1.8612883277495251
DL012,2018,1,224.38888888888889,delhi,delhi,,,1.4049928068465298,1.4049928068465298,state_only,0.877546912637048
DL012,2018,2,174.1868131868132,delhi,delhi,,,6.427121706737048,6.427121706737048,state_only,2.0051383956186055
DL012,2018,3,96.74444444444444,delhi,delhi,,,5.4320179830793744,5.4320179830793744,state_only,1.8612883277495251
DL012,2018,4,297.2134831460674,delhi,delhi,,,1.0373160736348974,1.0373160736348974,state_only,0.7116332914496049
DL012,2019,1,230.90804597701148,delhi,delhi,,,1.4049928068465298,1.4049928068465298,state_only,0.877546912637048
DL012,2019,2,190.18421052631578,delhi,delhi,,,6.427121706737048,6.427121706737048,state_only,2.0051383956186055
DL012,2019,3,116.08108108108108,delhi,delhi,,,5.4320179830793744,5.4320179830793744,state_only,1.8612883277495251
DL012,2019,4,293.8152173913044,delhi,delhi,,,1.0373160736348974,1.0373160736348974,state_only,0.7116332914496049
DL012,2020,1,196.86813186813185,delhi,delhi,,,1.4049928068465298,1.4049928068465298,state_only,0.877546912637048
DL012,2020,2,102.6067415730337,delhi,delhi,,,6.427121706737048,6.427121706737048,state_only,2.0051383956186055
DL012,2020,3,92.0,delhi,delhi,,,5.4320179830793744,5.4320179830793744,state_only,1.8612883277495251
DL013,2018,1,227.32222222222222,delhi,delhi,,,1.4049928068465298,1.4049928068465298,state_only,0.877546912637048
DL013,2018,2,205.93333333333334,delhi,delhi,,,6.427121706737048,6.427121706737048,state_only,2.0051383956186055
DL013,2018,3,98.96511627906976,delhi,delhi,,,5.4320179830793744,5.4320179830793744,state_only,1.8612883277495251
DL013,2018,4,277.3333333333333,delhi,delhi,,,1.0373160736348974,1.0373160736348974,state_only,0.7116332914496049
DL013,2019,1,271.96666666666664,delhi,delhi,,,1.4049928068465298,1.4049928068465298,state_only,0.877546912637048
DL013,2019,2,234.55555555555554,delhi,delhi,,,6.427121706737048,6.427121706737048,state_only,2.0051383956186055
DL013,2019,3,106.36781609195403,delhi,delhi,,,5.4320179830793744,5.4320179830793744,state_only,1.8612883277495251
DL013,2019,4,269.2717391304348,delhi,delhi,,,1.0373160736348974,1.0373160736348974,state_only,0.7116332914496049
DL013,2020,1,210.01098901098902,delhi,delhi,,,1.4049928068465298,1.4049928068465298,state_only,0.877546912637048
DL013,2020,2,96.73626373626374,delhi,delhi,,,6.427121706737048,6.427121706737048,state_only,2.0051383956186055
DL013,2020,3,85.0,delhi,delhi,,,5.4320179830793744,5.4320179830793744,state_only,1.8612883277495251
DL014,2018,1,256.5263157894737,delhi,delhi,,,1.4049928068465298,1.4049928068465298,state_only,0.877546912637048
DL014,2018,2,242.14285714285714,delhi,delhi,,,6.427121706737048,6.427121706737048,state_only,2.0051383956186055
DL014,2018,3,105.59154929577464,delhi,delhi,,,5.4320179830793744,5.4320179830793744,state_only,1.8612883277495251
DL014,2018,4,338.5652173913044,delhi,delhi,,,1.0373160736348974,1.0373160736348974,state_only,0.7116332914496049
DL014,2019,1,267.1685393258427,delhi,delhi,,,1.4049928068465298,1.4049928068465298,state_only,0.877546912637048
DL014,2019,2,194.35955056179776,delhi,delhi,,,6.427121706737048,6.427121706737048,state_only,2.0051383956186055
DL014,2019,3,91.28888888888889,delhi,delhi,,,5.4320179830793744,5.4320179830793744,state_only,1.8612883277495251
DL014,2019,4,309.14130434782606,delhi,delhi,,,1.0373160736348974,1.0373160736348974,state_only,0.7116332914496049
DL014,2020,1,247.4,delhi,delhi,,,1.4049928068465298,1.4049928068465298,state_only,0.877546912637048
DL014,2020,2,160.5595238095238,delhi,delhi,,,6.427121706737048,6.427121706737048,state_only,2.0051383956186055
DL014,2020,3,122.0,delhi,delhi,,,5.4320179830793744,5.4320179830793744,state_only,1.8612883277495251
DL015,2018,1,359.64912280701753,delhi,delhi,,,1.4049928068465298,1.4049928068465298,state_only,0.877546912637048
DL015,2018,2,272.8901098901099,delhi,delhi,,,6.427121706737048,6.427121706737048,state_only,2.0051383956186055
DL015,2018,3,131.92222222222222,delhi,delhi,,,5.4320179830793744,5.4320179830793744,state_only,1.8612883277495251
DL015,2018,4,423.7717391304348,delhi,delhi,,,1.0373160736348974,1.0373160736348974,state_only,0.7116332914496049
DL015,2019,1,323.73333333333335,delhi,delhi,,,1.4049928068465298,1.4049928068465298,state_only,0.877546912637048
DL015,2019,2,239.48888888888888,delhi,delhi,,,6.427121706737048,6.427121706737048,state_only,2.0051383956186055
DL015,2019,3,119.19565217391305,delhi,delhi,,,5.4320179830793744,5.4320179830793744,state_only,1.8612883277495251
DL015,2019,4,365.0326086956522,delhi,delhi,,,1.0373160736348974,1.0373160736348974,state_only,0.7116332914496049
DL015,2020,1,275.69662921348316,delhi,delhi,,,1.4049928068465298,1.4049928068465298,state_only,0.877546912637048
DL015,2020,2,132.48888888888888,delhi,delhi,,,6.427121706737048,6.427121706737048,state_only,2.0051383956186055
DL015,2020,3,102.0,delhi,delhi,,,5.4320179830793744,5.4320179830793744,state_only,1.8612883277495251
DL016,2018,1,276.10526315789474,delhi,delhi,,,1.4049928068465298,1.4049928068465298,state_only,0.877546912637048
DL016,2018,2,221.65555555555557,delhi,delhi,,,6.427121706737048,6.427121706737048,state_only,2.0051383956186055
DL016,2018,3,103.68478260869566,delhi,delhi,,,5.4320179830793744,5.4320179830793744,state_only,1.8612883277495251
DL016,2018,4,334.38461538461536,delhi,delhi,,,1.0373160736348974,1.0373160736348974,state_only,0.7116332914496049
DL016,2019,1,272.55056179775283,delhi,delhi,,,1.4049928068465298,1.4049928068465298,state_only,0.877546912637048
DL016,2019,2,206.8,delhi,delhi,,,6.427121706737048,6.427121706737048,state_only,2.0051383956186055
DL016,2019,3,113.16304347826087,delhi,delhi,,,5.4320179830793744,5.4320179830793744,state_only,1.8612883277495251
DL016,2019,4,330.42857142857144,delhi,delhi,,,1.0373160736348974,1.0373160736348974,state_only,0.7116332914496049
DL016,2020,1,228.7032967032967,delhi,delhi,,,1.4049928068465298,1.4049928068465298,state_only,0.877546912637048
DL016,2020,2,128.06593406593407,delhi,delhi,,,6.427121706737048,6.427121706737048,state_only,2.0051383956186055
DL016,2020,3,94.0,delhi,delhi,,,5.4320179830793744,5.4320179830793744,state_only,1.8612883277495251
DL017,2018,1,233.45977011494253,delhi,delhi,,,1.4049928068465298,1.4049928068465298,state_only,0.877546912637048
DL017,2018,2,199.9404761904762,delhi,delhi,,,6.427121706737048,6.427121706737048,state_only,2.0051383956186055
DL017,2018,3,103.5,delhi,delhi,,,5.4320179830793744,5.4320179830793744,state_only,1.8612883277495251
DL017,2018,4,292.6923076923077,delhi,delhi,,,1.0373160736348974,1.0373160736348974,state_only,0.7116332914496049
DL017,2019,1,202.6235294117647,delhi,delhi,,,1.4049928068465298,1.4049928068465298,state_only,0.877546912637048
DL017,2019,2,163.76404494382024,delhi,delhi,,,6.427121706737048,6.427121706737048,state_only,2.0051383956186055
DL017,2019,3,103.98823529411764,delhi,delhi,,,5.4320179830793744,5.4320179830793744,state_only,1.8612883277495251
DL017,2019,4,271.84090909090907,delhi,delhi,,,1.0373160736348974,1.0373160736348974,state_only,0.7116332914496049
DL017,2020,1,177.8901098901099,delhi,delhi,,,1.4049928068465298,1.4049928068465298,state_only,0.877546912637048
DL017,2020,2,143.25974025974025,delhi,delhi,,,6.427121706737048,6.427121706737048,state_only,2.0051383956186055
DL017,2020,3,100.0,delhi,delhi,,,5.4320179830793744,5.4320179830793744,state_only,1.8612883277495251
DL018,2018,1,255.71929824561403,delhi,delhi,,,1.4049928068465298,1.4049928068465298,state_only,0.877546912637048
DL018,2018,2,237.36263736263737,delhi,delhi,,,6.427121706737048,6.427121706737048,state_only,2.0051383956186055
DL018,2018,3,107.97826086956522,delhi,delhi,,,5.4320179830793744,5.4320179830793744,state_only,1.8612883277495251
DL018,2018,4,327.9021739130435,delhi,delhi,,,1.0373160736348974,1.0373160736348974,state_only,0.7116332914496049
DL018,2019,1,240.23333333333332,delhi,delhi,,,1.4049928068465298,1.4049928068465298,state_only,0.877546912637048
DL018,2019,2,191.74444444444444,delhi,delhi,,,6.427121706737048,6.427121706737048,state_only,2.0051383956186055
DL018,2019,3,101.93478260869566,delhi,delhi,,,5.4320179830793744,5.4320179830793744,state_only,1.8612883277495251
DL018,2019,4,295.60869565217394,delhi,delhi,,,1.0373160736348974,1.0373160736348974,state_only,0.7116332914496049
DL018,2020,1,220.58241758241758,delhi,delhi,,,1.4049928068465298,1.4049928068465298,state_only,0.877546912637048
DL018,2020,2,126.93333333333334,delhi,delhi,,,6.427121706737048,6.427121706737048,state_only,2.0051383956186055
DL018,2020,3,92.0,delhi,delhi,,,5.4320179830793744,5.4320179830793744,state_only,1.8612883277495251
DL019,2018,1,284.3636363636364,delhi,delhi,,,1.4049928068465298,1.4049928068465298,state_only,0.877546912637048
DL019,2018,2,200.65555555555557,delhi,delhi,,,6.427121706737048,6.427121706737048,state_only,2.0051383956186055
DL019,2018,3,109.52747252747253,delhi,delhi,,,5.4320179830793744,5.4320179830793744,state_only,1.8612883277495251
DL019,2018,4,319.39130434782606,delhi,delhi,,,1.0373160736348974,1.0373160736348974,state_only,0.7116332914496049
DL019,2019,1,252.25555555555556,delhi,delhi,,,1.4049928068465298,1.4049928068465298,state_only,0.877546912637048
DL019,2019,2,204.38888888888889,delhi,delhi,,,6.427121706737048,6.427121706737048,state_only,2.0051383956186055
DL019,2019,3,112.32608695652173,delhi,delhi,,,5.4320179830793744,5.4320179830793744,state_only,1.8612883277495251
DL019,2019,4,298.9782608695652,delhi,delhi,,,1.0373160736348974,1.0373160736348974,state_only,0.7116332914496049
DL019,2020,1,211.18823529411765,delhi,delhi,,,1.4049928068465298,1.4049928068465298,state_only,0.877546912637048
DL019,2020,2,94.6067415730337,delhi,delhi,,,6.427121706737048,6.427121706737048,state_only,2.0051383956186055
DL019,2020,3,72.0,delhi,delhi,,,5.4320179830793744,5.4320179830793744,state_only,1.8612883277495251
DL020,2018,3,141.86363636363637,delhi,delhi,,,5.4320179830793744,5.4320179830793744,state_only,1.8612883277495251
DL020,2018,4,454.4782608695652,delhi,delhi,,,1.0373160736348974,1.0373160736348974,state_only,0.7116332914496049
DL020,2019,1,330.74444444444447,delhi,delhi,,,1.4049928068465298,1.4049928068465298,state_only,0.877546912637048
DL020,2019,2,287.60227272727275,delhi,delhi,,,6.427121706737048,6.427121706737048,state_only,2.0051383956186055
DL020,2019,3,135.37362637362637,delhi,delhi,,,5.4320179830793744,5.4320179830793744,state_only,1.8612883277495251
DL020,2019,4,359.5,delhi,delhi,,,1.0373160736348974,1.0373160736348974,state_only,0.7116332914496049
DL020,2020,1,279.8181818181818,delhi,delhi,,,1.4049928068465298,1.4049928068465298,state_only,0.877546912637048
DL020,2020,2,153.25581395348837,delhi,delhi,,,6.427121706737048,6.427121706737048,state_only,2.0051383956186055
DL020,2020,3,105.0,delhi,delhi,,,5.4320179830793744,5.4320179830793744,state_only,1.8612883277495251
DL021,2018,1,304.75555555555553,delhi,delhi,,,1.4049928068465298,1.4049928068465298,state_only,0.877546912637048
DL021,2018,2,220.5505617977528,delhi,delhi,,,6.427121706737048,6.427121706737048,state_only,2.0051383956186055
DL021,2018,3,127.42391304347827,delhi,delhi,,,5.4320179830793744,5.4320179830793744,state_only,1.8612883277495251
DL021,2018,4,304.3369565217391,delhi,delhi,,,1.0373160736348974,1.0373160736348974,state_only,0.7116332914496049
DL021,2019,1,261.8666666666667,delhi,delhi,,,1.4049928068465298,1.4049928068465298,state_only,0.877546912637048
DL021,2019,2,234.15555555555557,delhi,delhi,,,6.427121706737048,6.427121706737048,state_only,2.0051383956186055
DL021,2019,3,111.81521739130434,delhi,delhi,,,5.4320179830793744,5.4320179830793744,state_only,1.8612883277495251
DL021,2019,4,304.1847826086956,delhi,delhi,,,1.0373160736348974,1.0373160736348974,state_only,0.7116332914496049
DL021,2020,1,241.45054945054946,delhi,delhi,,,1.4049928068465298,1.4049928068465298,state_only,0.877546912637048
DL021,2020,2,127.87640449438203,delhi,delhi,,,6.427121706737048,6.427121706737048,state_only,2.0051383956186055
DL021,2020,3,95.0,delhi,delhi,,,5.4320179830793744,5.4320179830793744,state_only,1.8612883277495251
DL022,2018,1,249.91228070175438,delhi,delhi,,,1.4049928068465298,1.4049928068465298,state_only,0.877546912637048
DL022,2018,2,233.26373626373626,delhi,delhi,,,6.427121706737048,6.427121706737048,state_only,2.0051383956186055
DL022,2018,3,107.59782608695652,delhi,delhi,,,5.4320179830793744,5.4320179830793744,state_only,1.8612883277495251
DL022,2018,4,296.07608695652175,delhi,delhi,,,1.0373160736348974,1.0373160736348974,state_only,0.7116332914496049
DL022,2019,1,248.2134831460674,delhi,delhi,,,1.4049928068465298,1.4049928068465298,state_only,0.877546912637048
DL022,2019,2,190.79775280898878,delhi,delhi,,,6.427121706737048,6.427121706737048,state_only,2.0051383956186055
DL022,2019,3,90.85057471264368,delhi,delhi,,,5.4320179830793744,5.4320179830793744,state_only,1.8612883277495251
DL022,2019,4,282.03333333333336,delhi,delhi,,,1.0373160736348974,1.0373160736348974,state_only,0.7116332914496049
DL022,2020,1,216.51685393258427,delhi,delhi,,,1.4049928068465298,1.4049928068465298,state_only,0.877546912637048
DL022,2020,2,131.5125,delhi,delhi,,,6.427121706737048,6.427121706737048,state_only,2.0051383956186055
DL022,2020,3,120.0,delhi,delhi,,,5.4320179830793744,5.4320179830793744,state_only,1.8612883277495251
DL023,2018,1,300.0701754385965,delhi,delhi,,,1.4049928068465298,1.4049928068465298,state_only,0.877546912637048
DL023,2018,2,258.34065934065933,delhi,delhi,,,6.427121706737048,6.427121706737048,state_only,2.0051383956186055
DL023,2018,3,103.3076923076923,delhi,delhi,,,5.4320179830793744,5.4320179830793744,state_only,1.8612883277495251
DL023,2018,4,371.05494505494505,delhi,delhi,,,1.0373160736348974,1.0373160736348974,state_only,0.7116332914496049
DL023,2019,1,260.93333333333334,delhi,delhi,,,1.4049928068465298,1.4049928068465298,state_only,0.877546912637048
DL023,2019,2,239.3111111111111,delhi,delhi,,,6.427121706737048,6.427121706737048,state_only,2.0051383956186055
DL023,2019,3,123.93478260869566,delhi,delhi,,,5.4320179830793744,5.4320179830793744,state_only,1.8612883277495251
DL023,2019,4,322.967032967033,delhi,delhi,,,1.0373160736348974,1.0373160736348974,state_only,0.7116332914496049
DL023,2020,1,242.65934065934067,delhi,delhi,,,1.4049928068465298,1.4049928068465298,state_only,0.877546912637048
DL023,2020,2,165.0,delhi,delhi,,,6.427121706737048,6.427121706737048,state_only,2.0051383956186055
DL023,2020,3,115.0,delhi,delhi,,,5.4320179830793744,5.4320179830793744,state_only,1.8612883277495251
DL024,2018,1,259.2631578947368,delhi,delhi,,,1.4049928068465298,1.4049928068465298,state_only,0.877546912637048
DL024,2018,2,224.34065934065933,delhi,delhi,,,6.427121706737048,6.427121706737048,state_only,2.0051383956186055
DL024,2018,3,109.55434782608695,delhi,delhi,,,5.4320179830793744,5.4320179830793744,state_only,1.8612883277495251
DL024,2018,4,384.9347826086956,delhi,delhi,,,1.0373160736348974,1.0373160736348974,state_only,0.7116332914496049
DL024,2019,1,310.73333333333335,delhi,delhi,,,1.4049928068465298,1.4049928068465298,state_only,0.877546912637048
DL024,2019,2,195.2888888888889,delhi,delhi,,,6.427121706737048,6.427121706737048,state_only,2.0051383956186055
DL024,2019,3,103.02173913043478,delhi,delhi,,,5.4320179830793744,5.4320179830793744,state_only,1.8612883277495251
DL024,2019,4,362.92391304347825,delhi,delhi,,,1.0373160736348974,1.0373160736348974,state_only,0.7116332914496049
DL024,2020,1,275.4065934065934,delhi,delhi,,,1.4049928068465298,1.4049928068465298,state_only,0.877546912637048
DL024,2020,2,155.1868131868132,delhi,delhi,,,6.427121706737048,6.427121706737048,state_only,2.0051383956186055
DL024,2020,3,87.0,delhi,delhi,,,5.4320179830793744,5.4320179830793744,state_only,1.8612883277495251
DL025,2018,1,303.3,delhi,delhi,,,1.4049928068465298,1.4049928068465298,state_only,0.877546912637048
DL025,2018,2,248.68055555555554,delhi,delhi,,,6.427121706737048,6.427121706737048,state_only,2.0051383956186055
DL025,2018,3,105.78021978021978,delhi,delhi,,,5.4320179830793744,5.4320179830793744,state_only,1.8612883277495251
DL025,2018,4,348.53846153846155,delhi,delhi,,,1.0373160736348974,1.0373160736348974,state_only,0.7116332914496049
DL025,2019,1,301.5731707317073,delhi,delhi,,,1.4049928068465298,1.4049928068465298,state_only,0.877546912637048
DL025,2019,2,255.0,delhi,delhi,,,6.427121706737048,6.427121706737048,state_only,2.0051383956186055
DL025,2019,3,115.41304347826087,delhi,delhi,,,5.4320179830793744,5.4320179830793744,state_only,1.8612883277495251
DL025,2019,4,297.97701149425285,delhi,delhi,,,1.0373160736348974,1.0373160736348974,state_only,0.7116332914496049
DL025,2020,1,195.7,delhi,delhi,,,1.4049928068465298,1.4049928068465298,state_only,0.877546912637048
DL025,2020,2,107.14285714285714,delhi,delhi,,,6.427121706737048,6.427121706737048,state_only,2.0051383956186055
DL025,2020,3,88.0,delhi,delhi,,,5.4320179830793744,5.4320179830793744,state_only,1.8612883277495251
DL026,2018,1,255.71929824561403,delhi,delhi,,,1.4049928068465298,1.4049928068465298,state_only,0.877546912637048
DL026,2018,2,232.75555555555556,delhi,delhi,,,6.427121706737048,6.427121706737048,state_only,2.0051383956186055
DL026,2018,3,110.05494505494505,delhi,delhi,,,5.4320179830793744,5.4320179830793744,state_only,1.8612883277495251
DL026,2018,4,349.10869565217394,delhi,delhi,,,1.0373160736348974,1.0373160736348974,state_only,0.7116332914496049
DL026,2019,1,266.64444444444445,delhi,delhi,,,1.4049928068465298,1.4049928068465298,state_only,0.877546912637048
DL026,2019,2,181.58426966292134,delhi,delhi,,,6.427121706737048,6.427121706737048,state_only,2.0051383956186055
DL026,2019,3,107.75,delhi,delhi,,,5.4320179830793744,5.4320179830793744,state_only,1.8612883277495251
DL026,2019,4,330.20652173913044,delhi,delhi,,,1.0373160736348974,1.0373160736348974,state_only,0.7116332914496049
DL026,2020,1,241.58241758241758,delhi,delhi,,,1.4049928068465298,1.4049928068465298,state_only,0.877546912637048
DL026,2020,2,112.9010989010989,delhi,delhi,,,6.427121706737048,6.427121706737048,state_only,2.0051383956186055
DL026,2020,3,102.0,delhi,delhi,,,5.4320179830793744,5.4320179830793744,state_only,1.8612883277495251
DL027,2018,1,254.14814814814815,delhi,delhi,,,1.4049928068465298,1.4049928068465298,state_only,0.877546912637048
DL027,2018,2,219.21978021978023,delhi,delhi,,,6.427121706737048,6.427121706737048,state_only,2.0051383956186055
DL027,2018,3,111.93478260869566,delhi,delhi,,,5.4320179830793744,5.4320179830793744,state_only,1.8612883277495251
DL027,2018,4,336.1304347826087,delhi,delhi,,,1.0373160736348974,1.0373160736348974,state_only,0.7116332914496049
DL027,2019,1,247.32222222222222,delhi,delhi,,,1.4049928068465298,1.4049928068465298,state_only,0.877546912637048
DL027,2019,2,176.7,delhi,delhi,,,6.427121706737048,6.427121706737048,state_only,2.0051383956186055
DL027,2019,3,92.70652173913044,delhi,delhi,,,5.4320179830793744,5.4320179830793744,state_only,1.8612883277495251
DL027,2019,4,300.1521739130435,delhi,delhi,,,1.0373160736348974,1.0373160736348974,state_only,0.7116332914496049
DL027,2020,1,217.43820224719101,delhi,delhi,,,1.4049928068465298,1.4049928068465298,state_only,0.877546912637048
DL027,2020,2,91.49450549450549,delhi,delhi,,,6.427121706737048,6.427121706737048,state_only,2.0051383956186055
DL027,2020,3,69.0,delhi,delhi,,,5.4320179830793744,5.4320179830793744,state_only,1.8612883277495251
DL028,2018,1,352.5581395348837,delhi,delhi,,,1.4049928068465298,1.4049928068465298,state_only,0.877546912637048
DL028,2018,2,298.52272727272725,delhi,delhi,,,6.427121706737048,6.427121706737048,state_only,2.0051383956186055
DL028,2018,3,215.1304347826087,delhi,delhi,,,5.4320179830793744,5.4320179830793744,state_only,1.8612883277495251
DL028,2018,4,375.4021739130435,delhi,delhi,,,1.0373160736348974,1.0373160736348974,state_only,0.7116332914496049
DL028,2019,1,316.5681818181818,delhi,delhi,,,1.4049928068465298,1.4049928068465298,state_only,0.877546912637048
DL028,2019,2,296.3333333333333,delhi,delhi,,,6.427121706737048,6.427121706737048,state_only,2.0051383956186055
DL028,2019,3,155.91304347826087,delhi,delhi,,,5.4320179830793744,5.4320179830793744,state_only,1.8612883277495251
DL028,2019,4,342.6333333333333,delhi,delhi,,,1.0373160736348974,1.0373160736348974,state_only,0.7116332914496049
DL028,2020,1,272.7752808988764,delhi,delhi,,,1.4049928068465298,1.4049928068465298,state_only,0.877546912637048
DL028,2020,2,152.14634146341464,delhi,delhi,,,6.427121706737048,6.427121706737048,state_only,2.0051383956186055
DL028,2020,3,94.0,delhi,delhi,,,5.4320179830793744,5.4320179830793744,state_only,1.8612883277495251
DL029,2018,3,119.32584269662921,delhi,delhi,,,5.4320179830793744,5.4320179830793744,state_only,1.8612883277495251
DL029,2018,4,328.70454545454544,delhi,delhi,,,1.0373160736348974,1.0373160736348974,state_only,0.7116332914496049
DL029,2019,1,260.6777777777778,delhi,delhi,,,1.4049928068465298,1.4049928068465298,state_only,0.877546912637048
DL029,2019,2,196.45555555555555,delhi,delhi,,,6.427121706737048,6.427121706737048,state_only,2.0051383956186055
DL029,2019,3,105.71428571428571,delhi,delhi,,,5.4320179830793744,5.4320179830793744,state_only,1.8612883277495251
DL029,2019,4,317.2307692307692,delhi,delhi,,,1.0373160736348974,1.0373160736348974,state_only,0.7116332914496049
DL029,2020,1,233.91011235955057,delhi,delhi,,,1.4049928068465298,1.4049928068465298,state_only,0.877546912637048
DL029,2020,2,125.05172413793103,delhi,delhi,,,6.427121706737048,6.427121706737048,state_only,2.0051383956186055
DL029,2020,3,97.0,delhi,delhi,,,5.4320179830793744,5.4320179830793744,state_only,1.8612883277495251
DL030,2018,1,208.53333333333333,delhi,delhi,,,1.4049928068465298,1.4049928068465298,state_only,0.877546912637048
DL030,2018,2,167.9047619047619,delhi,delhi,,,6.427121706737048,6.427121706737048,state_only,2.0051383956186055
DL030,2018,3,96.68478260869566,delhi,delhi,,,5.4320179830793744,5.4320179830793744,state_only,1.8612883277495251
DL030,2018,4,288.86206896551727,delhi,delhi,,,1.0373160736348974,1.0373160736348974,state_only,0.7116332914496049
DL030,2019,1,199.1046511627907,delhi,delhi,,,1.4049928068465298,1.4049928068465298,state_only,0.877546912637048
DL030,2019,2,159.54444444444445,delhi,delhi,,,6.427121706737048,6.427121706737048,state_only,2.0051383956186055
DL030,2019,3,83.47826086956522,delhi,delhi,,,5.4320179830793744,5.4320179830793744,state_only,1.8612883277495251
DL030,2019,4,268.6630434782609,delhi,delhi,,,1.0373160736348974,1.0373160736348974,state_only,0.7116332914496049
DL030,2020,1,164.1868131868132,delhi,delhi,,,1.4049928068465298,1.4049928068465298,state_only,0.877546912637048
DL030,2020,2,125.71739130434783,delhi,delhi,,,6.427121706737048,6.427121706737048,state_only,2.0051383956186055
DL030,2020,3,101.0,delhi,delhi,,,5.4320179830793744,5.4320179830793744,state_only,1.8612883277495251
DL031,2018,1,309.5681818181818,delhi,delhi,,,1.4049928068465298,1.4049928068465298,state_only,0.877546912637048
DL031,2018,2,228.58620689655172,delhi,delhi,,,6.427121706737048,6.427121706737048,state_only,2.0051383956186055
DL031,2018,3,115.75,delhi,delhi,,,5.4320179830793744,5.4320179830793744,state_only,1.8612883277495251
DL031,2018,4,355.1630434782609,delhi,delhi,,,1.0373160736348974,1.0373160736348974,state_only,0.7116332914496049
DL031,2019,1,286.1744186046512,delhi,delhi,,,1.4049928068465298,1.4049928068465298,state_only,0.877546912637048
DL031,2019,2,188.7888888888889,delhi,delhi,,,6.427121706737048,6.427121706737048,state_only,2.0051383956186055
DL031,2019,3,115.3956043956044,delhi,delhi,,,5.4320179830793744,5.4320179830793744,state_only,1.8612883277495251
DL031,2019,4,283.57608695652175,delhi,delhi,,,1.0373160736348974,1.0373160736348974,state_only,0.7116332914496049
DL031,2020,1,201.54945054945054,delhi,delhi,,,1.4049928068465298,1.4049928068465298,state_only,0.877546912637048
DL031,2020,2,104.0,delhi,delhi,,,6.427121706737048,6.427121706737048,state_only,2.0051383956186055
DL031,2020,3,73.0,delhi,delhi,,,5.4320179830793744,5.4320179830793744,state_only,1.8612883277495251
DL032,2018,1,307.2631578947368,delhi,delhi,,,1.4049928068465298,1.4049928068465298,state_only,0.877546912637048
DL032,2018,2,270.02272727272725,delhi,delhi,,,6.427121706737048,6.427121706737048,state_only,2.0051383956186055
DL032,2018,3,115.2967032967033,delhi,delhi,,,5.4320179830793744,5.4320179830793744,state_only,1.8612883277495251
DL032,2018,4,422.1123595505618,delhi,delhi,,,1.0373160736348974,1.0373160736348974,state_only,0.7116332914496049
DL032,2019,1,316.93333333333334,delhi,delhi,,,1.4049928068465298,1.4049928068465298,state_only,0.877546912637048
DL032,2019,2,232.20224719101122,delhi,delhi,,,6.427121706737048,6.427121706737048,state_only,2.0051383956186055
DL032,2019,3,113.90217391304348,delhi,delhi,,,5.4320179830793744,5.4320179830793744,state_only,1.8612883277495251
DL032,2019,4,358.4673913043478,delhi,delhi,,,1.0373160736348974,1.0373160736348974,state_only,0.7116332914496049
DL032,2020,1,280.1868131868132,delhi,delhi,,,1.4049928068465298,1.4049928068465298,state_only,0.877546912637048
DL032,2020,2,142.6153846153846,delhi,delhi,,,6.427121706737048,6.427121706737048,state_only,2.0051383956186055
DL032,2020,3,108.0,delhi,delhi,,,5.4320179830793744,5.4320179830793744,state_only,1.8612883277495251
DL033,2018,1,264.5444444444444,delhi,delhi,,,1.4049928068465298,1.4049928068465298,state_only,0.877546912637048
DL033,2018,2,191.5888888888889,delhi,delhi,,,6.427121706737048,6.427121706737048,state_only,2.0051383956186055
DL033,2018,3,99.25555555555556,delhi,delhi,,,5.4320179830793744,5.4320179830793744,state_only,1.8612883277495251
DL033,2018,4,325.8369565217391,delhi,delhi,,,1.0373160736348974,1.0373160736348974,state_only,0.7116332914496049
DL033,2019,1,290.94117647058823,delhi,delhi,,,1.4049928068465298,1.4049928068465298,state_only,0.877546912637048
DL033,2019,2,257.34444444444443,delhi,delhi,,,6.427121706737048,6.427121706737048,state_only,2.0051383956186055
DL033,2019,3,117.75,delhi,delhi,,,5.4320179830793744,5.4320179830793744,state_only,1.8612883277495251
DL033,2019,4,271.70652173913044,delhi,delhi,,,1.0373160736348974,1.0373160736348974,state_only,0.7116332914496049
DL033,2020,1,214.95604395604394,delhi,delhi,,,1.4049928068465298,1.4049928068465298,state_only,0.877546912637048
DL033,2020,2,88.43956043956044,delhi,delhi,,,6.427121706737048,6.427121706737048,state_only,2.0051383956186055
DL033,2020,3,84.0,delhi,delhi,,,5.4320179830793744,5.4320179830793744,state_only,1.8612883277495251
DL034,2018,1,254.38333333333333,delhi,delhi,,,1.4049928068465298,1.4049928068465298,state_only,0.877546912637048
DL034,2018,2,296.8625,delhi,delhi,,,6.427121706737048,6.427121706737048,state_only,2.0051383956186055
DL034,2018,3,151.289156626506,delhi,delhi,,,5.4320179830793744,5.4320179830793744,state_only,1.8612883277495251
DL034,2018,4,335.5869565217391,delhi,delhi,,,1.0373160736348974,1.0373160736348974,state_only,0.7116332914496049
DL034,2019,1,309.97777777777776,delhi,delhi,,,1.4049928068465298,1.4049928068465298,state_only,0.877546912637048
DL034,2019,2,249.65116279069767,delhi,delhi,,,6.427121706737048,6.427121706737048,state_only,2.0051383956186055
DL034,2019,3,178.54347826086956,delhi,delhi,,,5.4320179830793744,5.4320179830793744,state_only,1.8612883277495251
DL034,2019,4,353.82608695652175,delhi,delhi,,,1.0373160736348974,1.0373160736348974,state_only,0.7116332914496049
DL034,2020,1,266.5054945054945,delhi,delhi,,,1.4049928068465298,1.4049928068465298,state_only,0.877546912637048
DL034,2020,2,144.02197802197801,delhi,delhi,,,6.427121706737048,6.427121706737048,state_only,2.0051383956186055
DL034,2020,3,111.0,delhi,delhi,,,5.4320179830793744,5.4320179830793744,state_only,1.8612883277495251
DL035,2018,1,283.859649122807,delhi,delhi,,,1.4049928068465298,1.4049928068465298,state_only,0.877546912637048
DL035,2018,2,249.95555555555555,delhi,delhi,,,6.427121706737048,6.427121706737048,state_only,2.0051383956186055
DL035,2018,3,108.27777777777777,delhi,delhi,,,5.4320179830793744,5.4320179830793744,state_only,1.8612883277495251
DL035,2018,4,364.2826086956522,delhi,delhi,,,1.0373160736348974,1.0373160736348974,state_only,0.7116332914496049
DL035,2019,1,276.24444444444447,delhi,delhi,,,1.4049928068465298,1.4049928068465298,state_only,0.877546912637048
DL035,2019,2,202.62921348314606,delhi,delhi,,,6.427121706737048,6.427121706737048,state_only,2.0051383956186055
DL035,2019,3,111.62222222222222,delhi,delhi,,,5.4320179830793744,5.4320179830793744,state_only,1.8612883277495251
DL035,2019,4,310.5652173913044,delhi,delhi,,,1.0373160736348974,1.0373160736348974,state_only,0.7116332914496049
DL035,2020,1,232.12087912087912,delhi,delhi,,,1.4049928068465298,1.4049928068465298,state_only,0.877546912637048
DL035,2020,2,130.05747126436782,delhi,delhi,,,6.427121706737048,6.427121706737048,state_only,2.0051383956186055
DL035,2020,3,103.0,delhi,delhi,,,5.4320179830793744,5.4320179830793744,state_only,1.8612883277495251
DL036,2018,3,100.46067415730337,delhi,delhi,,,5.4320179830793744,5.4320179830793744,state_only,1.8612883277495251
DL036,2018,4,302.8478260869565,delhi,delhi,,,1.0373160736348974,1.0373160736348974,state_only,0.7116332914496049
DL036,2019,1,247.96666666666667,delhi,delhi,,,1.4049928068465298,1.4049928068465298,state_only,0.877546912637048
DL036,2019,2,201.63333333333333,delhi,delhi,,,6.427121706737048,6.427121706737048,state_only,2.0051383956186055
DL036,2019,3,99.6086956521739,delhi,delhi,,,5.4320179830793744,5.4320179830793744,state_only,1.8612883277495251
DL036,2019,4,292.2173913043478,delhi,delhi,,,1.0373160736348974,1.0373160736348974,state_only,0.7116332914496049
DL036,2020,1,209.4835164835165,delhi,delhi,,,1.4049928068465298,1.4049928068465298,state_only,0.877546912637048
DL036,2020,2,123.22727272727273,delhi,delhi,,,6.427121706737048,6.427121706737048,state_only,2.0051383956186055
DL036,2020,3,60.0,delhi,delhi,,,5.4320179830793744,5.4320179830793744,state_only,1.8612883277495251
DL037,2018,1,283.4561403508772,delhi,delhi,,,1.4049928068465298,1.4049928068465298,state_only,0.877546912637048
DL037,2018,2,229.26436781609195,delhi,delhi,,,6.427121706737048,6.427121706737048,state_only,2.0051383956186055
DL037,2018,3,127.55434782608695,delhi,delhi,,,5.4320179830793744,5.4320179830793744,state_only,1.8612883277495251
DL037,2018,4,369.57608695652175,delhi,delhi,,,1.0373160736348974,1.0373160736348974,state_only,0.7116332914496049
DL037,2019,1,280.0111111111111,delhi,delhi,,,1.4049928068465298,1.4049928068465298,state_only,0.877546912637048
DL037,2019,2,219.33333333333334,delhi,delhi,,,6.427121706737048,6.427121706737048,state_only,2.0051383956186055
DL037,2019,3,128.62222222222223,delhi,delhi,,,5.4320179830793744,5.4320179830793744,state_only,1.8612883277495251
DL037,2019,4,341.69565217391306,delhi,delhi,,,1.0373160736348974,1.0373160736348974,state_only,0.7116332914496049
DL037,2020,1,258.24175824175825,delhi,delhi,,,1.4049928068465298,1.4049928068465298,state_only,0.877546912637048
DL037,2020,2,124.96703296703296,delhi,delhi,,,6.427121706737048,6.427121706737048,state_only,2.0051383956186055
DL037,2020,3,96.0,delhi,delhi,,,5.4320179830793744,5.4320179830793744,state_only,1.8612883277495251
DL038,2018,1,308.8421052631579,delhi,delhi,,,1.4049928068465298,1.4049928068465298,state_only,0.877546912637048
DL038,2018,2,294.05555555555554,delhi,delhi,,,6.427121706737048,6.427121706737048,state_only,2.0051383956186055
DL038,2018,3,137.58695652173913,delhi,delhi,,,5.4320179830793744,5.4320179830793744,state_only,1.8612883277495251
DL038,2018,4,440.39130434782606,delhi,delhi,,,1.0373160736348974,1.0373160736348974,state_only,0.7116332914496049
DL038,2019,1,335.44444444444446,delhi,delhi,,,1.4049928068465298,1.4049928068465298,state_only,0.877546912637048
DL038,2019,2,264.03333333333336,delhi,delhi,,,6.427121706737048,6.427121706737048,state_only,2.0051383956186055
DL038,2019,3,162.64044943820224,delhi,delhi,,,5.4320179830793744,5.4320179830793744,state_only,1.8612883277495251
DL038,2019,4,376.2173913043478,delhi,delhi,,,1.0373160736348974,1.0373160736348974,state_only,0.7116332914496049
DL038,2020,1,283.71590909090907,delhi,delhi,,,1.4049928068465298,1.4049928068465298,state_only,0.877546912637048
DL038,2020,2,126.35555555555555,delhi,delhi,,,6.427121706737048,6.427121706737048,state_only,2.0051383956186055
DL038,2020,3,103.0,delhi,delhi,,,5.4320179830793744,5.4320179830793744,state_only,1.8612883277495251
GJ001,2018,1,795.5747126436781,ahmedabad,gujarat,,,0.023044568055653306,0.023044568055653306,state_only,0.022783052057323904
GJ001,2018,2,437.8314606741573,ahmedabad,gujarat,,,0.6914189775105898,0.6914189775105898,state_only,0.5255678083045723
GJ001,2018,3,489.3820224719101,ahmedabad,gujarat,,,10.62604969196204,10.62604969196204,state_only,2.45324824347973
GJ001,2018,4,765.3369565217391,ahmedabad,gujarat,,,0.32678723051948516,0.32678723051948516,state_only,0.28276040377514106
GJ001,2019,1,641.8888888888889,ahmedabad,gujarat,,,0.023044568055653306,0.023044568055653306,state_only,0.022783052057323904
GJ001,2019,2,478.2048192771084,ahmedabad,gujarat,,,0.6914189775105898,0.6914189775105898,state_only,0.5255678083045723
GJ001,2019,3,488.92045454545456,ahmedabad,gujarat,,,10.62604969196204,10.62604969196204,state_only,2.45324824347973
GJ001,2019,4,453.5164835164835,ahmedabad,gujarat,,,0.32678723051948516,0.32678723051948516,state_only,0.28276040377514106
GJ001,2020,1,373.8139534883721,ahmedabad,gujarat,,,0.023044568055653306,0.023044568055653306,state_only,0.022783052057323904
GJ001,2020,2,116.14606741573034,ahmedabad,gujarat,,,0.6914189775105898,0.6914189775105898,state_only,0.5255678083045723
GJ001,2020,3,119.0,ahmedabad,gujarat,,,10.62604969196204,10.62604969196204,state_only,2.45324824347973
HR011,2018,1,296.2345679012346,gurugram,haryana,gurugram,1.1988656741935484,1.2094625813035191,1.199829029385364,district+state_weighted,0.7883796434286436
HR011,2018,2,188.44827586206895,gurugram,haryana,gurugram,0.94610961827957,0.9047637027194526,0.9423508986831958,district+state_weighted,0.6638990428790145
HR011,2018,3,174.0,gurugram,haryana,gurugram,6.171831392879569,5.07902826915176,6.072485654358858,district+state_weighted,1.9562119958223316
HR011,2018,4,320.53932584269666,gurugram,haryana,gurugram,1.2116974625053762,0.5679256562285924,1.1531727528438505,district+state_weighted,0.7669424533629657
HR011,2019,1,208.8372093023256,gurugram,haryana,gurugram,1.1988656741935484,1.2094625813035191,1.199829029385364,district+state_weighted,0.7883796434286436
HR011,2019,2,203.77777777777777,gurugram,haryana,gurugram,0.94610961827957,0.9047637027194526,0.9423508986831958,district+state_weighted,0.6638990428790145
HR011,2019,3,105.84883720930233,gurugram,haryana,gurugram,6.171831392879569,5.07902826915176,6.072485654358858,district+state_weighted,1.9562119958223316
HR011,2019,4,308.09090909090907,gurugram,haryana,gurugram,1.2116974625053762,0.5679256562285924,1.1531727528438505,district+state_weighted,0.7669424533629657
HR011,2020,1,190.54945054945054,gurugram,haryana,gurugram,1.1988656741935484,1.2094625813035191,1.199829029385364,district+state_weighted,0.7883796434286436
HR011,2020,2,106.65934065934066,gurugram,haryana,gurugram,0.94610961827957,0.9047637027194526,0.9423508986831958,district+state_weighted,0.6638990428790145
HR011,2020,3,109.0,gurugram,haryana,gurugram,6.171831392879569,5.07902826915176,6.072485654358858,district+state_weighted,1.9562119958223316
HR012,2020,1,146.15384615384616,gurugram,haryana,gurugram,1.1988656741935484,1.2094625813035191,1.199829029385364,district+state_weighted,0.7883796434286436
HR012,2020,2,156.13186813186815,gurugram,haryana,gurugram,0.94610961827957,0.9047637027194526,0.9423508986831958,district+state_weighted,0.6638990428790145
HR012,2020,3,168.0,gurugram,haryana,gurugram,6.171831392879569,5.07902826915176,6.072485654358858,district+state_weighted,1.9562119958223316
HR013,2020,1,118.83333333333333,gurugram,haryana,gurugram,1.1988656741935484,1.2094625813035191,1.199829029385364,district+state_weighted,0.7883796434286436
HR013,2020,2,114.2967032967033,gurugram,haryana,gurugram,0.94610961827957,0.9047637027194526,0.9423508986831958,district+state_weighted,0.6638990428790145
HR013,2020,3,119.0,gurugram,haryana,gurugram,6.171831392879569,5.07902826915176,6.072485654358858,district+state_weighted,1.9562119958223316
HR014,2018,1,277.48837209302326,gurugram,haryana,gurugram,1.1988656741935484,1.2094625813035191,1.199829029385364,district+state_weighted,0.7883796434286436
HR014,2018,2,277.7317073170732,gurugram,haryana,gurugram,0.94610961827957,0.9047637027194526,0.9423508986831958,district+state_weighted,0.6638990428790145
HR014,2018,3,123.98823529411764,gurugram,haryana,gurugram,6.171831392879569,5.07902826915176,6.072485654358858,district+state_weighted,1.9562119958223316
HR014,2018,4,292.25882352941176,gurugram,haryana,gurugram,1.2116974625053762,0.5679256562285924,1.1531727528438505,district+state_weighted,0.7669424533629657
HR014,2019,1,215.04597701149424,gurugram,haryana,gurugram,1.1988656741935484,1.2094625813035191,1.199829029385364,district+state_weighted,0.7883796434286436
HR014,2019,2,213.02325581395348,gurugram,haryana,gurugram,0.94610961827957,0.9047637027194526,0.9423508986831958,district+state_weighted,0.6638990428790145
HR014,2019,3,75.6923076923077,gurugram,haryana,gurugram,6.171831392879569,5.07902826915176,6.072485654358858,district+state_weighted,1.9562119958223316
HR014,2019,4,240.6413043478261,gurugram,haryana,gurugram,1.2116974625053762,0.5679256562285924,1.1531727528438505,district+state_weighted,0.7669424533629657
HR014,2020,1,175.59550561797752,gurugram,haryana,gurugram,1.1988656741935484,1.2094625813035191,1.199829029385364,district+state_weighted,0.7883796434286436
HR014,2020,2,144.11494252873564,gurugram,haryana,gurugram,0.94610961827957,0.9047637027194526,0.9423508986831958,district+state_weighted,0.6638990428790145
HR014,2020,3,231.0,gurugram,haryana,gurugram,6.171831392879569,5.07902826915176,6.072485654358858,district+state_weighted,1.9562119958223316
JH001,2018,1,155.48648648648648,jorapokhar,jharkhand,,,0.7837363100546595,0.7837363100546595,state_only,0.5787102149677741
JH001,2018,2,119.16666666666667,jorapokhar,jharkhand,,,2.0218591877931456,2.0218591877931456,state_only,1.1058722670644532
JH001,2018,3,102.62121212121212,jorapokhar,jharkhand,,,6.34983331326138,6.34983331326138,state_only,1.9946776344997454
JH001,2018,4,300.8767123287671,jorapokhar,jharkhand,,,0.9726398956767025,0.9726398956767025,state_only,0.6793726942529871
JH001,2019,1,222.82954545454547,jorapokhar,jharkhand,,,0.7837363100546595,0.7837363100546595,state_only,0.5787102149677741
JH001,2019,2,123.92857142857143,jorapokhar,jharkhand,,,2.0218591877931456,2.0218591877931456,state_only,1.1058722670644532
JH001,2019,3,98.52,jorapokhar,jharkhand,,,6.34983331326138,6.34983331326138,state_only,1.9946776344997454
JH001,2019,4,164.41666666666666,jorapokhar,jharkhand,,,0.9726398956767025,0.9726398956767025,state_only,0.6793726942529871
JH001,2020,1,164.54285714285714,jorapokhar,jharkhand,,,0.7837363100546595,0.7837363100546595,state_only,0.5787102149677741
JH001,2020,2,131.21978021978023,jorapokhar,jharkhand,,,2.0218591877931456,2.0218591877931456,state_only,1.1058722670644532
JH001,2020,3,86.0,jorapokhar,jharkhand,,,6.34983331326138,6.34983331326138,state_only,1.9946776344997454
KA002,2018,1,86.72,bengaluru,karnataka,,,0.1770135136960215,0.1770135136960215,state_only,0.16298030968718266
KA002,2018,2,97.01612903225806,bengaluru,karnataka,,,4.358747111693692,4.358747111693692,state_only,1.6787301999410904
KA002,2018,3,67.15294117647059,bengaluru,karnataka,,,8.797449696322833,8.797449696322833,state_only,2.282122116740406
KA002,2018,4,125.72826086956522,bengaluru,karnataka,,,1.4681007677167384,1.4681007677167384,state_only,0.9034489349165759
KA002,2019,1,126.9080459770115,bengaluru,karnataka,,,0.1770135136960215,0.1770135136960215,state_only,0.16298030968718266
KA002,2019,2,110.1685393258427,bengaluru,karnataka,,,4.358747111693692,4.358747111693692,state_only,1.6787301999410904
KA002,2019,3,63.10989010989011,bengaluru,karnataka,,,8.797449696322833,8.797449696322833,state_only,2.282122116740406
KA002,2019,4,79.46052631578948,bengaluru,karnataka,,,1.4681007677167384,1.4681007677167384,state_only,0.9034489349165759
KA002,2020,1,68.45555555555555,bengaluru,karnataka,,,0.1770135136960215,0.1770135136960215,state_only,0.16298030968718266
KA002,2020,2,74.14285714285714,bengaluru,karnataka,,,4.358747111693692,4.358747111693692,state_only,1.6787301999410904
KA002,2020,3,45.0,bengaluru,karnataka,,,8.797449696322833,8.797449696322833,state_only,2.282122116740406
KA003,2018,1,95.0609756097561,bengaluru,karnataka,,,0.1770135136960215,0.1770135136960215,state_only,0.16298030968718266
KA003,2018,2,64.33846153846154,bengaluru,karnataka,,,4.358747111693692,4.358747111693692,state_only,1.6787301999410904
KA003,2018,3,55.65555555555556,bengaluru,karnataka,,,8.797449696322833,8.797449696322833,state_only,2.282122116740406
KA003,2018,4,91.91208791208791,bengaluru,karnataka,,,1.4681007677167384,1.4681007677167384,state_only,0.9034489349165759
KA003,2019,1,102.29577464788733,bengaluru,karnataka,,,0.1770135136960215,0.1770135136960215,state_only,0.16298030968718266
KA003,2019,2,129.53086419753086,bengaluru,karnataka,,,4.358747111693692,4.358747111693692,state_only,1.6787301999410904
KA003,2019,3,89.73417721518987,bengaluru,karnataka,,,8.797449696322833,8.797449696322833,state_only,2.282122116740406
KA003,2019,4,102.68888888888888,bengaluru,karnataka,,,1.4681007677167384,1.4681007677167384,state_only,0.9034489349165759
KA003,2020,1,124.51190476190476,bengaluru,karnataka,,,0.1770135136960215,0.1770135136960215,state_only,0.16298030968718266
KA003,2020,2,107.10169491525424,bengaluru,karnataka,,,4.358747111693692,4.358747111693692,state_only,1.6787301999410904
KA003,2020,3,44.0,bengaluru,karnataka,,,8.797449696322833,8.797449696322833,state_only,2.282122116740406
KA004,2018,2,56.0,bengaluru,karnataka,,,4.358747111693692,4.358747111693692,state_only,1.6787301999410904
KA004,2018,3,68.17582417582418,bengaluru,karnataka,,,8.797449696322833,8.797449696322833,state_only,2.282122116740406
KA004,2018,4,119.18478260869566,bengaluru,karnataka,,,1.4681007677167384,1.4681007677167384,state_only,0.9034489349165759
KA004,2019,1,150.57777777777778,bengaluru,karnataka,,,0.1770135136960215,0.1770135136960215,state_only,0.16298030968718266
KA004,2019,2,99.41772151898734,bengaluru,karnataka,,,4.358747111693692,4.358747111693692,state_only,1.6787301999410904
KA004,2019,3,52.83516483516483,bengaluru,karnataka,,,8.797449696322833,8.797449696322833,state_only,2.282122116740406
KA004,2019,4,99.91011235955057,bengaluru,karnataka,,,1.4681007677167384,1.4681007677167384,state_only,0.9034489349165759
KA004,2020,1,110.21666666666667,bengaluru,karnataka,,,0.1770135136960215,0.1770135136960215,state_only,0.16298030968718266
KA004,2020,2,66.75,bengaluru,karnataka,,,4.358747111693692,4.358747111693692,state_only,1.6787301999410904
KA004,2020,3,52.0,bengaluru,karnataka,,,8.797449696322833,8.797449696322833,state_only,2.282122116740406
KA005,2018,1,125.0909090909091,bengaluru,karnataka,,,0.1770135136960215,0.1770135136960215,state_only,0.16298030968718266
KA005,2018,2,114.88888888888889,bengaluru,karnataka,,,4.358747111693692,4.358747111693692,state_only,1.6787301999410904
KA005,2018,3,103.22222222222223,bengaluru,karnataka,,,8.797449696322833,8.797449696322833,state_only,2.282122116740406
KA005,2018,4,137.44155844155844,bengaluru,karnataka,,,1.4681007677167384,1.4681007677167384,state_only,0.9034489349165759
KA005,2019,1,133.98181818181817,bengaluru,karnataka,,,0.1770135136960215,0.1770135136960215,state_only,0.16298030968718266
KA005,2019,2,125.33333333333333,bengaluru,karnataka,,,4.358747111693692,4.358747111693692,state_only,1.6787301999410904
KA005,2019,3,107.47826086956522,bengaluru,karnataka,,,8.797449696322833,8.797449696322833,state_only,2.282122116740406
KA005,2019,4,112.96923076923076,bengaluru,karnataka,,,1.4681007677167384,1.4681007677167384,state_only,0.9034489349165759
KA005,2020,1,115.42465753424658,bengaluru,karnataka,,,0.1770135136960215,0.1770135136960215,state_only,0.16298030968718266
KA005,2020,2,82.40350877192982,bengaluru,karnataka,,,4.358747111693692,4.358747111693692,state_only,1.6787301999410904
KA006,2018,3,45.20454545454545,bengaluru,karnataka,,,8.797449696322833,8.797449696322833,state_only,2.282122116740406
KA006,2018,4,92.5,bengaluru,karnataka,,,1.4681007677167384,1.4681007677167384,state_only,0.9034489349165759
KA006,2019,1,119.23255813953489,bengaluru,karnataka,,,0.1770135136960215,0.1770135136960215,state_only,0.16298030968718266
KA006,2019,2,87.19540229885058,bengaluru,karnataka,,,4.358747111693692,4.358747111693692,state_only,1.6787301999410904
KA006,2019,3,53.31868131868132,bengaluru,karnataka,,,8.797449696322833,8.797449696322833,state_only,2.282122116740406
KA006,2019,4,82.0,bengaluru,karnataka,,,1.4681007677167384,1.4681007677167384,state_only,0.9034489349165759
KA006,2020,1,93.78651685393258,bengaluru,karnataka,,,0.1770135136960215,0.1770135136960215,state_only,0.16298030968718266
KA006,2020,2,55.26744186046512,bengaluru,karnataka,,,4.358747111693692,4.358747111693692,state_only,1.6787301999410904
KA006,2020,3,27.0,bengaluru,karnataka,,,8.797449696322833,8.797449696322833,state_only,2.282122116740406
KA007,2018,3,62.359550561797754,bengaluru,karnataka,,,8.797449696322833,8.797449696322833,state_only,2.282122116740406
KA007,2018,4,103.52272727272727,bengaluru,karnataka,,,1.4681007677167384,1.4681007677167384,state_only,0.9034489349165759
KA007,2019,1,118.6875,bengaluru,karnataka,,,0.1770135136960215,0.1770135136960215,state_only,0.16298030968718266
KA007,2019,2,88.63333333333334,bengaluru,karnataka,,,4.358747111693692,4.358747111693692,state_only,1.6787301999410904
KA007,2019,3,45.986111111111114,bengaluru,karnataka,,,8.797449696322833,8.797449696322833,state_only,2.282122116740406
KA007,2019,4,80.32467532467533,bengaluru,karnataka,,,1.4681007677167384,1.4681007677167384,state_only,0.9034489349165759
KA007,2020,1,102.68888888888888,bengaluru,karnataka,,,0.1770135136960215,0.1770135136960215,state_only,0.16298030968718266
KA007,2020,2,58.891891891891895,bengaluru,karnataka,,,4.358747111693692,4.358747111693692,state_only,1.6787301999410904
KA007,2020,3,30.0,bengaluru,karnataka,,,8.797449696322833,8.797449696322833,state_only,2.282122116740406
KA008,2018,3,56.6625,bengaluru,karnataka,,,8.797449696322833,8.797449696322833,state_only,2.282122116740406
KA008,2018,4,140.1875,bengaluru,karnataka,,,1.4681007677167384,1.4681007677167384,state_only,0.9034489349165759
KA008,2019,1,124.75903614457832,bengaluru,karnataka,,,0.1770135136960215,0.1770135136960215,state_only,0.16298030968718266
KA008,2019,2,98.11267605633803,bengaluru,karnataka,,,4.358747111693692,4.358747111693692,state_only,1.6787301999410904
KA008,2019,3,60.71264367816092,bengaluru,karnataka,,,8.797449696322833,8.797449696322833,state_only,2.282122116740406
KA008,2019,4,96.34065934065934,bengaluru,karnataka,,,1.4681007677167384,1.4681007677167384,state_only,0.9034489349165759
KA008,2020,1,101.68888888888888,bengaluru,karnataka,,,0.1770135136960215,0.1770135136960215,state_only,0.16298030968718266
KA008,2020,2,53.14473684210526,bengaluru,karnataka,,,4.358747111693692,4.358747111693692,state_only,1.6787301999410904
KA008,2020,3,37.0,bengaluru,karnataka,,,8.797449696322833,8.797449696322833,state_only,2.282122116740406
KA009,2018,1,85.96078431372548,bengaluru,karnataka,,,0.1770135136960215,0.1770135136960215,state_only,0.16298030968718266
KA009,2018,2,60.06896551724138,bengaluru,karnataka,,,4.358747111693692,4.358747111693692,state_only,1.6787301999410904
KA009,2018,3,57.63333333333333,bengaluru,karnataka,,,8.797449696322833,8.797449696322833,state_only,2.282122116740406
KA009,2018,4,83.90217391304348,bengaluru,karnataka,,,1.4681007677167384,1.4681007677167384,state_only,0.9034489349165759
KA009,2019,1,96.80898876404494,bengaluru,karnataka,,,0.1770135136960215,0.1770135136960215,state_only,0.16298030968718266
KA009,2019,2,94.14634146341463,bengaluru,karnataka,,,4.358747111693692,4.358747111693692,state_only,1.6787301999410904
KA009,2019,3,67.98648648648648,bengaluru,karnataka,,,8.797449696322833,8.797449696322833,state_only,2.282122116740406
KA009,2019,4,80.70652173913044,bengaluru,karnataka,,,1.4681007677167384,1.4681007677167384,state_only,0.9034489349165759
KA009,2020,1,82.46666666666667,bengaluru,karnataka,,,0.1770135136960215,0.1770135136960215,state_only,0.16298030968718266
KA009,2020,2,63.426829268292686,bengaluru,karnataka,,,4.358747111693692,4.358747111693692,state_only,1.6787301999410904
KA009,2020,3,64.0,bengaluru,karnataka,,,8.797449696322833,8.797449696322833,state_only,2.282122116740406
KA010,2018,1,76.94318181818181,bengaluru,karnataka,,,0.1770135136960215,0.1770135136960215,state_only,0.16298030968718266
KA010,2018,2,68.56923076923077,bengaluru,karnataka,,,4.358747111693692,4.358747111693692,state_only,1.6787301999410904
KA010,2018,3,55.72289156626506,bengaluru,karnataka,,,8.797449696322833,8.797449696322833,state_only,2.282122116740406
KA010,2018,4,75.50561797752809,bengaluru,karnataka,,,1.4681007677167384,1.4681007677167384,state_only,0.9034489349165759
KA010,2019,1,65.0,bengaluru,karnataka,,,0.1770135136960215,0.1770135136960215,state_only,0.16298030968718266
KA010,2019,2,60.1875,bengaluru,karnataka,,,4.358747111693692,4.358747111693692,state_only,1.6787301999410904
KA010,2019,3,39.61538461538461,bengaluru,karnataka,,,8.797449696322833,8.797449696322833,state_only,2.282122116740406
KA010,2019,4,54.93103448275862,bengaluru,karnataka,,,1.4681007677167384,1.4681007677167384,state_only,0.9034489349165759
KA010,2020,1,67.25842696629213,bengaluru,karnataka,,,0.1770135136960215,0.1770135136960215,state_only,0.16298030968718266
KA010,2020,2,53.8,bengaluru,karnataka,,,4.358747111693692,4.358747111693692,state_only,1.6787301999410904
KA010,2020,3,46.0,bengaluru,karnataka,,,8.797449696322833,8.797449696322833,state_only,2.282122116740406
KA011,2018,2,113.0,bengaluru,karnataka,,,4.358747111693692,4.358747111693692,state_only,1.6787301999410904
KA011,2018,3,115.69767441860465,bengaluru,karnataka,,,8.797449696322833,8.797449696322833,state_only,2.282122116740406
KA011,2018,4,103.29268292682927,bengaluru,karnataka,,,1.4681007677167384,1.4681007677167384,state_only,0.9034489349165759
KA011,2019,1,111.35227272727273,bengaluru,karnataka,,,0.1770135136960215,0.1770135136960215,state_only,0.16298030968718266
KA011,2019,2,110.07692307692308,bengaluru,karnataka,,,4.358747111693692,4.358747111693692,state_only,1.6787301999410904
KA011,2019,3,91.33333333333333,bengaluru,karnataka,,,8.797449696322833,8.797449696322833,state_only,2.282122116740406
KA011,2019,4,78.12087912087912,bengaluru,karnataka,,,1.4681007677167384,1.4681007677167384,state_only,0.9034489349165759
KA011,2020,1,93.35714285714286,bengaluru,karnataka,,,0.1770135136960215,0.1770135136960215,state_only,0.16298030968718266
KA011,2020,2,56.95402298850575,bengaluru,karnataka,,,4.358747111693692,4.358747111693692,state_only,1.6787301999410904
KL002,2020,1,95.3125,ernakulam,kerala,ernakulam,0.8112683565913978,0.7244898195714287,0.8033793986804916,district+state_weighted,0.5896623484188251
KL002,2020,2,90.0,ernakulam,kerala,ernakulam,12.253569580225806,8.724664108685099,11.932759991903923,district+state_weighted,2.5597636264555987
KL002,2020,3,111.0,ernakulam,kerala,ernakulam,16.574543093446238,14.168666238080338,16.3558270156857,district+state_weighted,2.8539283010556966
KL004,2020,1,129.27941176470588,kochi,kerala,,,0.7244898195714287,0.7244898195714287,state_only,0.5449312499684779
KL004,2020,2,85.21348314606742,kochi,kerala,,,8.724664108685099,8.724664108685099,state_only,2.2746653499553378
KL004,2020,3,102.0,kochi,kerala,,,14.168666238080338,14.168666238080338,state_only,2.7192318684721117
KL007,2020,1,86.70454545454545,thiruvananthapuram,kerala,thiruvananthapuram,0.9969599817204302,0.7244898195714287,0.9721899669796117,district+state_weighted,0.6791445836805636
KL007,2020,2,56.5,thiruvananthapuram,kerala,thiruvananthapuram,5.693442306451613,8.724664108685099,5.969007924836475,district+state_weighted,1.941472879611206
KL008,2018,1,106.64772727272727,thiruvananthapuram,kerala,thiruvananthapuram,0.9969599817204302,0.7244898195714287,0.9721899669796117,district+state_weighted,0.6791445836805636
KL008,2018,2,66.13333333333334,thiruvananthapuram,kerala,thiruvananthapuram,5.693442306451613,8.724664108685099,5.969007924836475,district+state_weighted,1.941472879611206
KL008,2018,3,63.37362637362637,thiruvananthapuram,kerala,thiruvananthapuram,4.356019778526882,14.168666238080338,5.2480785475771965,district+state_weighted,1.8322739840936373
KL008,2018,4,98.1086956521739,thiruvananthapuram,kerala,thiruvananthapuram,3.11587028647957,2.7710701143326424,3.084524816284395,district+state_weighted,1.4072053975028123
KL008,2019,1,102.25555555555556,thiruvananthapuram,kerala,thiruvananthapuram,0.9969599817204302,0.7244898195714287,0.9721899669796117,district+state_weighted,0.6791445836805636
KL008,2019,2,67.74358974358974,thiruvananthapuram,kerala,thiruvananthapuram,5.693442306451613,8.724664108685099,5.969007924836475,district+state_weighted,1.941472879611206
KL008,2019,3,56.35164835164835,thiruvananthapuram,kerala,thiruvananthapuram,4.356019778526882,14.168666238080338,5.2480785475771965,district+state_weighted,1.8322739840936373
KL008,2019,4,77.65217391304348,thiruvananthapuram,kerala,thiruvananthapuram,3.11587028647957,2.7710701143326424,3.084524816284395,district+state_weighted,1.4072053975028123
KL008,2020,1,78.3,thiruvananthapuram,kerala,thiruvananthapuram,0.9969599817204302,0.7244898195714287,0.9721899669796117,district+state_weighted,0.6791445836805636
KL008,2020,2,50.895348837209305,thiruvananthapuram,kerala,thiruvananthapuram,5.693442306451613,8.724664108685099,5.969007924836475,district+state_weighted,1.941472879611206
KL008,2020,3,41.0,thiruvananthapuram,kerala,thiruvananthapuram,4.356019778526882,14.168666238080338,5.2480785475771965,district+state_weighted,1.8322739840936373
MH005,2018,2,81.14814814814815,mumbai,maharashtra,,,1.8438461950191707,1.8438461950191707,state_only,1.0451574299649378
MH005,2018,3,77.13333333333334,mumbai,maharashtra,,,12.966370382431988,12.966370382431988,state_only,2.636652324366615
MH005,2018,4,144.20481927710844,mumbai,maharashtra,,,0.8977649929942055,0.8977649929942055,state_only,0.6406768742888576
MH005,2019,1,146.15555555555557,mumbai,maharashtra,,,0.10077025273490015,0.10077025273490015,state_only,0.09601016451685318
MH005,2019,2,93.83516483516483,mumbai,maharashtra,,,1.8438461950191707,1.8438461950191707,state_only,1.0451574299649378
MH005,2019,3,103.23529411764706,mumbai,maharashtra,,,12.966370382431988,12.966370382431988,state_only,2.636652324366615
MH005,2019,4,115.25675675675676,mumbai,maharashtra,,,0.8977649929942055,0.8977649929942055,state_only,0.6406768742888576
MH005,2020,1,113.88235294117646,mumbai,maharashtra,,,0.10077025273490015,0.10077025273490015,state_only,0.09601016451685318
MH005,2020,2,67.46753246753246,mumbai,maharashtra,,,1.8438461950191707,1.8438461950191707,state_only,1.0451574299649378
MH005,2020,3,52.0,mumbai,maharashtra,,,12.966370382431988,12.966370382431988,state_only,2.636652324366615
MH006,2019,2,51.388888888888886,mumbai,maharashtra,,,1.8438461950191707,1.8438461950191707,state_only,1.0451574299649378
MH006,2019,3,36.44444444444444,mumbai,maharashtra,,,12.966370382431988,12.966370382431988,state_only,2.636652324366615
MH006,2019,4,80.95604395604396,mumbai,maharashtra,,,0.8977649929942055,0.8977649929942055,state_only,0.6406768742888576
MH006,2020,1,92.02197802197803,mumbai,maharashtra,,,0.10077025273490015,0.10077025273490015,state_only,0.09601016451685318
MH006,2020,2,62.55555555555556,mumbai,maharashtra,,,1.8438461950191707,1.8438461950191707,state_only,1.0451574299649378
MH007,2019,2,77.81818181818181,mumbai,maharashtra,,,1.8438461950191707,1.8438461950191707,state_only,1.0451574299649378
MH007,2019,3,76.73863636363636,mumbai,maharashtra,,,12.966370382431988,12.966370382431988,state_only,2.636652324366615
MH007,2019,4,168.7912087912088,mumbai,maharashtra,,,0.8977649929942055,0.8977649929942055,state_only,0.6406768742888576
MH007,2020,1,171.73626373626374,mumbai,maharashtra,,,0.10077025273490015,0.10077025273490015,state_only,0.09601016451685318
MH007,2020,2,75.89772727272727,mumbai,maharashtra,,,1.8438461950191707,1.8438461950191707,state_only,1.0451574299649378
MH007,2020,3,67.0,mumbai,maharashtra,,,12.966370382431988,12.966370382431988,state_only,2.636652324366615
MH008,2019,2,42.166666666666664,mumbai,maharashtra,,,1.8438461950191707,1.8438461950191707,state_only,1.0451574299649378
MH008,2019,3,44.23913043478261,mumbai,maharashtra,,,12.966370382431988,12.966370382431988,state_only,2.636652324366615
MH008,2019,4,142.0326086956522,mumbai,maharashtra,,,0.8977649929942055,0.8977649929942055,state_only,0.6406768742888576
MH008,2020,1,140.64835164835165,mumbai,maharashtra,,,0.10077025273490015,0.10077025273490015,state_only,0.09601016451685318
MH008,2020,2,47.48684210526316,mumbai,maharashtra,,,1.8438461950191707,1.8438461950191707,state_only,1.0451574299649378
MH009,2019,2,108.33333333333333,mumbai,maharashtra,,,1.8438461950191707,1.8438461950191707,state_only,1.0451574299649378
MH009,2019,3,111.83695652173913,mumbai,maharashtra,,,12.966370382431988,12.966370382431988,state_only,2.636652324366615
MH009,2019,4,155.90217391304347,mumbai,maharashtra,,,0.8977649929942055,0.8977649929942055,state_only,0.6406768742888576
MH009,2020,1,168.57142857142858,mumbai,maharashtra,,,0.10077025273490015,0.10077025273490015,state_only,0.09601016451685318
MH009,2020,2,77.3,mumbai,maharashtra,,,1.8438461950191707,1.8438461950191707,state_only,1.0451574299649378
MH009,2020,3,116.0,mumbai,maharashtra,,,12.966370382431988,12.966370382431988,state_only,2.636652324366615
MH010,2019,2,53.76923076923077,mumbai,maharashtra,,,1.8438461950191707,1.8438461950191707,state_only,1.0451574299649378
MH010,2019,3,39.30769230769231,mumbai,maharashtra,,,12.966370382431988,12.966370382431988,state_only,2.636652324366615
MH010,2019,4,123.3695652173913,mumbai,maharashtra,,,0.8977649929942055,0.8977649929942055,state_only,0.6406768742888576
MH010,2020,1,121.2967032967033,mumbai,maharashtra,,,0.10077025273490015,0.10077025273490015,state_only,0.09601016451685318
MH010,2020,2,51.97701149425287,mumbai,maharashtra,,,1.8438461950191707,1.8438461950191707,state_only,1.0451574299649378
MH010,2020,3,22.0,mumbai,maharashtra,,,12.966370382431988,12.966370382431988,state_only,2.636652324366615
MH011,2019,2,72.5,mumbai,maharashtra,,,1.8438461950191707,1.8438461950191707,state_only,1.0451574299649378
MH011,2019,3,58.81521739130435,mumbai,maharashtra,,,12.966370382431988,12.966370382431988,state_only,2.636652324366615
MH011,2019,4,168.37362637362637,mumbai,maharashtra,,,0.8977649929942055,0.8977649929942055,state_only,0.6406768742888576
MH011,2020,1,173.82417582417582,mumbai,maharashtra,,,0.10077025273490015,0.10077025273490015,state_only,0.09601016451685318
MH011,2020,2,67.76666666666667,mumbai,maharashtra,,,1.8438461950191707,1.8438461950191707,state_only,1.0451574299649378
MH011,2020,3,56.0,mumbai,maharashtra,,,12.966370382431988,12.966370382431988,state_only,2.636652324366615
MH012,2019,2,52.42307692307692,mumbai,maharashtra,,,1.8438461950191707,1.8438461950191707,state_only,1.0451574299649378
MH012,2019,3,42.95652173913044,mumbai,maharashtra,,,12.966370382431988,12.966370382431988,state_only,2.636652324366615
MH012,2019,4,132.16666666666666,mumbai,maharashtra,,,0.8977649929942055,0.8977649929942055,state_only,0.6406768742888576
MH012,2020,1,140.44444444444446,mumbai,maharashtra,,,0.10077025273490015,0.10077025273490015,state_only,0.09601016451685318
MH012,2020,2,72.55172413793103,mumbai,maharashtra,,,1.8438461950191707,1.8438461950191707,state_only,1.0451574299649378
MH013,2019,2,58.34615384615385,mumbai,maharashtra,,,1.8438461950191707,1.8438461950191707,state_only,1.0451574299649378
MH013,2019,3,41.220338983050844,mumbai,maharashtra,,,12.966370382431988,12.966370382431988,state_only,2.636652324366615
MH013,2019,4,143.16470588235293,mumbai,maharashtra,,,0.8977649929942055,0.8977649929942055,state_only,0.6406768742888576
MH013,2020,1,145.2888888888889,mumbai,maharashtra,,,0.10077025273490015,0.10077025273490015,state_only,0.09601016451685318
MH013,2020,2,48.42622950819672,mumbai,maharashtra,,,1.8438461950191707,1.8438461950191707,state_only,1.0451574299649378
MH013,2020,3,32.0,mumbai,maharashtra,,,12.966370382431988,12.966370382431988,state_only,2.636652324366615
MH014,2019,2,67.0,mumbai,maharashtra,,,1.8438461950191707,1.8438461950191707,state_only,1.0451574299649378
MH014,2019,3,51.15217391304348,mumbai,maharashtra,,,12.966370382431988,12.966370382431988,state_only,2.636652324366615
MH014,2019,4,141.84615384615384,mumbai,maharashtra,,,0.8977649929942055,0.8977649929942055,state_only,0.6406768742888576
MH014,2020,1,150.07692307692307,mumbai,maharashtra,,,0.10077025273490015,0.10077025273490015,state_only,0.09601016451685318
MH014,2020,2,52.855421686746986,mumbai,maharashtra,,,1.8438461950191707,1.8438461950191707,state_only,1.0451574299649378
MH014,2020,3,28.0,mumbai,maharashtra,,,12.966370382431988,12.966370382431988,state_only,2.636652324366615
ML001,2019,3,40.25806451612903,shillong,meghalaya,,,8.794042608658552,8.794042608658552,state_only,2.281774303756526
ML001,2019,4,48.5625,shillong,meghalaya,,,2.1342573680398824,2.1342573680398824,state_only,1.1423922618255862
ML001,2020,1,76.64102564102564,shillong,meghalaya,,,2.2686833406412514,2.2686833406412514,state_only,1.184387255702699
ML001,2020,2,35.301587301587304,shillong,meghalaya,,,38.13576998139238,38.13576998139238,state_only,3.667036882070083
ML001,2020,3,24.0,shillong,meghalaya,,,8.794042608658552,8.794042608658552,state_only,2.281774303756526
MP001,2019,3,73.84615384615384,bhopal,madhya pradesh,bhopal,15.256829777692474,10.354273527701089,14.811142845875075,district+state_weighted,2.7607149348754625
MP001,2019,4,175.15217391304347,bhopal,madhya pradesh,bhopal,1.189765875635484,0.9749757297845739,1.1702394987399467,district+state_weighted,0.7748375295451841
MP001,2020,1,133.8409090909091,bhopal,madhya pradesh,bhopal,0.37316030462365596,0.3812778324708437,0.37389826170067303,district+state_weighted,0.3176521457170888
MP001,2020,2,95.29761904761905,bhopal,madhya pradesh,bhopal,1.308874095523656,1.261758243662655,1.304590836263565,district+state_weighted,0.8349031493092005
MP001,2020,3,69.0,bhopal,madhya pradesh,bhopal,15.256829777692474,10.354273527701089,14.811142845875075,district+state_weighted,2.7607149348754625
MZ001,2020,1,65.35,aizawl,mizoram,aizawl,0.8815544143010753,0.9164399608669355,0.8847258276252443,district+state_weighted,0.6337823607854851
MZ001,2020,2,28.133333333333333,aizawl,mizoram,aizawl,10.433934042473117,8.081956553966398,10.220117907154325,district+state_weighted,2.4177084086983656
MZ001,2020,3,20.0,aizawl,mizoram,aizawl,8.627282684731183,7.893853480166666,8.560607302498045,district+state_weighted,2.2576512504115636
OD001,2018,1,248.8793103448276,brajrajnagar,odisha,,,0.586258122716846,0.586258122716846,state_only,0.46137786073742904
OD001,2018,2,128.7325581395349,brajrajnagar,odisha,,,2.263176358769964,2.263176358769964,state_only,1.1827010641953737
OD001,2018,3,81.18032786885246,brajrajnagar,odisha,,,10.554649628710573,10.554649628710573,state_only,2.4470879212164762
OD001,2018,4,178.92727272727274,brajrajnagar,odisha,,,1.3721838854237993,1.3721838854237993,state_only,0.8638110014965495
OD001,2019,1,218.82022471910113,brajrajnagar,odisha,,,0.586258122716846,0.586258122716846,state_only,0.46137786073742904
OD001,2019,2,133.9142857142857,brajrajnagar,odisha,,,2.263176358769964,2.263176358769964,state_only,1.1827010641953737
OD001,2019,3,95.51948051948052,brajrajnagar,odisha,,,10.554649628710573,10.554649628710573,state_only,2.4470879212164762
OD001,2019,4,134.6627906976744,brajrajnagar,odisha,,,1.3721838854237993,1.3721838854237993,state_only,0.8638110014965495
OD001,2020,1,140.04054054054055,brajrajnagar,odisha,,,0.586258122716846,0.586258122716846,state_only,0.46137786073742904
OD001,2020,2,132.48936170212767,brajrajnagar,odisha,,,2.263176358769964,2.263176358769964,state_only,1.1827010641953737
OD002,2018,1,319.8292682926829,talcher,odisha,,,0.586258122716846,0.586258122716846,state_only,0.46137786073742904
OD002,2018,2,126.81428571428572,talcher,odisha,,,2.263176358769964,2.263176358769964,state_only,1.1827010641953737
OD002,2018,3,97.85714285714286,talcher,odisha,,,10.554649628710573,10.554649628710573,state_only,2.4470879212164762
OD002,2018,4,235.04166666666666,talcher,odisha,,,1.3721838854237993,1.3721838854237993,state_only,0.8638110014965495
OD002,2019,1,277.4533333333333,talcher,odisha,,,0.586258122716846,0.586258122716846,state_only,0.46137786073742904
OD002,2019,2,125.1375,talcher,odisha,,,2.263176358769964,2.263176358769964,state_only,1.1827010641953737
OD002,2019,3,89.24675324675324,talcher,odisha,,,10.554649628710573,10.554649628710573,state_only,2.4470879212164762
OD002,2019,4,190.45070422535213,talcher,odisha,,,1.3721838854237993,1.3721838854237993,state_only,0.8638110014965495
OD002,2020,1,209.1358024691358,talcher,odisha,,,0.586258122716846,0.586258122716846,state_only,0.46137786073742904
OD002,2020,2,108.47297297297297,talcher,odisha,,,2.263176358769964,2.263176358769964,state_only,1.1827010641953737
OD002,2020,3,101.0,talcher,odisha,,,10.554649628710573,10.554649628710573,state_only,2.4470879212164762
PB001,2018,1,135.88888888888889,amritsar,punjab,amritsar,1.7975568581182797,1.7002221163172042,1.788708245227273,district+state_weighted,1.0255784940760104
PB001,2018,2,158.70238095238096,amritsar,punjab,amritsar,0.7377239416709678,0.8480125562861193,0.7477501793632544,district+state_weighted,0.5583293490351872
PB001,2018,3,61.64102564102564,amritsar,punjab,amritsar,3.820658504969893,4.7392110199204796,3.90416327905631,district+state_weighted,1.590084493156377
PB001,2018,4,132.27777777777777,amritsar,punjab,amritsar,0.051648256075268816,0.196430704107869,0.0648102968055052,district+state_weighted,0.06279665822998143
PB001,2019,1,96.45454545454545,amritsar,punjab,amritsar,1.7975568581182797,1.7002221163172042,1.788708245227273,district+state_weighted,1.0255784940760104
PB001,2019,2,110.45054945054945,amritsar,punjab,amritsar,0.7377239416709678,0.8480125562861193,0.7477501793632544,district+state_weighted,0.5583293490351872
PB001,2019,3,70.51648351648352,amritsar,punjab,amritsar,3.820658504969893,4.7392110199204796,3.90416327905631,district+state_weighted,1.590084493156377
PB001,2019,4,159.59782608695653,amritsar,punjab,amritsar,0.051648256075268816,0.196430704107869,0.0648102968055052,district+state_weighted,0.06279665822998143
PB001,2020,1,104.9659090909091,amritsar,punjab,amritsar,1.7975568581182797,1.7002221163172042,1.788708245227273,district+state_weighted,1.0255784940760104
PB001,2020,2,80.74117647058823,amritsar,punjab,amritsar,0.7377239416709678,0.8480125562861193,0.7477501793632544,district+state_weighted,0.5583293490351872
PB001,2020,3,78.0,amritsar,punjab,amritsar,3.820658504969893,4.7392110199204796,3.90416327905631,district+state_weighted,1.590084493156377
RJ004,2018,1,140.6,jaipur,rajasthan,jaipur,0.5737536196774192,0.3120014172217009,0.5499579649087175,district+state_weighted,0.4382278111496866
RJ004,2018,2,164.13186813186815,jaipur,rajasthan,jaipur,0.9872675335483869,0.7337749753942001,0.9642227555343699,district+state_weighted,0.6750966228156422
RJ004,2018,3,108.0,jaipur,rajasthan,jaipur,6.176655643709677,6.480639160512741,6.204290508873592,district+state_weighted,1.97467675255194
RJ004,2018,4,143.7608695652174,jaipur,rajasthan,jaipur,1.0463015490032255,0.6145170411224503,1.007048411923155,district+state_weighted,0.6966651910594824
RJ004,2019,1,109.95555555555555,jaipur,rajasthan,jaipur,0.5737536196774192,0.3120014172217009,0.5499579649087175,district+state_weighted,0.4382278111496866
RJ004,2019,2,131.42857142857142,jaipur,rajasthan,jaipur,0.9872675335483869,0.7337749753942001,0.9642227555343699,district+state_weighted,0.6750966228156422
RJ004,2019,3,73.83516483516483,jaipur,rajasthan,jaipur,6.176655643709677,6.480639160512741,6.204290508873592,district+state_weighted,1.97467675255194
RJ004,2019,4,117.1086956521739,jaipur,rajasthan,jaipur,1.0463015490032255,0.6145170411224503,1.007048411923155,district+state_weighted,0.6966651910594824
RJ004,2020,1,97.95604395604396,jaipur,rajasthan,jaipur,0.5737536196774192,0.3120014172217009,0.5499579649087175,district+state_weighted,0.4382278111496866
RJ004,2020,2,93.58241758241758,jaipur,rajasthan,jaipur,0.9872675335483869,0.7337749753942001,0.9642227555343699,district+state_weighted,0.6750966228156422
RJ004,2020,3,63.0,jaipur,rajasthan,jaipur,6.176655643709677,6.480639160512741,6.204290508873592,district+state_weighted,1.97467675255194
RJ005,2018,1,181.90361445783134,jaipur,rajasthan,jaipur,0.5737536196774192,0.3120014172217009,0.5499579649087175,district+state_weighted,0.4382278111496866
RJ005,2018,2,174.58333333333334,jaipur,rajasthan,jaipur,0.9872675335483869,0.7337749753942001,0.9642227555343699,district+state_weighted,0.6750966228156422
RJ005,2018,3,114.82758620689656,jaipur,rajasthan,jaipur,6.176655643709677,6.480639160512741,6.204290508873592,district+state_weighted,1.97467675255194
RJ005,2018,4,211.0888888888889,jaipur,rajasthan,jaipur,1.0463015490032255,0.6145170411224503,1.007048411923155,district+state_weighted,0.6966651910594824
RJ005,2019,1,145.3,jaipur,rajasthan,jaipur,0.5737536196774192,0.3120014172217009,0.5499579649087175,district+state_weighted,0.4382278111496866
RJ005,2019,2,140.3186813186813,jaipur,rajasthan,jaipur,0.9872675335483869,0.7337749753942001,0.9642227555343699,district+state_weighted,0.6750966228156422
RJ005,2019,3,82.71428571428571,jaipur,rajasthan,jaipur,6.176655643709677,6.480639160512741,6.204290508873592,district+state_weighted,1.97467675255194
RJ005,2019,4,170.55555555555554,jaipur,rajasthan,jaipur,1.0463015490032255,0.6145170411224503,1.007048411923155,district+state_weighted,0.6966651910594824
RJ005,2020,1,128.6813186813187,jaipur,rajasthan,jaipur,0.5737536196774192,0.3120014172217009,0.5499579649087175,district+state_weighted,0.4382278111496866
RJ005,2020,2,100.84269662921348,jaipur,rajasthan,jaipur,0.9872675335483869,0.7337749753942001,0.9642227555343699,district+state_weighted,0.6750966228156422
RJ005,2020,3,68.0,jaipur,rajasthan,jaipur,6.176655643709677,6.480639160512741,6.204290508873592,district+state_weighted,1.97467675255194
RJ006,2018,1,179.43820224719101,jaipur,rajasthan,jaipur,0.5737536196774192,0.3120014172217009,0.5499579649087175,district+state_weighted,0.4382278111496866
RJ006,2018,2,164.72527472527472,jaipur,rajasthan,jaipur,0.9872675335483869,0.7337749753942001,0.9642227555343699,district+state_weighted,0.6750966228156422
RJ006,2018,3,93.46739130434783,jaipur,rajasthan,jaipur,6.176655643709677,6.480639160512741,6.204290508873592,district+state_weighted,1.97467675255194
RJ006,2018,4,139.8804347826087,jaipur,rajasthan,jaipur,1.0463015490032255,0.6145170411224503,1.007048411923155,district+state_weighted,0.6966651910594824
RJ006,2019,1,123.25555555555556,jaipur,rajasthan,jaipur,0.5737536196774192,0.3120014172217009,0.5499579649087175,district+state_weighted,0.4382278111496866
RJ006,2019,2,140.82417582417582,jaipur,rajasthan,jaipur,0.9872675335483869,0.7337749753942001,0.9642227555343699,district+state_weighted,0.6750966228156422
RJ006,2019,3,70.68478260869566,jaipur,rajasthan,jaipur,6.176655643709677,6.480639160512741,6.204290508873592,district+state_weighted,1.97467675255194
RJ006,2019,4,144.59782608695653,jaipur,rajasthan,jaipur,1.0463015490032255,0.6145170411224503,1.007048411923155,district+state_weighted,0.6966651910594824
RJ006,2020,1,112.01098901098901,jaipur,rajasthan,jaipur,0.5737536196774192,0.3120014172217009,0.5499579649087175,district+state_weighted,0.4382278111496866
RJ006,2020,2,100.73626373626374,jaipur,rajasthan,jaipur,0.9872675335483869,0.7337749753942001,0.9642227555343699,district+state_weighted,0.6750966228156422
RJ006,2020,3,78.0,jaipur,rajasthan,jaipur,6.176655643709677,6.480639160512741,6.204290508873592,district+state_weighted,1.97467675255194
TG001,2018,1,122.2247191011236,hyderabad,telangana,hyderabad,0.0969273849139785,0.440107137086999,0.1281255442024349,district+state_weighted,0.12055744493450253
TG001,2018,2,97.3132530120482,hyderabad,telangana,hyderabad,2.1104148294946237,2.086775662436494,2.108265814307521,district+state_weighted,1.1340649546872457
TG001,2018,3,78.32222222222222,hyderabad,telangana,hyderabad,6.816144321880646,10.978591452300945,7.194548606464309,district+state_weighted,2.103469129100261
TG001,2018,4,108.20879120879121,hyderabad,telangana,hyderabad,1.0194468380419357,0.8144477662583252,1.0008105587888803,district+state_weighted,0.6935523778508743
TG001,2019,1,117.79268292682927,hyderabad,telangana,hyderabad,0.0969273849139785,0.440107137086999,0.1281255442024349,district+state_weighted,0.12055744493450253
TG001,2019,2,97.97701149425288,hyderabad,telangana,hyderabad,2.1104148294946237,2.086775662436494,2.108265814307521,district+state_weighted,1.1340649546872457
TG001,2019,3,66.8452380952381,hyderabad,telangana,hyderabad,6.816144321880646,10.978591452300945,7.194548606464309,district+state_weighted,2.103469129100261
TG001,2019,4,108.67857142857143,hyderabad,telangana,hyderabad,1.0194468380419357,0.8144477662583252,1.0008105587888803,district+state_weighted,0.6935523778508743
TG001,2020,1,92.68604651162791,hyderabad,telangana,hyderabad,0.0969273849139785,0.440107137086999,0.1281255442024349,district+state_weighted,0.12055744493450253
TG001,2020,2,67.83908045977012,hyderabad,telangana,hyderabad,2.1104148294946237,2.086775662436494,2.108265814307521,district+state_weighted,1.1340649546872457
TG001,2020,3,67.0,hyderabad,telangana,hyderabad,6.816144321880646,10.978591452300945,7.194548606464309,district+state_weighted,2.103469129100261
TG002,2018,1,127.85555555555555,hyderabad,telangana,hyderabad,0.0969273849139785,0.440107137086999,0.1281255442024349,district+state_weighted,0.12055744493450253
TG002,2018,2,97.17582417582418,hyderabad,telangana,hyderabad,2.1104148294946237,2.086775662436494,2.108265814307521,district+state_weighted,1.1340649546872457
TG002,2018,3,54.19318181818182,hyderabad,telangana,hyderabad,6.816144321880646,10.978591452300945,7.194548606464309,district+state_weighted,2.103469129100261
TG002,2018,4,113.8913043478261,hyderabad,telangana,hyderabad,1.0194468380419357,0.8144477662583252,1.0008105587888803,district+state_weighted,0.6935523778508743
TG002,2019,1,117.38636363636364,hyderabad,telangana,hyderabad,0.0969273849139785,0.440107137086999,0.1281255442024349,district+state_weighted,0.12055744493450253
TG002,2019,2,96.72093023255815,hyderabad,telangana,hyderabad,2.1104148294946237,2.086775662436494,2.108265814307521,district+state_weighted,1.1340649546872457
TG002,2019,3,42.32967032967033,hyderabad,telangana,hyderabad,6.816144321880646,10.978591452300945,7.194548606464309,district+state_weighted,2.103469129100261
TG002,2019,4,93.81318681318682,hyderabad,telangana,hyderabad,1.0194468380419357,0.8144477662583252,1.0008105587888803,district+state_weighted,0.6935523778508743
TG002,2020,1,84.1978021978022,hyderabad,telangana,hyderabad,0.0969273849139785,0.440107137086999,0.1281255442024349,district+state_weighted,0.12055744493450253
TG002,2020,2,61.831460674157306,hyderabad,telangana,hyderabad,2.1104148294946237,2.086775662436494,2.108265814307521,district+state_weighted,1.1340649546872457
TG002,2020,3,40.0,hyderabad,telangana,hyderabad,6.816144321880646,10.978591452300945,7.194548606464309,district+state_weighted,2.103469129100261
TG003,2018,1,121.75581395348837,hyderabad,telangana,hyderabad,0.0969273849139785,0.440107137086999,0.1281255442024349,district+state_weighted,0.12055744493450253
TG003,2018,2,85.42222222222222,hyderabad,telangana,hyderabad,2.1104148294946237,2.086775662436494,2.108265814307521,district+state_weighted,1.1340649546872457
TG003,2018,3,54.47826086956522,hyderabad,telangana,hyderabad,6.816144321880646,10.978591452300945,7.194548606464309,district+state_weighted,2.103469129100261
TG003,2018,4,119.16304347826087,hyderabad,telangana,hyderabad,1.0194468380419357,0.8144477662583252,1.0008105587888803,district+state_weighted,0.6935523778508743
TG003,2019,1,116.81111111111112,hyderabad,telangana,hyderabad,0.0969273849139785,0.440107137086999,0.1281255442024349,district+state_weighted,0.12055744493450253
TG003,2019,2,90.50549450549451,hyderabad,telangana,hyderabad,2.1104148294946237,2.086775662436494,2.108265814307521,district+state_weighted,1.1340649546872457
TG003,2019,3,37.84615384615385,hyderabad,telangana,hyderabad,6.816144321880646,10.978591452300945,7.194548606464309,district+state_weighted,2.103469129100261
TG003,2019,4,103.25,hyderabad,telangana,hyderabad,1.0194468380419357,0.8144477662583252,1.0008105587888803,district+state_weighted,0.6935523778508743
TG003,2020,1,88.82022471910112,hyderabad,telangana,hyderabad,0.0969273849139785,0.440107137086999,0.1281255442024349,district+state_weighted,0.12055744493450253
TG003,2020,2,59.58888888888889,hyderabad,telangana,hyderabad,2.1104148294946237,2.086775662436494,2.108265814307521,district+state_weighted,1.1340649546872457
TG003,2020,3,37.0,hyderabad,telangana,hyderabad,6.816144321880646,10.978591452300945,7.194548606464309,district+state_weighted,2.103469129100261
TG004,2018,1,120.23595505617978,hyderabad,telangana,hyderabad,0.0969273849139785,0.440107137086999,0.1281255442024349,district+state_weighted,0.12055744493450253
TG004,2018,2,84.64772727272727,hyderabad,telangana,hyderabad,2.1104148294946237,2.086775662436494,2.108265814307521,district+state_weighted,1.1340649546872457
TG004,2018,3,65.92045454545455,hyderabad,telangana,hyderabad,6.816144321880646,10.978591452300945,7.194548606464309,district+state_weighted,2.103469129100261
TG004,2018,4,120.54347826086956,hyderabad,telangana,hyderabad,1.0194468380419357,0.8144477662583252,1.0008105587888803,district+state_weighted,0.6935523778508743
TG004,2019,1,117.76404494382022,hyderabad,telangana,hyderabad,0.0969273849139785,0.440107137086999,0.1281255442024349,district+state_weighted,0.12055744493450253
TG004,2019,2,88.38372093023256,hyderabad,telangana,hyderabad,2.1104148294946237,2.086775662436494,2.108265814307521,district+state_weighted,1.1340649546872457
TG004,2019,3,50.27906976744186,hyderabad,telangana,hyderabad,6.816144321880646,10.978591452300945,7.194548606464309,district+state_weighted,2.103469129100261
TG004,2019,4,108.16304347826087,hyderabad,telangana,hyderabad,1.0194468380419357,0.8144477662583252,1.0008105587888803,district+state_weighted,0.6935523778508743
TG004,2020,1,91.41176470588235,hyderabad,telangana,hyderabad,0.0969273849139785,0.440107137086999,0.1281255442024349,district+state_weighted,0.12055744493450253
TG004,2020,2,68.21978021978022,hyderabad,telangana,hyderabad,2.1104148294946237,2.086775662436494,2.108265814307521,district+state_weighted,1.1340649546872457
TG004,2020,3,73.0,hyderabad,telangana,hyderabad,6.816144321880646,10.978591452300945,7.194548606464309,district+state_weighted,2.103469129100261
TG005,2018,1,118.29885057471265,hyderabad,telangana,hyderabad,0.0969273849139785,0.440107137086999,0.1281255442024349,district+state_weighted,0.12055744493450253
TG005,2018,2,74.57142857142857,hyderabad,telangana,hyderabad,2.1104148294946237,2.086775662436494,2.108265814307521,district+state_weighted,1.1340649546872457
TG005,2018,3,43.924050632911396,hyderabad,telangana,hyderabad,6.816144321880646,10.978591452300945,7.194548606464309,district+state_weighted,2.103469129100261
TG005,2018,4,114.53260869565217,hyderabad,telangana,hyderabad,1.0194468380419357,0.8144477662583252,1.0008105587888803,district+state_weighted,0.6935523778508743
TG005,2019,1,109.82954545454545,hyderabad,telangana,hyderabad,0.0969273849139785,0.440107137086999,0.1281255442024349,district+state_weighted,0.12055744493450253
TG005,2019,2,73.14814814814815,hyderabad,telangana,hyderabad,2.1104148294946237,2.086775662436494,2.108265814307521,district+state_weighted,1.1340649546872457
TG005,2019,3,60.90909090909091,hyderabad,telangana,hyderabad,6.816144321880646,10.978591452300945,7.194548606464309,district+state_weighted,2.103469129100261
TG005,2019,4,156.37078651685394,hyderabad,telangana,hyderabad,1.0194468380419357,0.8144477662583252,1.0008105587888803,district+state_weighted,0.6935523778508743
TG005,2020,1,90.94366197183099,hyderabad,telangana,hyderabad,0.0969273849139785,0.440107137086999,0.1281255442024349,district+state_weighted,0.12055744493450253
TG005,2020,2,57.3375,hyderabad,telangana,hyderabad,2.1104148294946237,2.086775662436494,2.108265814307521,district+state_weighted,1.1340649546872457
TG005,2020,3,36.0,hyderabad,telangana,hyderabad,6.816144321880646,10.978591452300945,7.194548606464309,district+state_weighted,2.103469129100261
TG006,2018,1,128.62790697674419,hyderabad,telangana,hyderabad,0.0969273849139785,0.440107137086999,0.1281255442024349,district+state_weighted,0.12055744493450253
TG006,2018,2,83.03333333333333,hyderabad,telangana,hyderabad,2.1104148294946237,2.086775662436494,2.108265814307521,district+state_weighted,1.1340649546872457
TG006,2018,3,81.05882352941177,hyderabad,telangana,hyderabad,6.816144321880646,10.978591452300945,7.194548606464309,district+state_weighted,2.103469129100261
TG006,2018,4,133.58823529411765,hyderabad,telangana,hyderabad,1.0194468380419357,0.8144477662583252,1.0008105587888803,district+state_weighted,0.6935523778508743
TG006,2019,1,130.45238095238096,hyderabad,telangana,hyderabad,0.0969273849139785,0.440107137086999,0.1281255442024349,district+state_weighted,0.12055744493450253
TG006,2019,2,97.08219178082192,hyderabad,telangana,hyderabad,2.1104148294946237,2.086775662436494,2.108265814307521,district+state_weighted,1.1340649546872457
TG006,2019,3,57.625,hyderabad,telangana,hyderabad,6.816144321880646,10.978591452300945,7.194548606464309,district+state_weighted,2.103469129100261
TG006,2019,4,126.8021978021978,hyderabad,telangana,hyderabad,1.0194468380419357,0.8144477662583252,1.0008105587888803,district+state_weighted,0.6935523778508743
TG006,2020,1,110.12820512820512,hyderabad,telangana,hyderabad,0.0969273849139785,0.440107137086999,0.1281255442024349,district+state_weighted,0.12055744493450253
TG006,2020,2,66.90123456790124,hyderabad,telangana,hyderabad,2.1104148294946237,2.086775662436494,2.108265814307521,district+state_weighted,1.1340649546872457
TG006,2020,3,35.0,hyderabad,telangana,hyderabad,6.816144321880646,10.978591452300945,7.194548606464309,district+state_weighted,2.103469129100261
TN001,2018,1,126.14942528735632,chennai,tamil nadu,chennai,0.35797435376344083,0.6604515086397559,0.3854722769340149,district+state_weighted,0.326041075690185
TN001,2018,3,121.58823529411765,chennai,tamil nadu,chennai,0.946610001344086,3.8719802525459164,1.2125527514533432,district+state_weighted,0.7941469400805083
TN001,2018,4,137.43956043956044,chennai,tamil nadu,chennai,2.2522175557526882,3.0300468046984306,2.3229293056568463,district+state_weighted,1.2008467148930262
TN001,2019,1,122.92222222222222,chennai,tamil nadu,chennai,0.35797435376344083,0.6604515086397559,0.3854722769340149,district+state_weighted,0.326041075690185
TN001,2019,2,100.09722222222223,chennai,tamil nadu,chennai,0.8667788419354839,2.28624467189535,0.9958211901136536,district+state_weighted,0.69105558976498
TN001,2019,3,74.42391304347827,chennai,tamil nadu,chennai,0.946610001344086,3.8719802525459164,1.2125527514533432,district+state_weighted,0.7941469400805083
TN001,2019,4,101.97727272727273,chennai,tamil nadu,chennai,2.2522175557526882,3.0300468046984306,2.3229293056568463,district+state_weighted,1.2008467148930262
TN001,2020,1,77.45054945054945,chennai,tamil nadu,chennai,0.35797435376344083,0.6604515086397559,0.3854722769340149,district+state_weighted,0.326041075690185
TN001,2020,2,74.85714285714286,chennai,tamil nadu,chennai,0.8667788419354839,2.28624467189535,0.9958211901136536,district+state_weighted,0.69105558976498
TN001,2020,3,94.0,chennai,tamil nadu,chennai,0.946610001344086,3.8719802525459164,1.2125527514533432,district+state_weighted,0.7941469400805083
TN002,2019,2,59.6,chennai,tamil nadu,chennai,0.8667788419354839,2.28624467189535,0.9958211901136536,district+state_weighted,0.69105558976498
TN002,2019,3,147.93939393939394,chennai,tamil nadu,chennai,0.946610001344086,3.8719802525459164,1.2125527514533432,district+state_weighted,0.7941469400805083
TN002,2019,4,107.47126436781609,chennai,tamil nadu,chennai,2.2522175557526882,3.0300468046984306,2.3229293056568463,district+state_weighted,1.2008467148930262
TN002,2020,1,70.28378378378379,chennai,tamil nadu,chennai,0.35797435376344083,0.6604515086397559,0.3854722769340149,district+state_weighted,0.326041075690185
TN002,2020,2,111.1264367816092,chennai,tamil nadu,chennai,0.8667788419354839,2.28624467189535,0.9958211901136536,district+state_weighted,0.69105558976498
TN002,2020,3,99.0,chennai,tamil nadu,chennai,0.946610001344086,3.8719802525459164,1.2125527514533432,district+state_weighted,0.7941469400805083
TN003,2018,1,169.40449438202248,chennai,tamil nadu,chennai,0.35797435376344083,0.6604515086397559,0.3854722769340149,district+state_weighted,0.326041075690185
TN003,2018,2,76.57777777777778,chennai,tamil nadu,chennai,0.8667788419354839,2.28624467189535,0.9958211901136536,district+state_weighted,0.69105558976498
TN003,2018,3,114.28571428571429,chennai,tamil nadu,chennai,0.946610001344086,3.8719802525459164,1.2125527514533432,district+state_weighted,0.7941469400805083
TN003,2018,4,140.22826086956522,chennai,tamil nadu,chennai,2.2522175557526882,3.0300468046984306,2.3229293056568463,district+state_weighted,1.2008467148930262
TN003,2019,1,152.17977528089887,chennai,tamil nadu,chennai,0.35797435376344083,0.6604515086397559,0.3854722769340149,district+state_weighted,0.326041075690185
TN003,2019,2,119.8048780487805,chennai,tamil nadu,chennai,0.8667788419354839,2.28624467189535,0.9958211901136536,district+state_weighted,0.69105558976498
TN003,2019,3,105.13513513513513,chennai,tamil nadu,chennai,0.946610001344086,3.8719802525459164,1.2125527514533432,district+state_weighted,0.7941469400805083
TN003,2019,4,138.19354838709677,chennai,tamil nadu,chennai,2.2522175557526882,3.0300468046984306,2.3229293056568463,district+state_weighted,1.2008467148930262
TN003,2020,1,109.53488372093024,chennai,tamil nadu,chennai,0.35797435376344083,0.6604515086397559,0.3854722769340149,district+state_weighted,0.326041075690185
TN003,2020,2,80.8021978021978,chennai,tamil nadu,chennai,0.8667788419354839,2.28624467189535,0.9958211901136536,district+state_weighted,0.69105558976498
TN003,2020,3,110.0,chennai,tamil nadu,chennai,0.946610001344086,3.8719802525459164,1.2125527514533432,district+state_weighted,0.7941469400805083
TN004,2018,1,84.02222222222223,chennai,tamil nadu,chennai,0.35797435376344083,0.6604515086397559,0.3854722769340149,district+state_weighted,0.326041075690185
TN004,2018,2,89.02197802197803,chennai,tamil nadu,chennai,0.8667788419354839,2.28624467189535,0.9958211901136536,district+state_weighted,0.69105558976498
TN004,2018,3,63.45054945054945,chennai,tamil nadu,chennai,0.946610001344086,3.8719802525459164,1.2125527514533432,district+state_weighted,0.7941469400805083
TN004,2018,4,86.93478260869566,chennai,tamil nadu,chennai,2.2522175557526882,3.0300468046984306,2.3229293056568463,district+state_weighted,1.2008467148930262
TN004,2019,1,79.36666666666666,chennai,tamil nadu,chennai,0.35797435376344083,0.6604515086397559,0.3854722769340149,district+state_weighted,0.326041075690185
TN004,2019,2,90.5934065934066,chennai,tamil nadu,chennai,0.8667788419354839,2.28624467189535,0.9958211901136536,district+state_weighted,0.69105558976498
TN004,2019,3,69.52439024390245,chennai,tamil nadu,chennai,0.946610001344086,3.8719802525459164,1.2125527514533432,district+state_weighted,0.7941469400805083
TN004,2019,4,80.6,chennai,tamil nadu,chennai,2.2522175557526882,3.0300468046984306,2.3229293056568463,district+state_weighted,1.2008467148930262
TN004,2020,1,62.84615384615385,chennai,tamil nadu,chennai,0.35797435376344083,0.6604515086397559,0.3854722769340149,district+state_weighted,0.326041075690185
TN004,2020,2,60.544444444444444,chennai,tamil nadu,chennai,0.8667788419354839,2.28624467189535,0.9958211901136536,district+state_weighted,0.69105558976498
TN004,2020,3,65.0,chennai,tamil nadu,chennai,0.946610001344086,3.8719802525459164,1.2125527514533432,district+state_weighted,0.7941469400805083
TN005,2019,2,66.52941176470588,coimbatore,tamil nadu,coimbatore,3.9878278186021507,2.28624467189535,3.8331384416288046,district+state_weighted,1.5754960375238216
TN005,2019,3,77.48192771084338,coimbatore,tamil nadu,coimbatore,8.95837884860215,3.8719802525459164,8.4959789762334,district+state_weighted,2.2508684433446593
TN005,2019,4,78.625,coimbatore,tamil nadu,coimbatore,2.7213309627956987,3.0300468046984306,2.7493960393323107,district+state_weighted,1.32159477083333
TN005,2020,1,79.575,coimbatore,tamil nadu,coimbatore,0.3766799356989248,0.6604515086397559,0.40247735142081853,district+state_weighted,0.3382402095647633
TN005,2020,2,56.223684210526315,coimbatore,tamil nadu,coimbatore,3.9878278186021507,2.28624467189535,3.8331384416288046,district+state_weighted,1.5754960375238216
UP012,2018,1,291.9318181818182,lucknow,uttar pradesh,lucknow,0.3556437526881721,0.6687724818110107,0.3841100007902483,district+state_weighted,0.32505733437685774
UP012,2018,2,138.41176470588235,lucknow,uttar pradesh,lucknow,0.6096913314623656,0.8175750738517993,0.6285898534977687,district+state_weighted,0.4877145198324002
UP012,2018,3,73.1195652173913,lucknow,uttar pradesh,lucknow,4.856262091001075,5.800737816663082,4.942123520606712,district+state_weighted,1.7820665645400582
UP012,2018,4,280.77777777777777,lucknow,uttar pradesh,lucknow,2.105153415053763,1.6399062116542367,2.062858214744715,district+state_weighted,1.1193485371105198
UP012,2019,1,239.8068181818182,lucknow,uttar pradesh,lucknow,0.3556437526881721,0.6687724818110107,0.3841100007902483,district+state_weighted,0.32505733437685774
UP012,2019,2,141.19101123595505,lucknow,uttar pradesh,lucknow,0.6096913314623656,0.8175750738517993,0.6285898534977687,district+state_weighted,0.4877145198324002
UP012,2019,3,84.3804347826087,lucknow,uttar pradesh,lucknow,4.856262091001075,5.800737816663082,4.942123520606712,district+state_weighted,1.7820665645400582
UP012,2019,4,243.2826086956522,lucknow,uttar pradesh,lucknow,2.105153415053763,1.6399062116542367,2.062858214744715,district+state_weighted,1.1193485371105198
UP012,2020,1,170.53846153846155,lucknow,uttar pradesh,lucknow,0.3556437526881721,0.6687724818110107,0.3841100007902483,district+state_weighted,0.32505733437685774
UP012,2020,2,83.98901098901099,lucknow,uttar pradesh,lucknow,0.6096913314623656,0.8175750738517993,0.6285898534977687,district+state_weighted,0.4877145198324002
UP012,2020,3,68.0,lucknow,uttar pradesh,lucknow,4.856262091001075,5.800737816663082,4.942123520606712,district+state_weighted,1.7820665645400582
UP013,2019,3,53.65625,lucknow,uttar pradesh,lucknow,4.856262091001075,5.800737816663082,4.942123520606712,district+state_weighted,1.7820665645400582
UP013,2019,4,240.74444444444444,lucknow,uttar pradesh,lucknow,2.105153415053763,1.6399062116542367,2.062858214744715,district+state_weighted,1.1193485371105198
UP013,2020,1,146.52325581395348,lucknow,uttar pradesh,lucknow,0.3556437526881721,0.6687724818110107,0.3841100007902483,district+state_weighted,0.32505733437685774
UP013,2020,2,66.83720930232558,lucknow,uttar pradesh,lucknow,0.6096913314623656,0.8175750738517993,0.6285898534977687,district+state_weighted,0.4877145198324002
UP013,2020,3,65.0,lucknow,uttar pradesh,lucknow,4.856262091001075,5.800737816663082,4.942123520606712,district+state_weighted,1.7820665645400582
UP014,2018,1,364.35714285714283,lucknow,uttar pradesh,lucknow,0.3556437526881721,0.6687724818110107,0.3841100007902483,district+state_weighted,0.32505733437685774
UP014,2018,2,221.0625,lucknow,uttar pradesh,lucknow,0.6096913314623656,0.8175750738517993,0.6285898534977687,district+state_weighted,0.4877145198324002
UP014,2018,3,99.1978021978022,lucknow,uttar pradesh,lucknow,4.856262091001075,5.800737816663082,4.942123520606712,district+state_weighted,1.7820665645400582
UP014,2018,4,337.5869565217391,lucknow,uttar pradesh,lucknow,2.105153415053763,1.6399062116542367,2.062858214744715,district+state_weighted,1.1193485371105198
UP014,2019,1,239.36363636363637,lucknow,uttar pradesh,lucknow,0.3556437526881721,0.6687724818110107,0.3841100007902483,district+state_weighted,0.32505733437685774
UP014,2019,2,183.3186813186813,lucknow,uttar pradesh,lucknow,0.6096913314623656,0.8175750738517993,0.6285898534977687,district+state_weighted,0.4877145198324002
UP014,2019,3,92.8804347826087,lucknow,uttar pradesh,lucknow,4.856262091001075,5.800737816663082,4.942123520606712,district+state_weighted,1.7820665645400582
UP014,2019,4,284.13186813186815,lucknow,uttar pradesh,lucknow,2.105153415053763,1.6399062116542367,2.062858214744715,district+state_weighted,1.1193485371105198
UP014,2020,1,252.35164835164835,lucknow,uttar pradesh,lucknow,0.3556437526881721,0.6687724818110107,0.3841100007902483,district+state_weighted,0.32505733437685774
UP014,2020,2,130.52747252747253,lucknow,uttar pradesh,lucknow,0.6096913314623656,0.8175750738517993,0.6285898534977687,district+state_weighted,0.4877145198324002
UP014,2020,3,66.0,lucknow,uttar pradesh,lucknow,4.856262091001075,5.800737816663082,4.942123520606712,district+state_weighted,1.7820665645400582
UP015,2018,1,291.11764705882354,lucknow,uttar pradesh,lucknow,0.3556437526881721,0.6687724818110107,0.3841100007902483,district+state_weighted,0.32505733437685774
UP015,2018,2,148.71604938271605,lucknow,uttar pradesh,lucknow,0.6096913314623656,0.8175750738517993,0.6285898534977687,district+state_weighted,0.4877145198324002
UP015,2018,3,123.73333333333333,lucknow,uttar pradesh,lucknow,4.856262091001075,5.800737816663082,4.942123520606712,district+state_weighted,1.7820665645400582
UP015,2018,4,324.55056179775283,lucknow,uttar pradesh,lucknow,2.105153415053763,1.6399062116542367,2.062858214744715,district+state_weighted,1.1193485371105198
UP015,2019,1,264.4404761904762,lucknow,uttar pradesh,lucknow,0.3556437526881721,0.6687724818110107,0.3841100007902483,district+state_weighted,0.32505733437685774
UP015,2019,2,174.3452380952381,lucknow,uttar pradesh,lucknow,0.6096913314623656,0.8175750738517993,0.6285898534977687,district+state_weighted,0.4877145198324002
UP015,2019,3,121.76666666666667,lucknow,uttar pradesh,lucknow,4.856262091001075,5.800737816663082,4.942123520606712,district+state_weighted,1.7820665645400582
UP016,2018,1,343.5977011494253,lucknow,uttar pradesh,lucknow,0.3556437526881721,0.6687724818110107,0.3841100007902483,district+state_weighted,0.32505733437685774
UP016,2018,2,255.38823529411764,lucknow,uttar pradesh,lucknow,0.6096913314623656,0.8175750738517993,0.6285898534977687,district+state_weighted,0.4877145198324002
UP016,2018,3,124.55172413793103,lucknow,uttar pradesh,lucknow,4.856262091001075,5.800737816663082,4.942123520606712,district+state_weighted,1.7820665645400582
UP016,2018,4,339.8478260869565,lucknow,uttar pradesh,lucknow,2.105153415053763,1.6399062116542367,2.062858214744715,district+state_weighted,1.1193485371105198
UP016,2019,1,298.9555555555556,lucknow,uttar pradesh,lucknow,0.3556437526881721,0.6687724818110107,0.3841100007902483,district+state_weighted,0.32505733437685774
UP016,2019,2,256.5813953488372,lucknow,uttar pradesh,lucknow,0.6096913314623656,0.8175750738517993,0.6285898534977687,district+state_weighted,0.4877145198324002
UP016,2019,3,84.16304347826087,lucknow,uttar pradesh,lucknow,4.856262091001075,5.800737816663082,4.942123520606712,district+state_weighted,1.7820665645400582
UP016,2019,4,327.95652173913044,lucknow,uttar pradesh,lucknow,2.105153415053763,1.6399062116542367,2.062858214744715,district+state_weighted,1.1193485371105198
UP016,2020,1,254.1978021978022,lucknow,uttar pradesh,lucknow,0.3556437526881721,0.6687724818110107,0.3841100007902483,district+state_weighted,0.32505733437685774
UP016,2020,2,143.65934065934067,lucknow,uttar pradesh,lucknow,0.6096913314623656,0.8175750738517993,0.6285898534977687,district+state_weighted,0.4877145198324002
UP016,2020,3,106.0,lucknow,uttar pradesh,lucknow,4.856262091001075,5.800737816663082,4.942123520606712,district+state_weighted,1.7820665645400582
WB007,2019,3,40.53333333333333,kolkata,west bengal,kolkata,6.83563699032258,8.611035045986489,6.997036813564754,district+state_weighted,2.0790710747610346
WB007,2019,4,199.2888888888889,kolkata,west bengal,kolkata,0.7801749522258065,1.3414401757926602,0.8311990634591567,district+state_weighted,0.6049709782205042
WB007,2020,1,208.24175824175825,kolkata,west bengal,kolkata,0.701951540860215,0.7452875027037869,0.7058911737550851,district+state_weighted,0.5340876567388358
WB007,2020,2,56.56666666666667,kolkata,west bengal,kolkata,3.175510852688172,7.153166179804582,3.5371158824260274,district+state_weighted,1.5122915419968233
WB007,2020,3,30.0,kolkata,west bengal,kolkata,6.83563699032258,8.611035045986489,6.997036813564754,district+state_weighted,2.0790710747610346
WB008,2019,3,39.94871794871795,kolkata,west bengal,kolkata,6.83563699032258,8.611035045986489,6.997036813564754,district+state_weighted,2.0790710747610346
WB008,2019,4,147.14772727272728,kolkata,west bengal,kolkata,0.7801749522258065,1.3414401757926602,0.8311990634591567,district+state_weighted,0.6049709782205042
WB008,2020,1,157.8095238095238,kolkata,west bengal,kolkata,0.701951540860215,0.7452875027037869,0.7058911737550851,district+state_weighted,0.5340876567388358
WB008,2020,2,57.166666666666664,kolkata,west bengal,kolkata,3.175510852688172,7.153166179804582,3.5371158824260274,district+state_weighted,1.5122915419968233
WB008,2020,3,52.0,kolkata,west bengal,kolkata,6.83563699032258,8.611035045986489,6.997036813564754,district+state_weighted,2.0790710747610346
WB009,2019,2,70.13333333333334,kolkata,west bengal,kolkata,3.175510852688172,7.153166179804582,3.5371158824260274,district+state_weighted,1.5122915419968233
WB009,2019,3,56.53260869565217,kolkata,west bengal,kolkata,6.83563699032258,8.611035045986489,6.997036813564754,district+state_weighted,2.0790710747610346
WB009,2019,4,211.9010989010989,kolkata,west bengal,kolkata,0.7801749522258065,1.3414401757926602,0.8311990634591567,district+state_weighted,0.6049709782205042
WB009,2020,1,181.2087912087912,kolkata,west bengal,kolkata,0.701951540860215,0.7452875027037869,0.7058911737550851,district+state_weighted,0.5340876567388358
WB009,2020,2,55.81111111111111,kolkata,west bengal,kolkata,3.175510852688172,7.153166179804582,3.5371158824260274,district+state_weighted,1.5122915419968233
WB009,2020,3,38.0,kolkata,west bengal,kolkata,6.83563699032258,8.611035045986489,6.997036813564754,district+state_weighted,2.0790710747610346
WB010,2019,2,66.88888888888889,kolkata,west bengal,kolkata,3.175510852688172,7.153166179804582,3.5371158824260274,district+state_weighted,1.5122915419968233
WB010,2019,3,37.47727272727273,kolkata,west bengal,kolkata,6.83563699032258,8.611035045986489,6.997036813564754,district+state_weighted,2.0790710747610346
WB010,2019,4,159.2808988764045,kolkata,west bengal,kolkata,0.7801749522258065,1.3414401757926602,0.8311990634591567,district+state_weighted,0.6049709782205042
WB010,2020,1,148.6813186813187,kolkata,west bengal,kolkata,0.701951540860215,0.7452875027037869,0.7058911737550851,district+state_weighted,0.5340876567388358
WB010,2020,2,53.010989010989015,kolkata,west bengal,kolkata,3.175510852688172,7.153166179804582,3.5371158824260274,district+state_weighted,1.5122915419968233
WB010,2020,3,35.0,kolkata,west bengal,kolkata,6.83563699032258,8.611035045986489,6.997036813564754,district+state_weighted,2.0790710747610346
WB011,2018,4,364.537037037037,kolkata,west bengal,kolkata,0.7801749522258065,1.3414401757926602,0.8311990634591567,district+state_weighted,0.6049709782205042
WB011,2019,1,300.2111111111111,kolkata,west bengal,kolkata,0.701951540860215,0.7452875027037869,0.7058911737550851,district+state_weighted,0.5340876567388358
WB011,2019,2,101.24175824175825,kolkata,west bengal,kolkata,3.175510852688172,7.153166179804582,3.5371158824260274,district+state_weighted,1.5122915419968233
WB011,2019,3,66.52873563218391,kolkata,west bengal,kolkata,6.83563699032258,8.611035045986489,6.997036813564754,district+state_weighted,2.0790710747610346
WB011,2019,4,212.15384615384616,kolkata,west bengal,kolkata,0.7801749522258065,1.3414401757926602,0.8311990634591567,district+state_weighted,0.6049709782205042
WB011,2020,1,209.0875,kolkata,west bengal,kolkata,0.701951540860215,0.7452875027037869,0.7058911737550851,district+state_weighted,0.5340876567388358
WB011,2020,2,71.46478873239437,kolkata,west bengal,kolkata,3.175510852688172,7.153166179804582,3.5371158824260274,district+state_weighted,1.5122915419968233
WB011,2020,3,62.0,kolkata,west bengal,kolkata,6.83563699032258,8.611035045986489,6.997036813564754,district+state_weighted,2.0790710747610346
WB012,2019,3,38.25,kolkata,west bengal,kolkata,6.83563699032258,8.611035045986489,6.997036813564754,district+state_weighted,2.0790710747610346
WB012,2019,4,152.20454545454547,kolkata,west bengal,kolkata,0.7801749522258065,1.3414401757926602,0.8311990634591567,district+state_weighted,0.6049709782205042
WB012,2020,1,146.83516483516485,kolkata,west bengal,kolkata,0.701951540860215,0.7452875027037869,0.7058911737550851,district+state_weighted,0.5340876567388358
WB012,2020,2,52.60674157303371,kolkata,west bengal,kolkata,3.175510852688172,7.153166179804582,3.5371158824260274,district+state_weighted,1.5122915419968233
WB012,2020,3,39.0,kolkata,west bengal,kolkata,6.83563699032258,8.611035045986489,6.997036813564754,district+state_weighted,2.0790710747610346
WB013,2018,2,76.0,kolkata,west bengal,kolkata,3.175510852688172,7.153166179804582,3.5371158824260274,district+state_weighted,1.5122915419968233
WB013,2018,3,68.17391304347827,kolkata,west bengal,kolkata,6.83563699032258,8.611035045986489,6.997036813564754,district+state_weighted,2.0790710747610346
WB013,2018,4,244.1086956521739,kolkata,west bengal,kolkata,0.7801749522258065,1.3414401757926602,0.8311990634591567,district+state_weighted,0.6049709782205042
WB013,2019,1,222.4777777777778,kolkata,west bengal,kolkata,0.701951540860215,0.7452875027037869,0.7058911737550851,district+state_weighted,0.5340876567388358
WB013,2019,2,63.94444444444444,kolkata,west bengal,kolkata,3.175510852688172,7.153166179804582,3.5371158824260274,district+state_weighted,1.5122915419968233
WB013,2019,3,68.59782608695652,kolkata,west bengal,kolkata,6.83563699032258,8.611035045986489,6.997036813564754,district+state_weighted,2.0790710747610346
WB013,2019,4,188.93258426966293,kolkata,west bengal,kolkata,0.7801749522258065,1.3414401757926602,0.8311990634591567,district+state_weighted,0.6049709782205042
WB013,2020,1,200.7888888888889,kolkata,west bengal,kolkata,0.701951540860215,0.7452875027037869,0.7058911737550851,district+state_weighted,0.5340876567388358
WB013,2020,2,56.265822784810126,kolkata,west bengal,kolkata,3.175510852688172,7.153166179804582,3.5371158824260274,district+state_weighted,1.5122915419968233
WB013,2020,3,59.0,kolkata,west bengal,kolkata,6.83563699032258,8.611035045986489,6.997036813564754,district+state_weighted,2.0790710747610346
