stationid,year,season,aqi_mean,latitude,longitude,closest_reservoir_distance,mean_distance_3_nearest_reservoirs,closest_reservoir_name,reservoir_density_100km,inverse_distance_score_100km,storage_weighted_inverse_score_100km,level_weighted_inverse_score_100km,log_closest_reservoir_distance,log_mean_distance_3_nearest_reservoirs
AP001,2018,1,120.74157303370787,16.5384664,80.487276,135.13365192262782,186.19391492414843,Nagarjuna Sagar,0,0.0,0.0,0.0,4.913637137893618,5.232145057768098
AP001,2018,2,81.05555555555556,16.5384664,80.487276,135.13365192262782,186.19391492414843,Nagarjuna Sagar,0,0.0,0.0,0.0,4.913637137893618,5.232145057768098
AP001,2018,3,71.60714285714286,16.5384664,80.487276,135.13365192262782,186.19391492414843,Nagarjuna Sagar,0,0.0,0.0,0.0,4.913637137893618,5.232145057768098
AP001,2018,4,134.88059701492537,16.5384664,80.487276,135.13365192262782,186.19391492414843,Nagarjuna Sagar,0,0.0,0.0,0.0,4.913637137893618,5.232145057768098
AP001,2019,1,138.45555555555555,16.5384664,80.487276,135.13365192262782,186.19391492414843,Nagarjuna Sagar,0,0.0,0.0,0.0,4.913637137893618,5.232145057768098
AP001,2019,2,82.95402298850574,16.5384664,80.487276,135.13365192262782,186.19391492414843,Nagarjuna Sagar,0,0.0,0.0,0.0,4.913637137893618,5.232145057768098
AP001,2019,3,48.765957446808514,16.5384664,80.487276,135.13365192262782,186.19391492414843,Nagarjuna Sagar,0,0.0,0.0,0.0,4.913637137893618,5.232145057768098
AP001,2019,4,99.55294117647058,16.5384664,80.487276,135.13365192262782,186.19391492414843,Nagarjuna Sagar,0,0.0,0.0,0.0,4.913637137893618,5.232145057768098
AP001,2020,1,69.27472527472527,16.5384664,80.487276,135.13365192262782,186.19391492414843,Nagarjuna Sagar,0,0.0,0.0,0.0,4.913637137893618,5.232145057768098
AP001,2020,2,50.54945054945055,16.5384664,80.487276,135.13365192262782,186.19391492414843,Nagarjuna Sagar,0,0.0,0.0,0.0,4.913637137893618,5.232145057768098
AP001,2020,3,54.0,16.5384664,80.487276,135.13365192262782,186.19391492414843,Nagarjuna Sagar,0,0.0,0.0,0.0,4.913637137893618,5.232145057768098
AP005,2018,1,161.25581395348837,17.7151271,83.1997752,99.79636714692599,115.04446045072474,Machkund\Jalaput Reservoir,1,0.009920992475277888,0.0012674067887167501,8.177325962537303,4.613102314778737,4.753973397421072
AP005,2018,2,84.44444444444444,17.7151271,83.1997752,99.79636714692599,115.04446045072474,Machkund\Jalaput Reservoir,1,0.009920992475277888,0.0012674067887167501,8.177325962537303,4.613102314778737,4.753973397421072
AP005,2018,3,97.8170731707317,17.7151271,83.1997752,99.79636714692599,115.04446045072474,Machkund\Jalaput Reservoir,1,0.009920992475277888,0.0012674067887167501,8.177325962537303,4.613102314778737,4.753973397421072
AP005,2018,4,146.88311688311688,17.7151271,83.1997752,99.79636714692599,115.04446045072474,Machkund\Jalaput Reservoir,1,0.009920992475277888,0.0012674067887167501,8.177325962537303,4.613102314778737,4.753973397421072
AP005,2019,1,171.35632183908046,17.7151271,83.1997752,99.79636714692599,115.04446045072474,Machkund\Jalaput Reservoir,1,0.009920992475277888,0.0012674067887167501,8.177325962537303,4.613102314778737,4.753973397421072
AP005,2019,2,107.15730337078652,17.7151271,83.1997752,99.79636714692599,115.04446045072474,Machkund\Jalaput Reservoir,1,0.009920992475277888,0.0012674067887167501,8.177325962537303,4.613102314778737,4.753973397421072
AP005,2019,3,90.26582278481013,17.7151271,83.1997752,99.79636714692599,115.04446045072474,Machkund\Jalaput Reservoir,1,0.009920992475277888,0.0012674067887167501,8.177325962537303,4.613102314778737,4.753973397421072
AP005,2019,4,122.30232558139535,17.7151271,83.1997752,99.79636714692599,115.04446045072474,Machkund\Jalaput Reservoir,1,0.009920992475277888,0.0012674067887167501,8.177325962537303,4.613102314778737,4.753973397421072
AP005,2020,1,102.55681818181819,17.7151271,83.1997752,99.79636714692599,115.04446045072474,Machkund\Jalaput Reservoir,1,0.009920992475277888,0.0012674067887167501,8.177325962537303,4.613102314778737,4.753973397421072
AP005,2020,2,67.40449438202248,17.7151271,83.1997752,99.79636714692599,115.04446045072474,Machkund\Jalaput Reservoir,1,0.009920992475277888,0.0012674067887167501,8.177325962537303,4.613102314778737,4.753973397421072
AP005,2020,3,50.0,17.7151271,83.1997752,99.79636714692599,115.04446045072474,Machkund\Jalaput Reservoir,1,0.009920992475277888,0.0012674067887167501,8.177325962537303,4.613102314778737,4.753973397421072
AS001,2019,1,208.95238095238096,26.1808827,91.7824864,250.77103837298003,352.1245893793708,Doyang Hep,0,0.0,0.0,0.0,5.528520096619352,5.866820939080548
AS001,2019,2,91.02247191011236,26.1808827,91.7824864,250.77103837298003,352.1245893793708,Doyang Hep,0,0.0,0.0,0.0,5.528520096619352,5.866820939080548
AS001,2019,3,82.2,26.1808827,91.7824864,250.77103837298003,352.1245893793708,Doyang Hep,0,0.0,0.0,0.0,5.528520096619352,5.866820939080548
AS001,2019,4,170.5934065934066,26.1808827,91.7824864,250.77103837298003,352.1245893793708,Doyang Hep,0,0.0,0.0,0.0,5.528520096619352,5.866820939080548
AS001,2020,1,250.34065934065933,26.1808827,91.7824864,250.77103837298003,352.1245893793708,Doyang Hep,0,0.0,0.0,0.0,5.528520096619352,5.866820939080548
AS001,2020,2,74.05494505494505,26.1808827,91.7824864,250.77103837298003,352.1245893793708,Doyang Hep,0,0.0,0.0,0.0,5.528520096619352,5.866820939080548
AS001,2020,3,36.0,26.1808827,91.7824864,250.77103837298003,352.1245893793708,Doyang Hep,0,0.0,0.0,0.0,5.528520096619352,5.866820939080548
BR005,2020,1,204.19230769230768,25.5854515,85.0448266,144.1621973053553,186.6374714215359,Tilaiya Reservoir,0,0.0,0.0,0.0,4.977851719357305,5.234511757679499
BR005,2020,2,83.54166666666667,25.5854515,85.0448266,144.1621973053553,186.6374714215359,Tilaiya Reservoir,0,0.0,0.0,0.0,4.977851719357305,5.234511757679499
BR005,2020,3,198.0,25.5854515,85.0448266,144.1621973053553,186.6374714215359,Tilaiya Reservoir,0,0.0,0.0,0.0,4.977851719357305,5.234511757679499
BR006,2020,1,212.1153846153846,25.5929006,85.2246868,141.1173689749677,182.36286818274326,Tilaiya Reservoir,0,0.0,0.0,0.0,4.956653258280702,5.211467075761927
BR006,2020,2,114.6,25.5929006,85.2246868,141.1173689749677,182.36286818274326,Tilaiya Reservoir,0,0.0,0.0,0.0,4.956653258280702,5.211467075761927
BR006,2020,3,100.0,25.5929006,85.2246868,141.1173689749677,182.36286818274326,Tilaiya Reservoir,0,0.0,0.0,0.0,4.956653258280702,5.211467075761927
BR007,2018,1,316.8636363636364,25.6102754,85.1293861,144.76595114248587,186.68153974295032,Tilaiya Reservoir,0,0.0,0.0,0.0,4.982002261043217,5.23474658895799
BR007,2018,2,172.95604395604394,25.6102754,85.1293861,144.76595114248587,186.68153974295032,Tilaiya Reservoir,0,0.0,0.0,0.0,4.982002261043217,5.23474658895799
BR007,2018,3,107.14285714285714,25.6102754,85.1293861,144.76595114248587,186.68153974295032,Tilaiya Reservoir,0,0.0,0.0,0.0,4.982002261043217,5.23474658895799
BR007,2018,4,340.31868131868134,25.6102754,85.1293861,144.76595114248587,186.68153974295032,Tilaiya Reservoir,0,0.0,0.0,0.0,4.982002261043217,5.23474658895799
BR007,2019,1,305.44444444444446,25.6102754,85.1293861,144.76595114248587,186.68153974295032,Tilaiya Reservoir,0,0.0,0.0,0.0,4.982002261043217,5.23474658895799
BR007,2019,2,153.13333333333333,25.6102754,85.1293861,144.76595114248587,186.68153974295032,Tilaiya Reservoir,0,0.0,0.0,0.0,4.982002261043217,5.23474658895799
BR007,2019,3,104.13186813186813,25.6102754,85.1293861,144.76595114248587,186.68153974295032,Tilaiya Reservoir,0,0.0,0.0,0.0,4.982002261043217,5.23474658895799
BR007,2019,4,319.9886363636364,25.6102754,85.1293861,144.76595114248587,186.68153974295032,Tilaiya Reservoir,0,0.0,0.0,0.0,4.982002261043217,5.23474658895799
BR007,2020,1,260.77777777777777,25.6102754,85.1293861,144.76595114248587,186.68153974295032,Tilaiya Reservoir,0,0.0,0.0,0.0,4.982002261043217,5.23474658895799
BR007,2020,2,122.26315789473684,25.6102754,85.1293861,144.76595114248587,186.68153974295032,Tilaiya Reservoir,0,0.0,0.0,0.0,4.982002261043217,5.23474658895799
BR007,2020,3,105.0,25.6102754,85.1293861,144.76595114248587,186.68153974295032,Tilaiya Reservoir,0,0.0,0.0,0.0,4.982002261043217,5.23474658895799
BR008,2019,4,250.85714285714286,25.6189426,85.1370556,145.54579682773502,187.39230811910952,Tilaiya Reservoir,0,0.0,0.0,0.0,4.9873379859386056,5.2385265339155405
BR008,2020,1,155.03571428571428,25.6189426,85.1370556,145.54579682773502,187.39230811910952,Tilaiya Reservoir,0,0.0,0.0,0.0,4.9873379859386056,5.2385265339155405
BR008,2020,2,90.24444444444444,25.6189426,85.1370556,145.54579682773502,187.39230811910952,Tilaiya Reservoir,0,0.0,0.0,0.0,4.9873379859386056,5.2385265339155405
BR008,2020,3,74.0,25.6189426,85.1370556,145.54579682773502,187.39230811910952,Tilaiya Reservoir,0,0.0,0.0,0.0,4.9873379859386056,5.2385265339155405
BR009,2019,4,263.85714285714283,25.6066335,85.1014347,144.99851830971872,187.10192394831765,Tilaiya Reservoir,0,0.0,0.0,0.0,4.983596473093269,5.236983964581723
BR009,2020,1,169.22727272727272,25.6066335,85.1014347,144.99851830971872,187.10192394831765,Tilaiya Reservoir,0,0.0,0.0,0.0,4.983596473093269,5.236983964581723
BR009,2020,2,94.45054945054945,25.6066335,85.1014347,144.99851830971872,187.10192394831765,Tilaiya Reservoir,0,0.0,0.0,0.0,4.983596473093269,5.236983964581723
BR009,2020,3,67.0,25.6066335,85.1014347,144.99851830971872,187.10192394831765,Tilaiya Reservoir,0,0.0,0.0,0.0,4.983596473093269,5.236983964581723
BR010,2019,4,328.0,25.6012282,85.0804538,144.92173558326226,187.16381370864784,Tilaiya Reservoir,0,0.0,0.0,0.0,4.983070420329179,5.2373129329394255
BR010,2020,1,227.86516853932585,25.6012282,85.0804538,144.92173558326226,187.16381370864784,Tilaiya Reservoir,0,0.0,0.0,0.0,4.983070420329179,5.2373129329394255
BR010,2020,2,172.84615384615384,25.6012282,85.0804538,144.92173558326226,187.16381370864784,Tilaiya Reservoir,0,0.0,0.0,0.0,4.983070420329179,5.2373129329394255
BR010,2020,3,46.0,25.6012282,85.0804538,144.92173558326226,187.16381370864784,Tilaiya Reservoir,0,0.0,0.0,0.0,4.983070420329179,5.2373129329394255
CH001,2019,3,85.16,30.7516466,76.7567324,71.01791948921029,99.43552717222958,Kol Dam,2,0.027246849200516895,0.026126165734711913,15.348629231324832,4.276914969844706,4.609516000962362
CH001,2019,4,149.2391304347826,30.7516466,76.7567324,71.01791948921029,99.43552717222958,Kol Dam,2,0.027246849200516895,0.026126165734711913,15.348629231324832,4.276914969844706,4.609516000962362
CH001,2020,1,80.68131868131869,30.7516466,76.7567324,71.01791948921029,99.43552717222958,Kol Dam,2,0.027246849200516895,0.026126165734711913,15.348629231324832,4.276914969844706,4.609516000962362
CH001,2020,2,62.06666666666667,30.7516466,76.7567324,71.01791948921029,99.43552717222958,Kol Dam,2,0.027246849200516895,0.026126165734711913,15.348629231324832,4.276914969844706,4.609516000962362
CH001,2020,3,66.0,30.7516466,76.7567324,71.01791948921029,99.43552717222958,Kol Dam,2,0.027246849200516895,0.026126165734711913,15.348629231324832,4.276914969844706,4.609516000962362
DL001,2018,4,365.76,28.7973118,77.138667,179.79135142953683,227.66001814916135,Ramganga Reservoir,0,0.0,0.0,0.0,5.197343611800322,5.432236263485645
DL001,2019,1,257.56666666666666,28.7973118,77.138667,179.79135142953683,227.66001814916135,Ramganga Reservoir,0,0.0,0.0,0.0,5.197343611800322,5.432236263485645
DL001,2019,2,210.20987654320987,28.7973118,77.138667,179.79135142953683,227.66001814916135,Ramganga Reservoir,0,0.0,0.0,0.0,5.197343611800322,5.432236263485645
DL001,2019,3,94.06521739130434,28.7973118,77.138667,179.79135142953683,227.66001814916135,Ramganga Reservoir,0,0.0,0.0,0.0,5.197343611800322,5.432236263485645
DL001,2019,4,309.6111111111111,28.7973118,77.138667,179.79135142953683,227.66001814916135,Ramganga Reservoir,0,0.0,0.0,0.0,5.197343611800322,5.432236263485645
DL001,2020,1,220.73626373626374,28.7973118,77.138667,179.79135142953683,227.66001814916135,Ramganga Reservoir,0,0.0,0.0,0.0,5.197343611800322,5.432236263485645
DL001,2020,2,134.73033707865167,28.7973118,77.138667,179.79135142953683,227.66001814916135,Ramganga Reservoir,0,0.0,0.0,0.0,5.197343611800322,5.432236263485645
DL001,2020,3,108.0,28.7973118,77.138667,179.79135142953683,227.66001814916135,Ramganga Reservoir,0,0.0,0.0,0.0,5.197343611800322,5.432236263485645
DL002,2018,1,376.6024096385542,28.6466157,77.3155317,174.46895789803435,222.0888101725363,Ramganga Reservoir,0,0.0,0.0,0.0,5.167462149187271,5.407569944073663
DL002,2018,2,286.01176470588234,28.6466157,77.3155317,174.46895789803435,222.0888101725363,Ramganga Reservoir,0,0.0,0.0,0.0,5.167462149187271,5.407569944073663
DL002,2018,3,174.4090909090909,28.6466157,77.3155317,174.46895789803435,222.0888101725363,Ramganga Reservoir,0,0.0,0.0,0.0,5.167462149187271,5.407569944073663
DL002,2018,4,445.9021739130435,28.6466157,77.3155317,174.46895789803435,222.0888101725363,Ramganga Reservoir,0,0.0,0.0,0.0,5.167462149187271,5.407569944073663
DL002,2019,1,312.68888888888887,28.6466157,77.3155317,174.46895789803435,222.0888101725363,Ramganga Reservoir,0,0.0,0.0,0.0,5.167462149187271,5.407569944073663
DL002,2019,2,257.9222222222222,28.6466157,77.3155317,174.46895789803435,222.0888101725363,Ramganga Reservoir,0,0.0,0.0,0.0,5.167462149187271,5.407569944073663
DL002,2019,3,147.26136363636363,28.6466157,77.3155317,174.46895789803435,222.0888101725363,Ramganga Reservoir,0,0.0,0.0,0.0,5.167462149187271,5.407569944073663
DL002,2019,4,374.6703296703297,28.6466157,77.3155317,174.46895789803435,222.0888101725363,Ramganga Reservoir,0,0.0,0.0,0.0,5.167462149187271,5.407569944073663
DL002,2020,1,258.8988764044944,28.6466157,77.3155317,174.46895789803435,222.0888101725363,Ramganga Reservoir,0,0.0,0.0,0.0,5.167462149187271,5.407569944073663
DL002,2020,2,166.3709677419355,28.6466157,77.3155317,174.46895789803435,222.0888101725363,Ramganga Reservoir,0,0.0,0.0,0.0,5.167462149187271,5.407569944073663
DL002,2020,3,157.0,28.6466157,77.3155317,174.46895789803435,222.0888101725363,Ramganga Reservoir,0,0.0,0.0,0.0,5.167462149187271,5.407569944073663
DL003,2018,1,307.125,28.6885171,77.1739339,183.12329399472898,230.47313478678868,Ramganga Reservoir,0,0.0,0.0,0.0,5.2156056092665715,5.44446381835495
DL003,2018,2,254.84444444444443,28.6885171,77.1739339,183.12329399472898,230.47313478678868,Ramganga Reservoir,0,0.0,0.0,0.0,5.2156056092665715,5.44446381835495
DL003,2018,3,117.16304347826087,28.6885171,77.1739339,183.12329399472898,230.47313478678868,Ramganga Reservoir,0,0.0,0.0,0.0,5.2156056092665715,5.44446381835495
DL003,2018,4,369.0217391304348,28.6885171,77.1739339,183.12329399472898,230.47313478678868,Ramganga Reservoir,0,0.0,0.0,0.0,5.2156056092665715,5.44446381835495
DL003,2019,1,296.55555555555554,28.6885171,77.1739339,183.12329399472898,230.47313478678868,Ramganga Reservoir,0,0.0,0.0,0.0,5.2156056092665715,5.44446381835495
DL003,2019,2,224.8111111111111,28.6885171,77.1739339,183.12329399472898,230.47313478678868,Ramganga Reservoir,0,0.0,0.0,0.0,5.2156056092665715,5.44446381835495
DL003,2019,3,129.9673913043478,28.6885171,77.1739339,183.12329399472898,230.47313478678868,Ramganga Reservoir,0,0.0,0.0,0.0,5.2156056092665715,5.44446381835495
DL003,2019,4,347.85869565217394,28.6885171,77.1739339,183.12329399472898,230.47313478678868,Ramganga Reservoir,0,0.0,0.0,0.0,5.2156056092665715,5.44446381835495
DL003,2020,1,254.26373626373626,28.6885171,77.1739339,183.12329399472898,230.47313478678868,Ramganga Reservoir,0,0.0,0.0,0.0,5.2156056092665715,5.44446381835495
DL003,2020,2,110.52747252747253,28.6885171,77.1739339,183.12329399472898,230.47313478678868,Ramganga Reservoir,0,0.0,0.0,0.0,5.2156056092665715,5.44446381835495
DL003,2020,3,99.0,28.6885171,77.1739339,183.12329399472898,230.47313478678868,Ramganga Reservoir,0,0.0,0.0,0.0,5.2156056092665715,5.44446381835495
DL004,2018,1,237.95555555555555,28.476491,77.1329132,200.13579961839886,245.60354439798047,Ramganga Reservoir,0,0.0,0.0,0.0,5.303980299922669,5.507781963692566
DL004,2018,2,204.8735632183908,28.476491,77.1329132,200.13579961839886,245.60354439798047,Ramganga Reservoir,0,0.0,0.0,0.0,5.303980299922669,5.507781963692566
DL004,2018,3,106.29885057471265,28.476491,77.1329132,200.13579961839886,245.60354439798047,Ramganga Reservoir,0,0.0,0.0,0.0,5.303980299922669,5.507781963692566
DL004,2018,4,282.80898876404495,28.476491,77.1329132,200.13579961839886,245.60354439798047,Ramganga Reservoir,0,0.0,0.0,0.0,5.303980299922669,5.507781963692566
DL004,2019,1,185.70114942528735,28.476491,77.1329132,200.13579961839886,245.60354439798047,Ramganga Reservoir,0,0.0,0.0,0.0,5.303980299922669,5.507781963692566
DL004,2019,2,146.50574712643677,28.476491,77.1329132,200.13579961839886,245.60354439798047,Ramganga Reservoir,0,0.0,0.0,0.0,5.303980299922669,5.507781963692566
DL004,2019,3,109.78260869565217,28.476491,77.1329132,200.13579961839886,245.60354439798047,Ramganga Reservoir,0,0.0,0.0,0.0,5.303980299922669,5.507781963692566
DL004,2019,4,279.64130434782606,28.476491,77.1329132,200.13579961839886,245.60354439798047,Ramganga Reservoir,0,0.0,0.0,0.0,5.303980299922669,5.507781963692566
DL004,2020,1,168.3846153846154,28.476491,77.1329132,200.13579961839886,245.60354439798047,Ramganga Reservoir,0,0.0,0.0,0.0,5.303980299922669,5.507781963692566
DL004,2020,2,103.86363636363636,28.476491,77.1329132,200.13579961839886,245.60354439798047,Ramganga Reservoir,0,0.0,0.0,0.0,5.303980299922669,5.507781963692566
DL004,2020,3,90.0,28.476491,77.1329132,200.13579961839886,245.60354439798047,Ramganga Reservoir,0,0.0,0.0,0.0,5.303980299922669,5.507781963692566
DL005,2018,3,117.60227272727273,28.79966,77.0328847,188.72271301411467,234.9220930154845,Ramganga Reservoir,0,0.0,0.0,0.0,5.245563601002616,5.463501636184709
DL005,2018,4,394.8152173913044,28.79966,77.0328847,188.72271301411467,234.9220930154845,Ramganga Reservoir,0,0.0,0.0,0.0,5.245563601002616,5.463501636184709
DL005,2019,1,323.0,28.79966,77.0328847,188.72271301411467,234.9220930154845,Ramganga Reservoir,0,0.0,0.0,0.0,5.245563601002616,5.463501636184709
DL005,2019,2,254.62222222222223,28.79966,77.0328847,188.72271301411467,234.9220930154845,Ramganga Reservoir,0,0.0,0.0,0.0,5.245563601002616,5.463501636184709
DL005,2019,3,127.65217391304348,28.79966,77.0328847,188.72271301411467,234.9220930154845,Ramganga Reservoir,0,0.0,0.0,0.0,5.245563601002616,5.463501636184709
DL005,2019,4,352.2717391304348,28.79966,77.0328847,188.72271301411467,234.9220930154845,Ramganga Reservoir,0,0.0,0.0,0.0,5.245563601002616,5.463501636184709
DL005,2020,1,275.4111111111111,28.79966,77.0328847,188.72271301411467,234.9220930154845,Ramganga Reservoir,0,0.0,0.0,0.0,5.245563601002616,5.463501636184709
DL005,2020,2,170.48314606741573,28.79966,77.0328847,188.72271301411467,234.9220930154845,Ramganga Reservoir,0,0.0,0.0,0.0,5.245563601002616,5.463501636184709
DL005,2020,3,129.0,28.79966,77.0328847,188.72271301411467,234.9220930154845,Ramganga Reservoir,0,0.0,0.0,0.0,5.245563601002616,5.463501636184709
DL006,2018,1,240.42222222222222,28.7285944,77.1993251,178.6301993163191,226.39287268889862,Ramganga Reservoir,0,0.0,0.0,0.0,5.190900289373844,5.426679238208265
DL006,2018,2,226.9268292682927,28.7285944,77.1993251,178.6301993163191,226.39287268889862,Ramganga Reservoir,0,0.0,0.0,0.0,5.190900289373844,5.426679238208265
DL006,2018,3,112.56410256410257,28.7285944,77.1993251,178.6301993163191,226.39287268889862,Ramganga Reservoir,0,0.0,0.0,0.0,5.190900289373844,5.426679238208265
DL006,2018,4,372.25,28.7285944,77.1993251,178.6301993163191,226.39287268889862,Ramganga Reservoir,0,0.0,0.0,0.0,5.190900289373844,5.426679238208265
DL006,2019,1,253.92045454545453,28.7285944,77.1993251,178.6301993163191,226.39287268889862,Ramganga Reservoir,0,0.0,0.0,0.0,5.190900289373844,5.426679238208265
DL006,2019,2,194.3448275862069,28.7285944,77.1993251,178.6301993163191,226.39287268889862,Ramganga Reservoir,0,0.0,0.0,0.0,5.190900289373844,5.426679238208265
DL006,2019,3,112.72826086956522,28.7285944,77.1993251,178.6301993163191,226.39287268889862,Ramganga Reservoir,0,0.0,0.0,0.0,5.190900289373844,5.426679238208265
DL006,2019,4,293.1081081081081,28.7285944,77.1993251,178.6301993163191,226.39287268889862,Ramganga Reservoir,0,0.0,0.0,0.0,5.190900289373844,5.426679238208265
DL007,2018,1,306.0112359550562,28.5500925,77.2751557,184.16302703778493,230.71374303794968,Ramganga Reservoir,0,0.0,0.0,0.0,5.221236664256836,5.44550274361092
DL007,2018,2,241.31034482758622,28.5500925,77.2751557,184.16302703778493,230.71374303794968,Ramganga Reservoir,0,0.0,0.0,0.0,5.221236664256836,5.44550274361092
DL007,2018,3,151.32608695652175,28.5500925,77.2751557,184.16302703778493,230.71374303794968,Ramganga Reservoir,0,0.0,0.0,0.0,5.221236664256836,5.44550274361092
DL007,2018,4,385.67058823529413,28.5500925,77.2751557,184.16302703778493,230.71374303794968,Ramganga Reservoir,0,0.0,0.0,0.0,5.221236664256836,5.44550274361092
DL007,2019,1,261.55172413793105,28.5500925,77.2751557,184.16302703778493,230.71374303794968,Ramganga Reservoir,0,0.0,0.0,0.0,5.221236664256836,5.44550274361092
DL007,2019,2,219.02197802197801,28.5500925,77.2751557,184.16302703778493,230.71374303794968,Ramganga Reservoir,0,0.0,0.0,0.0,5.221236664256836,5.44550274361092
DL007,2019,3,118.1304347826087,28.5500925,77.2751557,184.16302703778493,230.71374303794968,Ramganga Reservoir,0,0.0,0.0,0.0,5.221236664256836,5.44550274361092
DL007,2019,4,321.45652173913044,28.5500925,77.2751557,184.16302703778493,230.71374303794968,Ramganga Reservoir,0,0.0,0.0,0.0,5.221236664256836,5.44550274361092
DL007,2020,1,236.07692307692307,28.5500925,77.2751557,184.16302703778493,230.71374303794968,Ramganga Reservoir,0,0.0,0.0,0.0,5.221236664256836,5.44550274361092
DL007,2020,2,119.04395604395604,28.5500925,77.2751557,184.16302703778493,230.71374303794968,Ramganga Reservoir,0,0.0,0.0,0.0,5.221236664256836,5.44550274361092
DL007,2020,3,97.0,28.5500925,77.2751557,184.16302703778493,230.71374303794968,Ramganga Reservoir,0,0.0,0.0,0.0,5.221236664256836,5.44550274361092
DL008,2018,1,322.9154929577465,28.7508153,77.1162765,184.25792883476558,231.73480882292907,Ramganga Reservoir,0,0.0,0.0,0.0,5.221749063987751,5.449899645811986
DL008,2018,2,271.88505747126436,28.7508153,77.1162765,184.25792883476558,231.73480882292907,Ramganga Reservoir,0,0.0,0.0,0.0,5.221749063987751,5.449899645811986
DL008,2018,3,107.43478260869566,28.7508153,77.1162765,184.25792883476558,231.73480882292907,Ramganga Reservoir,0,0.0,0.0,0.0,5.221749063987751,5.449899645811986
DL008,2018,4,388.74725274725273,28.7508153,77.1162765,184.25792883476558,231.73480882292907,Ramganga Reservoir,0,0.0,0.0,0.0,5.221749063987751,5.449899645811986
DL008,2019,1,284.7176470588235,28.7508153,77.1162765,184.25792883476558,231.73480882292907,Ramganga Reservoir,0,0.0,0.0,0.0,5.221749063987751,5.449899645811986
DL008,2019,2,240.92134831460675,28.7508153,77.1162765,184.25792883476558,231.73480882292907,Ramganga Reservoir,0,0.0,0.0,0.0,5.221749063987751,5.449899645811986
DL008,2019,3,124.43333333333334,28.7508153,77.1162765,184.25792883476558,231.73480882292907,Ramganga Reservoir,0,0.0,0.0,0.0,5.221749063987751,5.449899645811986
DL008,2019,4,342.15384615384613,28.7508153,77.1162765,184.25792883476558,231.73480882292907,Ramganga Reservoir,0,0.0,0.0,0.0,5.221749063987751,5.449899645811986
DL008,2020,1,272.6666666666667,28.7508153,77.1162765,184.25792883476558,231.73480882292907,Ramganga Reservoir,0,0.0,0.0,0.0,5.221749063987751,5.449899645811986
DL008,2020,2,162.4835164835165,28.7508153,77.1162765,184.25792883476558,231.73480882292907,Ramganga Reservoir,0,0.0,0.0,0.0,5.221749063987751,5.449899645811986
DL008,2020,3,167.0,28.7508153,77.1162765,184.25792883476558,231.73480882292907,Ramganga Reservoir,0,0.0,0.0,0.0,5.221749063987751,5.449899645811986
DL009,2018,1,211.25,28.5000822,77.2675147,188.26749960090717,234.29921340928777,Ramganga Reservoir,0,0.0,0.0,0.0,5.243161356211239,5.460857952800775
DL009,2018,2,204.1868131868132,28.5000822,77.2675147,188.26749960090717,234.29921340928777,Ramganga Reservoir,0,0.0,0.0,0.0,5.243161356211239,5.460857952800775
DL009,2018,3,111.36666666666666,28.5000822,77.2675147,188.26749960090717,234.29921340928777,Ramganga Reservoir,0,0.0,0.0,0.0,5.243161356211239,5.460857952800775
DL009,2018,4,307.0,28.5000822,77.2675147,188.26749960090717,234.29921340928777,Ramganga Reservoir,0,0.0,0.0,0.0,5.243161356211239,5.460857952800775
DL009,2019,1,241.1123595505618,28.5000822,77.2675147,188.26749960090717,234.29921340928777,Ramganga Reservoir,0,0.0,0.0,0.0,5.243161356211239,5.460857952800775
DL009,2019,2,176.22222222222223,28.5000822,77.2675147,188.26749960090717,234.29921340928777,Ramganga Reservoir,0,0.0,0.0,0.0,5.243161356211239,5.460857952800775
DL009,2019,3,88.04347826086956,28.5000822,77.2675147,188.26749960090717,234.29921340928777,Ramganga Reservoir,0,0.0,0.0,0.0,5.243161356211239,5.460857952800775
DL009,2019,4,315.10869565217394,28.5000822,77.2675147,188.26749960090717,234.29921340928777,Ramganga Reservoir,0,0.0,0.0,0.0,5.243161356211239,5.460857952800775
DL009,2020,1,232.25274725274724,28.5000822,77.2675147,188.26749960090717,234.29921340928777,Ramganga Reservoir,0,0.0,0.0,0.0,5.243161356211239,5.460857952800775
DL009,2020,2,161.82417582417582,28.5000822,77.2675147,188.26749960090717,234.29921340928777,Ramganga Reservoir,0,0.0,0.0,0.0,5.243161356211239,5.460857952800775
DL009,2020,3,111.0,28.5000822,77.2675147,188.26749960090717,234.29921340928777,Ramganga Reservoir,0,0.0,0.0,0.0,5.243161356211239,5.460857952800775
DL010,2018,1,339.9824561403509,28.5656109,77.0670366,199.4145861778934,245.41115807486162,Ramganga Reservoir,0,0.0,0.0,0.0,5.300388151880816,5.507001515028788
DL010,2018,2,237.82222222222222,28.5656109,77.0670366,199.4145861778934,245.41115807486162,Ramganga Reservoir,0,0.0,0.0,0.0,5.300388151880816,5.507001515028788
DL010,2018,3,141.1304347826087,28.5656109,77.0670366,199.4145861778934,245.41115807486162,Ramganga Reservoir,0,0.0,0.0,0.0,5.300388151880816,5.507001515028788
DL010,2018,4,399.0217391304348,28.5656109,77.0670366,199.4145861778934,245.41115807486162,Ramganga Reservoir,0,0.0,0.0,0.0,5.300388151880816,5.507001515028788
DL010,2019,1,290.26666666666665,28.5656109,77.0670366,199.4145861778934,245.41115807486162,Ramganga Reservoir,0,0.0,0.0,0.0,5.300388151880816,5.507001515028788
DL010,2019,2,270.8666666666667,28.5656109,77.0670366,199.4145861778934,245.41115807486162,Ramganga Reservoir,0,0.0,0.0,0.0,5.300388151880816,5.507001515028788
DL010,2019,3,165.18478260869566,28.5656109,77.0670366,199.4145861778934,245.41115807486162,Ramganga Reservoir,0,0.0,0.0,0.0,5.300388151880816,5.507001515028788
DL010,2019,4,380.32608695652175,28.5656109,77.0670366,199.4145861778934,245.41115807486162,Ramganga Reservoir,0,0.0,0.0,0.0,5.300388151880816,5.507001515028788
DL010,2020,1,273.3076923076923,28.5656109,77.0670366,199.4145861778934,245.41115807486162,Ramganga Reservoir,0,0.0,0.0,0.0,5.300388151880816,5.507001515028788
DL010,2020,2,139.3846153846154,28.5656109,77.0670366,199.4145861778934,245.41115807486162,Ramganga Reservoir,0,0.0,0.0,0.0,5.300388151880816,5.507001515028788
DL010,2020,3,121.0,28.5656109,77.0670366,199.4145861778934,245.41115807486162,Ramganga Reservoir,0,0.0,0.0,0.0,5.300388151880816,5.507001515028788
DL012,2018,1,224.38888888888889,28.5543559,77.0974746,197.7074336853403,243.72317970122018,Ramganga Reservoir,0,0.0,0.0,0.0,5.29183356046009,5.5001276929799605
DL012,2018,2,174.1868131868132,28.5543559,77.0974746,197.7074336853403,243.72317970122018,Ramganga Reservoir,0,0.0,0.0,0.0,5.29183356046009,5.5001276929799605
DL012,2018,3,96.74444444444444,28.5543559,77.0974746,197.7074336853403,243.72317970122018,Ramganga Reservoir,0,0.0,0.0,0.0,5.29183356046009,5.5001276929799605
DL012,2018,4,297.2134831460674,28.5543559,77.0974746,197.7074336853403,243.72317970122018,Ramganga Reservoir,0,0.0,0.0,0.0,5.29183356046009,5.5001276929799605
DL012,2019,1,230.90804597701148,28.5543559,77.0974746,197.7074336853403,243.72317970122018,Ramganga Reservoir,0,0.0,0.0,0.0,5.29183356046009,5.5001276929799605
DL012,2019,2,190.18421052631578,28.5543559,77.0974746,197.7074336853403,243.72317970122018,Ramganga Reservoir,0,0.0,0.0,0.0,5.29183356046009,5.5001276929799605
DL012,2019,3,116.08108108108108,28.5543559,77.0974746,197.7074336853403,243.72317970122018,Ramganga Reservoir,0,0.0,0.0,0.0,5.29183356046009,5.5001276929799605
DL012,2019,4,293.8152173913044,28.5543559,77.0974746,197.7074336853403,243.72317970122018,Ramganga Reservoir,0,0.0,0.0,0.0,5.29183356046009,5.5001276929799605
DL012,2020,1,196.86813186813185,28.5543559,77.0974746,197.7074336853403,243.72317970122018,Ramganga Reservoir,0,0.0,0.0,0.0,5.29183356046009,5.5001276929799605
DL012,2020,2,102.6067415730337,28.5543559,77.0974746,197.7074336853403,243.72317970122018,Ramganga Reservoir,0,0.0,0.0,0.0,5.29183356046009,5.5001276929799605
DL012,2020,3,92.0,28.5543559,77.0974746,197.7074336853403,243.72317970122018,Ramganga Reservoir,0,0.0,0.0,0.0,5.29183356046009,5.5001276929799605
DL013,2018,1,227.32222222222222,28.6814403,77.3028964,173.1775419959472,221.06137725354537,Ramganga Reservoir,0,0.0,0.0,0.0,5.160075135303424,5.4029538177754235
DL013,2018,2,205.93333333333334,28.6814403,77.3028964,173.1775419959472,221.06137725354537,Ramganga Reservoir,0,0.0,0.0,0.0,5.160075135303424,5.4029538177754235
DL013,2018,3,98.96511627906976,28.6814403,77.3028964,173.1775419959472,221.06137725354537,Ramganga Reservoir,0,0.0,0.0,0.0,5.160075135303424,5.4029538177754235
DL013,2018,4,277.3333333333333,28.6814403,77.3028964,173.1775419959472,221.06137725354537,Ramganga Reservoir,0,0.0,0.0,0.0,5.160075135303424,5.4029538177754235
DL013,2019,1,271.96666666666664,28.6814403,77.3028964,173.1775419959472,221.06137725354537,Ramganga Reservoir,0,0.0,0.0,0.0,5.160075135303424,5.4029538177754235
DL013,2019,2,234.55555555555554,28.6814403,77.3028964,173.1775419959472,221.06137725354537,Ramganga Reservoir,0,0.0,0.0,0.0,5.160075135303424,5.4029538177754235
DL013,2019,3,106.36781609195403,28.6814403,77.3028964,173.1775419959472,221.06137725354537,Ramganga Reservoir,0,0.0,0.0,0.0,5.160075135303424,5.4029538177754235
DL013,2019,4,269.2717391304348,28.6814403,77.3028964,173.1775419959472,221.06137725354537,Ramganga Reservoir,0,0.0,0.0,0.0,5.160075135303424,5.4029538177754235
DL013,2020,1,210.01098901098902,28.6814403,77.3028964,173.1775419959472,221.06137725354537,Ramganga Reservoir,0,0.0,0.0,0.0,5.160075135303424,5.4029538177754235
DL013,2020,2,96.73626373626374,28.6814403,77.3028964,173.1775419959472,221.06137725354537,Ramganga Reservoir,0,0.0,0.0,0.0,5.160075135303424,5.4029538177754235
DL013,2020,3,85.0,28.6814403,77.3028964,173.1775419959472,221.06137725354537,Ramganga Reservoir,0,0.0,0.0,0.0,5.160075135303424,5.4029538177754235
DL014,2018,1,256.5263157894737,28.6281909,77.2410437,181.5356964035782,228.69207571181627,Ramganga Reservoir,0,0.0,0.0,0.0,5.206945750627935,5.436739610675137
DL014,2018,2,242.14285714285714,28.6281909,77.2410437,181.5356964035782,228.69207571181627,Ramganga Reservoir,0,0.0,0.0,0.0,5.206945750627935,5.436739610675137
DL014,2018,3,105.59154929577464,28.6281909,77.2410437,181.5356964035782,228.69207571181627,Ramganga Reservoir,0,0.0,0.0,0.0,5.206945750627935,5.436739610675137
DL014,2018,4,338.5652173913044,28.6281909,77.2410437,181.5356964035782,228.69207571181627,Ramganga Reservoir,0,0.0,0.0,0.0,5.206945750627935,5.436739610675137
DL014,2019,1,267.1685393258427,28.6281909,77.2410437,181.5356964035782,228.69207571181627,Ramganga Reservoir,0,0.0,0.0,0.0,5.206945750627935,5.436739610675137
DL014,2019,2,194.35955056179776,28.6281909,77.2410437,181.5356964035782,228.69207571181627,Ramganga Reservoir,0,0.0,0.0,0.0,5.206945750627935,5.436739610675137
DL014,2019,3,91.28888888888889,28.6281909,77.2410437,181.5356964035782,228.69207571181627,Ramganga Reservoir,0,0.0,0.0,0.0,5.206945750627935,5.436739610675137
DL014,2019,4,309.14130434782606,28.6281909,77.2410437,181.5356964035782,228.69207571181627,Ramganga Reservoir,0,0.0,0.0,0.0,5.206945750627935,5.436739610675137
DL014,2020,1,247.4,28.6281909,77.2410437,181.5356964035782,228.69207571181627,Ramganga Reservoir,0,0.0,0.0,0.0,5.206945750627935,5.436739610675137
DL014,2020,2,160.5595238095238,28.6281909,77.2410437,181.5356964035782,228.69207571181627,Ramganga Reservoir,0,0.0,0.0,0.0,5.206945750627935,5.436739610675137
DL014,2020,3,122.0,28.6281909,77.2410437,181.5356964035782,228.69207571181627,Ramganga Reservoir,0,0.0,0.0,0.0,5.206945750627935,5.436739610675137
DL015,2018,1,359.64912280701753,28.7259717,77.162658,181.8140498059195,229.37263310272692,Ramganga Reservoir,0,0.0,0.0,0.0,5.208469514961083,5.4396981418307595
DL015,2018,2,272.8901098901099,28.7259717,77.162658,181.8140498059195,229.37263310272692,Ramganga Reservoir,0,0.0,0.0,0.0,5.208469514961083,5.4396981418307595
DL015,2018,3,131.92222222222222,28.7259717,77.162658,181.8140498059195,229.37263310272692,Ramganga Reservoir,0,0.0,0.0,0.0,5.208469514961083,5.4396981418307595
DL015,2018,4,423.7717391304348,28.7259717,77.162658,181.8140498059195,229.37263310272692,Ramganga Reservoir,0,0.0,0.0,0.0,5.208469514961083,5.4396981418307595
DL015,2019,1,323.73333333333335,28.7259717,77.162658,181.8140498059195,229.37263310272692,Ramganga Reservoir,0,0.0,0.0,0.0,5.208469514961083,5.4396981418307595
DL015,2019,2,239.48888888888888,28.7259717,77.162658,181.8140498059195,229.37263310272692,Ramganga Reservoir,0,0.0,0.0,0.0,5.208469514961083,5.4396981418307595
DL015,2019,3,119.19565217391305,28.7259717,77.162658,181.8140498059195,229.37263310272692,Ramganga Reservoir,0,0.0,0.0,0.0,5.208469514961083,5.4396981418307595
DL015,2019,4,365.0326086956522,28.7259717,77.162658,181.8140498059195,229.37263310272692,Ramganga Reservoir,0,0.0,0.0,0.0,5.208469514961083,5.4396981418307595
DL015,2020,1,275.69662921348316,28.7259717,77.162658,181.8140498059195,229.37263310272692,Ramganga Reservoir,0,0.0,0.0,0.0,5.208469514961083,5.4396981418307595
DL015,2020,2,132.48888888888888,28.7259717,77.162658,181.8140498059195,229.37263310272692,Ramganga Reservoir,0,0.0,0.0,0.0,5.208469514961083,5.4396981418307595
DL015,2020,3,102.0,28.7259717,77.162658,181.8140498059195,229.37263310272692,Ramganga Reservoir,0,0.0,0.0,0.0,5.208469514961083,5.4396981418307595
DL016,2018,1,276.10526315789474,28.5833771,77.2335404,185.09220584503484,231.82260816068742,Ramganga Reservoir,0,0.0,0.0,0.0,5.226242281229155,5.450276825234314
DL016,2018,2,221.65555555555557,28.5833771,77.2335404,185.09220584503484,231.82260816068742,Ramganga Reservoir,0,0.0,0.0,0.0,5.226242281229155,5.450276825234314
DL016,2018,3,103.68478260869566,28.5833771,77.2335404,185.09220584503484,231.82260816068742,Ramganga Reservoir,0,0.0,0.0,0.0,5.226242281229155,5.450276825234314
DL016,2018,4,334.38461538461536,28.5833771,77.2335404,185.09220584503484,231.82260816068742,Ramganga Reservoir,0,0.0,0.0,0.0,5.226242281229155,5.450276825234314
DL016,2019,1,272.55056179775283,28.5833771,77.2335404,185.09220584503484,231.82260816068742,Ramganga Reservoir,0,0.0,0.0,0.0,5.226242281229155,5.450276825234314
DL016,2019,2,206.8,28.5833771,77.2335404,185.09220584503484,231.82260816068742,Ramganga Reservoir,0,0.0,0.0,0.0,5.226242281229155,5.450276825234314
DL016,2019,3,113.16304347826087,28.5833771,77.2335404,185.09220584503484,231.82260816068742,Ramganga Reservoir,0,0.0,0.0,0.0,5.226242281229155,5.450276825234314
DL016,2019,4,330.42857142857144,28.5833771,77.2335404,185.09220584503484,231.82260816068742,Ramganga Reservoir,0,0.0,0.0,0.0,5.226242281229155,5.450276825234314
DL016,2020,1,228.7032967032967,28.5833771,77.2335404,185.09220584503484,231.82260816068742,Ramganga Reservoir,0,0.0,0.0,0.0,5.226242281229155,5.450276825234314
DL016,2020,2,128.06593406593407,28.5833771,77.2335404,185.09220584503484,231.82260816068742,Ramganga Reservoir,0,0.0,0.0,0.0,5.226242281229155,5.450276825234314
DL016,2020,3,94.0,28.5833771,77.2335404,185.09220584503484,231.82260816068742,Ramganga Reservoir,0,0.0,0.0,0.0,5.226242281229155,5.450276825234314
DL017,2018,1,233.45977011494253,28.5929459,77.2417643,183.81023520517334,230.65616880661764,Ramganga Reservoir,0,0.0,0.0,0.0,5.219329542983254,5.445254241366141
DL017,2018,2,199.9404761904762,28.5929459,77.2417643,183.81023520517334,230.65616880661764,Ramganga Reservoir,0,0.0,0.0,0.0,5.219329542983254,5.445254241366141
DL017,2018,3,103.5,28.5929459,77.2417643,183.81023520517334,230.65616880661764,Ramganga Reservoir,0,0.0,0.0,0.0,5.219329542983254,5.445254241366141
DL017,2018,4,292.6923076923077,28.5929459,77.2417643,183.81023520517334,230.65616880661764,Ramganga Reservoir,0,0.0,0.0,0.0,5.219329542983254,5.445254241366141
DL017,2019,1,202.6235294117647,28.5929459,77.2417643,183.81023520517334,230.65616880661764,Ramganga Reservoir,0,0.0,0.0,0.0,5.219329542983254,5.445254241366141
DL017,2019,2,163.76404494382024,28.5929459,77.2417643,183.81023520517334,230.65616880661764,Ramganga Reservoir,0,0.0,0.0,0.0,5.219329542983254,5.445254241366141
DL017,2019,3,103.98823529411764,28.5929459,77.2417643,183.81023520517334,230.65616880661764,Ramganga Reservoir,0,0.0,0.0,0.0,5.219329542983254,5.445254241366141
DL017,2019,4,271.84090909090907,28.5929459,77.2417643,183.81023520517334,230.65616880661764,Ramganga Reservoir,0,0.0,0.0,0.0,5.219329542983254,5.445254241366141
DL017,2020,1,177.8901098901099,28.5929459,77.2417643,183.81023520517334,230.65616880661764,Ramganga Reservoir,0,0.0,0.0,0.0,5.219329542983254,5.445254241366141
DL017,2020,2,143.25974025974025,28.5929459,77.2417643,183.81023520517334,230.65616880661764,Ramganga Reservoir,0,0.0,0.0,0.0,5.219329542983254,5.445254241366141
DL017,2020,3,100.0,28.5929459,77.2417643,183.81023520517334,230.65616880661764,Ramganga Reservoir,0,0.0,0.0,0.0,5.219329542983254,5.445254241366141
DL018,2018,1,255.71929824561403,28.6126342,77.2373304,182.8494934613686,229.85518134772042,Ramganga Reservoir,0,0.0,0.0,0.0,5.2141174525700755,5.441790593352281
DL018,2018,2,237.36263736263737,28.6126342,77.2373304,182.8494934613686,229.85518134772042,Ramganga Reservoir,0,0.0,0.0,0.0,5.2141174525700755,5.441790593352281
DL018,2018,3,107.97826086956522,28.6126342,77.2373304,182.8494934613686,229.85518134772042,Ramganga Reservoir,0,0.0,0.0,0.0,5.2141174525700755,5.441790593352281
DL018,2018,4,327.9021739130435,28.6126342,77.2373304,182.8494934613686,229.85518134772042,Ramganga Reservoir,0,0.0,0.0,0.0,5.2141174525700755,5.441790593352281
DL018,2019,1,240.23333333333332,28.6126342,77.2373304,182.8494934613686,229.85518134772042,Ramganga Reservoir,0,0.0,0.0,0.0,5.2141174525700755,5.441790593352281
DL018,2019,2,191.74444444444444,28.6126342,77.2373304,182.8494934613686,229.85518134772042,Ramganga Reservoir,0,0.0,0.0,0.0,5.2141174525700755,5.441790593352281
DL018,2019,3,101.93478260869566,28.6126342,77.2373304,182.8494934613686,229.85518134772042,Ramganga Reservoir,0,0.0,0.0,0.0,5.2141174525700755,5.441790593352281
DL018,2019,4,295.60869565217394,28.6126342,77.2373304,182.8494934613686,229.85518134772042,Ramganga Reservoir,0,0.0,0.0,0.0,5.2141174525700755,5.441790593352281
DL018,2020,1,220.58241758241758,28.6126342,77.2373304,182.8494934613686,229.85518134772042,Ramganga Reservoir,0,0.0,0.0,0.0,5.2141174525700755,5.441790593352281
DL018,2020,2,126.93333333333334,28.6126342,77.2373304,182.8494934613686,229.85518134772042,Ramganga Reservoir,0,0.0,0.0,0.0,5.2141174525700755,5.441790593352281
DL018,2020,3,92.0,28.6126342,77.2373304,182.8494934613686,229.85518134772042,Ramganga Reservoir,0,0.0,0.0,0.0,5.2141174525700755,5.441790593352281
DL019,2018,1,284.3636363636364,28.638568,77.2035761,183.8413203196492,230.93409104099246,Ramganga Reservoir,0,0.0,0.0,0.0,5.219497729017288,5.4464532409644555
DL019,2018,2,200.65555555555557,28.638568,77.2035761,183.8413203196492,230.93409104099246,Ramganga Reservoir,0,0.0,0.0,0.0,5.219497729017288,5.4464532409644555
DL019,2018,3,109.52747252747253,28.638568,77.2035761,183.8413203196492,230.93409104099246,Ramganga Reservoir,0,0.0,0.0,0.0,5.219497729017288,5.4464532409644555
DL019,2018,4,319.39130434782606,28.638568,77.2035761,183.8413203196492,230.93409104099246,Ramganga Reservoir,0,0.0,0.0,0.0,5.219497729017288,5.4464532409644555
DL019,2019,1,252.25555555555556,28.638568,77.2035761,183.8413203196492,230.93409104099246,Ramganga Reservoir,0,0.0,0.0,0.0,5.219497729017288,5.4464532409644555
DL019,2019,2,204.38888888888889,28.638568,77.2035761,183.8413203196492,230.93409104099246,Ramganga Reservoir,0,0.0,0.0,0.0,5.219497729017288,5.4464532409644555
DL019,2019,3,112.32608695652173,28.638568,77.2035761,183.8413203196492,230.93409104099246,Ramganga Reservoir,0,0.0,0.0,0.0,5.219497729017288,5.4464532409644555
DL019,2019,4,298.9782608695652,28.638568,77.2035761,183.8413203196492,230.93409104099246,Ramganga Reservoir,0,0.0,0.0,0.0,5.219497729017288,5.4464532409644555
DL019,2020,1,211.18823529411765,28.638568,77.2035761,183.8413203196492,230.93409104099246,Ramganga Reservoir,0,0.0,0.0,0.0,5.219497729017288,5.4464532409644555
DL019,2020,2,94.6067415730337,28.638568,77.2035761,183.8413203196492,230.93409104099246,Ramganga Reservoir,0,0.0,0.0,0.0,5.219497729017288,5.4464532409644555
DL019,2020,3,72.0,28.638568,77.2035761,183.8413203196492,230.93409104099246,Ramganga Reservoir,0,0.0,0.0,0.0,5.219497729017288,5.4464532409644555
DL020,2018,3,141.86363636363637,28.6819261,77.0308105,195.3380729954248,241.9784546930671,Ramganga Reservoir,0,0.0,0.0,0.0,5.279838035585596,5.492972775595142
DL020,2018,4,454.4782608695652,28.6819261,77.0308105,195.3380729954248,241.9784546930671,Ramganga Reservoir,0,0.0,0.0,0.0,5.279838035585596,5.492972775595142
DL020,2019,1,330.74444444444447,28.6819261,77.0308105,195.3380729954248,241.9784546930671,Ramganga Reservoir,0,0.0,0.0,0.0,5.279838035585596,5.492972775595142
DL020,2019,2,287.60227272727275,28.6819261,77.0308105,195.3380729954248,241.9784546930671,Ramganga Reservoir,0,0.0,0.0,0.0,5.279838035585596,5.492972775595142
DL020,2019,3,135.37362637362637,28.6819261,77.0308105,195.3380729954248,241.9784546930671,Ramganga Reservoir,0,0.0,0.0,0.0,5.279838035585596,5.492972775595142
DL020,2019,4,359.5,28.6819261,77.0308105,195.3380729954248,241.9784546930671,Ramganga Reservoir,0,0.0,0.0,0.0,5.279838035585596,5.492972775595142
DL020,2020,1,279.8181818181818,28.6819261,77.0308105,195.3380729954248,241.9784546930671,Ramganga Reservoir,0,0.0,0.0,0.0,5.279838035585596,5.492972775595142
DL020,2020,2,153.25581395348837,28.6819261,77.0308105,195.3380729954248,241.9784546930671,Ramganga Reservoir,0,0.0,0.0,0.0,5.279838035585596,5.492972775595142
DL020,2020,3,105.0,28.6819261,77.0308105,195.3380729954248,241.9784546930671,Ramganga Reservoir,0,0.0,0.0,0.0,5.279838035585596,5.492972775595142
DL021,2018,1,304.75555555555553,28.6109477,77.0384563,198.90827248492116,245.12325084989297,Ramganga Reservoir,0,0.0,0.0,0.0,5.297858623766261,5.505832430178904
DL021,2018,2,220.5505617977528,28.6109477,77.0384563,198.90827248492116,245.12325084989297,Ramganga Reservoir,0,0.0,0.0,0.0,5.297858623766261,5.505832430178904
DL021,2018,3,127.42391304347827,28.6109477,77.0384563,198.90827248492116,245.12325084989297,Ramganga Reservoir,0,0.0,0.0,0.0,5.297858623766261,5.505832430178904
DL021,2018,4,304.3369565217391,28.6109477,77.0384563,198.90827248492116,245.12325084989297,Ramganga Reservoir,0,0.0,0.0,0.0,5.297858623766261,5.505832430178904
DL021,2019,1,261.8666666666667,28.6109477,77.0384563,198.90827248492116,245.12325084989297,Ramganga Reservoir,0,0.0,0.0,0.0,5.297858623766261,5.505832430178904
DL021,2019,2,234.15555555555557,28.6109477,77.0384563,198.90827248492116,245.12325084989297,Ramganga Reservoir,0,0.0,0.0,0.0,5.297858623766261,5.505832430178904
DL021,2019,3,111.81521739130434,28.6109477,77.0384563,198.90827248492116,245.12325084989297,Ramganga Reservoir,0,0.0,0.0,0.0,5.297858623766261,5.505832430178904
DL021,2019,4,304.1847826086956,28.6109477,77.0384563,198.90827248492116,245.12325084989297,Ramganga Reservoir,0,0.0,0.0,0.0,5.297858623766261,5.505832430178904
DL021,2020,1,241.45054945054946,28.6109477,77.0384563,198.90827248492116,245.12325084989297,Ramganga Reservoir,0,0.0,0.0,0.0,5.297858623766261,5.505832430178904
DL021,2020,2,127.87640449438203,28.6109477,77.0384563,198.90827248492116,245.12325084989297,Ramganga Reservoir,0,0.0,0.0,0.0,5.297858623766261,5.505832430178904
DL021,2020,3,95.0,28.6109477,77.0384563,198.90827248492116,245.12325084989297,Ramganga Reservoir,0,0.0,0.0,0.0,5.297858623766261,5.505832430178904
DL022,2018,1,249.91228070175438,28.6124504,76.9865067,203.0810158192331,249.0977799372217,Ramganga Reservoir,0,0.0,0.0,0.0,5.31851705137523,5.521851961143742
DL022,2018,2,233.26373626373626,28.6124504,76.9865067,203.0810158192331,249.0977799372217,Ramganga Reservoir,0,0.0,0.0,0.0,5.31851705137523,5.521851961143742
DL022,2018,3,107.59782608695652,28.6124504,76.9865067,203.0810158192331,249.0977799372217,Ramganga Reservoir,0,0.0,0.0,0.0,5.31851705137523,5.521851961143742
DL022,2018,4,296.07608695652175,28.6124504,76.9865067,203.0810158192331,249.0977799372217,Ramganga Reservoir,0,0.0,0.0,0.0,5.31851705137523,5.521851961143742
DL022,2019,1,248.2134831460674,28.6124504,76.9865067,203.0810158192331,249.0977799372217,Ramganga Reservoir,0,0.0,0.0,0.0,5.31851705137523,5.521851961143742
DL022,2019,2,190.79775280898878,28.6124504,76.9865067,203.0810158192331,249.0977799372217,Ramganga Reservoir,0,0.0,0.0,0.0,5.31851705137523,5.521851961143742
DL022,2019,3,90.85057471264368,28.6124504,76.9865067,203.0810158192331,249.0977799372217,Ramganga Reservoir,0,0.0,0.0,0.0,5.31851705137523,5.521851961143742
DL022,2019,4,282.03333333333336,28.6124504,76.9865067,203.0810158192331,249.0977799372217,Ramganga Reservoir,0,0.0,0.0,0.0,5.31851705137523,5.521851961143742
DL022,2020,1,216.51685393258427,28.6124504,76.9865067,203.0810158192331,249.0977799372217,Ramganga Reservoir,0,0.0,0.0,0.0,5.31851705137523,5.521851961143742
DL022,2020,2,131.5125,28.6124504,76.9865067,203.0810158192331,249.0977799372217,Ramganga Reservoir,0,0.0,0.0,0.0,5.31851705137523,5.521851961143742
DL022,2020,3,120.0,28.6124504,76.9865067,203.0810158192331,249.0977799372217,Ramganga Reservoir,0,0.0,0.0,0.0,5.31851705137523,5.521851961143742
DL023,2018,1,300.0701754385965,28.8464766,77.0856631,181.76200573369073,228.56405684510173,Ramganga Reservoir,0,0.0,0.0,0.0,5.208184791321273,5.436182105348784
DL023,2018,2,258.34065934065933,28.8464766,77.0856631,181.76200573369073,228.56405684510173,Ramganga Reservoir,0,0.0,0.0,0.0,5.208184791321273,5.436182105348784
DL023,2018,3,103.3076923076923,28.8464766,77.0856631,181.76200573369073,228.56405684510173,Ramganga Reservoir,0,0.0,0.0,0.0,5.208184791321273,5.436182105348784
DL023,2018,4,371.05494505494505,28.8464766,77.0856631,181.76200573369073,228.56405684510173,Ramganga Reservoir,0,0.0,0.0,0.0,5.208184791321273,5.436182105348784
DL023,2019,1,260.93333333333334,28.8464766,77.0856631,181.76200573369073,228.56405684510173,Ramganga Reservoir,0,0.0,0.0,0.0,5.208184791321273,5.436182105348784
DL023,2019,2,239.3111111111111,28.8464766,77.0856631,181.76200573369073,228.56405684510173,Ramganga Reservoir,0,0.0,0.0,0.0,5.208184791321273,5.436182105348784
DL023,2019,3,123.93478260869566,28.8464766,77.0856631,181.76200573369073,228.56405684510173,Ramganga Reservoir,0,0.0,0.0,0.0,5.208184791321273,5.436182105348784
DL023,2019,4,322.967032967033,28.8464766,77.0856631,181.76200573369073,228.56405684510173,Ramganga Reservoir,0,0.0,0.0,0.0,5.208184791321273,5.436182105348784
DL023,2020,1,242.65934065934067,28.8464766,77.0856631,181.76200573369073,228.56405684510173,Ramganga Reservoir,0,0.0,0.0,0.0,5.208184791321273,5.436182105348784
DL023,2020,2,165.0,28.8464766,77.0856631,181.76200573369073,228.56405684510173,Ramganga Reservoir,0,0.0,0.0,0.0,5.208184791321273,5.436182105348784
DL023,2020,3,115.0,28.8464766,77.0856631,181.76200573369073,228.56405684510173,Ramganga Reservoir,0,0.0,0.0,0.0,5.208184791321273,5.436182105348784
DL024,2018,1,259.2631578947368,28.5685108,77.2513847,184.71520064575643,231.36851819089466,Ramganga Reservoir,0,0.0,0.0,0.0,5.224214320936253,5.448324551907093
DL024,2018,2,224.34065934065933,28.5685108,77.2513847,184.71520064575643,231.36851819089466,Ramganga Reservoir,0,0.0,0.0,0.0,5.224214320936253,5.448324551907093
DL024,2018,3,109.55434782608695,28.5685108,77.2513847,184.71520064575643,231.36851819089466,Ramganga Reservoir,0,0.0,0.0,0.0,5.224214320936253,5.448324551907093
DL024,2018,4,384.9347826086956,28.5685108,77.2513847,184.71520064575643,231.36851819089466,Ramganga Reservoir,0,0.0,0.0,0.0,5.224214320936253,5.448324551907093
DL024,2019,1,310.73333333333335,28.5685108,77.2513847,184.71520064575643,231.36851819089466,Ramganga Reservoir,0,0.0,0.0,0.0,5.224214320936253,5.448324551907093
DL024,2019,2,195.2888888888889,28.5685108,77.2513847,184.71520064575643,231.36851819089466,Ramganga Reservoir,0,0.0,0.0,0.0,5.224214320936253,5.448324551907093
DL024,2019,3,103.02173913043478,28.5685108,77.2513847,184.71520064575643,231.36851819089466,Ramganga Reservoir,0,0.0,0.0,0.0,5.224214320936253,5.448324551907093
DL024,2019,4,362.92391304347825,28.5685108,77.2513847,184.71520064575643,231.36851819089466,Ramganga Reservoir,0,0.0,0.0,0.0,5.224214320936253,5.448324551907093
DL024,2020,1,275.4065934065934,28.5685108,77.2513847,184.71520064575643,231.36851819089466,Ramganga Reservoir,0,0.0,0.0,0.0,5.224214320936253,5.448324551907093
DL024,2020,2,155.1868131868132,28.5685108,77.2513847,184.71520064575643,231.36851819089466,Ramganga Reservoir,0,0.0,0.0,0.0,5.224214320936253,5.448324551907093
DL024,2020,3,87.0,28.5685108,77.2513847,184.71520064575643,231.36851819089466,Ramganga Reservoir,0,0.0,0.0,0.0,5.224214320936253,5.448324551907093
DL025,2018,1,303.3,28.6885841,77.2095178,180.22197953458002,227.7382642233863,Ramganga Reservoir,0,0.0,0.0,0.0,5.199722686112359,5.432578398898058
DL025,2018,2,248.68055555555554,28.6885841,77.2095178,180.22197953458002,227.7382642233863,Ramganga Reservoir,0,0.0,0.0,0.0,5.199722686112359,5.432578398898058
DL025,2018,3,105.78021978021978,28.6885841,77.2095178,180.22197953458002,227.7382642233863,Ramganga Reservoir,0,0.0,0.0,0.0,5.199722686112359,5.432578398898058
DL025,2018,4,348.53846153846155,28.6885841,77.2095178,180.22197953458002,227.7382642233863,Ramganga Reservoir,0,0.0,0.0,0.0,5.199722686112359,5.432578398898058
DL025,2019,1,301.5731707317073,28.6885841,77.2095178,180.22197953458002,227.7382642233863,Ramganga Reservoir,0,0.0,0.0,0.0,5.199722686112359,5.432578398898058
DL025,2019,2,255.0,28.6885841,77.2095178,180.22197953458002,227.7382642233863,Ramganga Reservoir,0,0.0,0.0,0.0,5.199722686112359,5.432578398898058
DL025,2019,3,115.41304347826087,28.6885841,77.2095178,180.22197953458002,227.7382642233863,Ramganga Reservoir,0,0.0,0.0,0.0,5.199722686112359,5.432578398898058
DL025,2019,4,297.97701149425285,28.6885841,77.2095178,180.22197953458002,227.7382642233863,Ramganga Reservoir,0,0.0,0.0,0.0,5.199722686112359,5.432578398898058
DL025,2020,1,195.7,28.6885841,77.2095178,180.22197953458002,227.7382642233863,Ramganga Reservoir,0,0.0,0.0,0.0,5.199722686112359,5.432578398898058
DL025,2020,2,107.14285714285714,28.6885841,77.2095178,180.22197953458002,227.7382642233863,Ramganga Reservoir,0,0.0,0.0,0.0,5.199722686112359,5.432578398898058
DL025,2020,3,88.0,28.6885841,77.2095178,180.22197953458002,227.7382642233863,Ramganga Reservoir,0,0.0,0.0,0.0,5.199722686112359,5.432578398898058
DL026,2018,1,255.71929824561403,28.6138954,77.2090057,185.0007339617531,231.90927634354685,Ramganga Reservoir,0,0.0,0.0,0.0,5.225750619736346,5.450649005824665
DL026,2018,2,232.75555555555556,28.6138954,77.2090057,185.0007339617531,231.90927634354685,Ramganga Reservoir,0,0.0,0.0,0.0,5.225750619736346,5.450649005824665
DL026,2018,3,110.05494505494505,28.6138954,77.2090057,185.0007339617531,231.90927634354685,Ramganga Reservoir,0,0.0,0.0,0.0,5.225750619736346,5.450649005824665
DL026,2018,4,349.10869565217394,28.6138954,77.2090057,185.0007339617531,231.90927634354685,Ramganga Reservoir,0,0.0,0.0,0.0,5.225750619736346,5.450649005824665
DL026,2019,1,266.64444444444445,28.6138954,77.2090057,185.0007339617531,231.90927634354685,Ramganga Reservoir,0,0.0,0.0,0.0,5.225750619736346,5.450649005824665
DL026,2019,2,181.58426966292134,28.6138954,77.2090057,185.0007339617531,231.90927634354685,Ramganga Reservoir,0,0.0,0.0,0.0,5.225750619736346,5.450649005824665
DL026,2019,3,107.75,28.6138954,77.2090057,185.0007339617531,231.90927634354685,Ramganga Reservoir,0,0.0,0.0,0.0,5.225750619736346,5.450649005824665
DL026,2019,4,330.20652173913044,28.6138954,77.2090057,185.0007339617531,231.90927634354685,Ramganga Reservoir,0,0.0,0.0,0.0,5.225750619736346,5.450649005824665
DL026,2020,1,241.58241758241758,28.6138954,77.2090057,185.0007339617531,231.90927634354685,Ramganga Reservoir,0,0.0,0.0,0.0,5.225750619736346,5.450649005824665
DL026,2020,2,112.9010989010989,28.6138954,77.2090057,185.0007339617531,231.90927634354685,Ramganga Reservoir,0,0.0,0.0,0.0,5.225750619736346,5.450649005824665
DL026,2020,3,102.0,28.6138954,77.2090057,185.0007339617531,231.90927634354685,Ramganga Reservoir,0,0.0,0.0,0.0,5.225750619736346,5.450649005824665
DL027,2018,1,254.14814814814815,28.6115923,77.2905644,178.76144498578938,225.95574148271263,Ramganga Reservoir,0,0.0,0.0,0.0,5.191630666261485,5.424755027030206
DL027,2018,2,219.21978021978023,28.6115923,77.2905644,178.76144498578938,225.95574148271263,Ramganga Reservoir,0,0.0,0.0,0.0,5.191630666261485,5.424755027030206
DL027,2018,3,111.93478260869566,28.6115923,77.2905644,178.76144498578938,225.95574148271263,Ramganga Reservoir,0,0.0,0.0,0.0,5.191630666261485,5.424755027030206
DL027,2018,4,336.1304347826087,28.6115923,77.2905644,178.76144498578938,225.95574148271263,Ramganga Reservoir,0,0.0,0.0,0.0,5.191630666261485,5.424755027030206
DL027,2019,1,247.32222222222222,28.6115923,77.2905644,178.76144498578938,225.95574148271263,Ramganga Reservoir,0,0.0,0.0,0.0,5.191630666261485,5.424755027030206
DL027,2019,2,176.7,28.6115923,77.2905644,178.76144498578938,225.95574148271263,Ramganga Reservoir,0,0.0,0.0,0.0,5.191630666261485,5.424755027030206
DL027,2019,3,92.70652173913044,28.6115923,77.2905644,178.76144498578938,225.95574148271263,Ramganga Reservoir,0,0.0,0.0,0.0,5.191630666261485,5.424755027030206
DL027,2019,4,300.1521739130435,28.6115923,77.2905644,178.76144498578938,225.95574148271263,Ramganga Reservoir,0,0.0,0.0,0.0,5.191630666261485,5.424755027030206
DL027,2020,1,217.43820224719101,28.6115923,77.2905644,178.76144498578938,225.95574148271263,Ramganga Reservoir,0,0.0,0.0,0.0,5.191630666261485,5.424755027030206
DL027,2020,2,91.49450549450549,28.6115923,77.2905644,178.76144498578938,225.95574148271263,Ramganga Reservoir,0,0.0,0.0,0.0,5.191630666261485,5.424755027030206
DL027,2020,3,69.0,28.6115923,77.2905644,178.76144498578938,225.95574148271263,Ramganga Reservoir,0,0.0,0.0,0.0,5.191630666261485,5.424755027030206
DL028,2018,1,352.5581395348837,28.672995,77.1461239,186.33850493217764,233.447648121872,Ramganga Reservoir,0,0.0,0.0,0.0,5.232917167244056,5.457232314015338
DL028,2018,2,298.52272727272725,28.672995,77.1461239,186.33850493217764,233.447648121872,Ramganga Reservoir,0,0.0,0.0,0.0,5.232917167244056,5.457232314015338
DL028,2018,3,215.1304347826087,28.672995,77.1461239,186.33850493217764,233.447648121872,Ramganga Reservoir,0,0.0,0.0,0.0,5.232917167244056,5.457232314015338
DL028,2018,4,375.4021739130435,28.672995,77.1461239,186.33850493217764,233.447648121872,Ramganga Reservoir,0,0.0,0.0,0.0,5.232917167244056,5.457232314015338
DL028,2019,1,316.5681818181818,28.672995,77.1461239,186.33850493217764,233.447648121872,Ramganga Reservoir,0,0.0,0.0,0.0,5.232917167244056,5.457232314015338
DL028,2019,2,296.3333333333333,28.672995,77.1461239,186.33850493217764,233.447648121872,Ramganga Reservoir,0,0.0,0.0,0.0,5.232917167244056,5.457232314015338
DL028,2019,3,155.91304347826087,28.672995,77.1461239,186.33850493217764,233.447648121872,Ramganga Reservoir,0,0.0,0.0,0.0,5.232917167244056,5.457232314015338
DL028,2019,4,342.6333333333333,28.672995,77.1461239,186.33850493217764,233.447648121872,Ramganga Reservoir,0,0.0,0.0,0.0,5.232917167244056,5.457232314015338
DL028,2020,1,272.7752808988764,28.672995,77.1461239,186.33850493217764,233.447648121872,Ramganga Reservoir,0,0.0,0.0,0.0,5.232917167244056,5.457232314015338
DL028,2020,2,152.14634146341464,28.672995,77.1461239,186.33850493217764,233.447648121872,Ramganga Reservoir,0,0.0,0.0,0.0,5.232917167244056,5.457232314015338
DL028,2020,3,94.0,28.672995,77.1461239,186.33850493217764,233.447648121872,Ramganga Reservoir,0,0.0,0.0,0.0,5.232917167244056,5.457232314015338
DL029,2018,3,119.32584269662921,28.6362997,77.1576444,187.67016179993882,234.55495565794976,Ramganga Reservoir,0,0.0,0.0,0.0,5.240000314804851,5.461944243591477
DL029,2018,4,328.70454545454544,28.6362997,77.1576444,187.67016179993882,234.55495565794976,Ramganga Reservoir,0,0.0,0.0,0.0,5.240000314804851,5.461944243591477
DL029,2019,1,260.6777777777778,28.6362997,77.1576444,187.67016179993882,234.55495565794976,Ramganga Reservoir,0,0.0,0.0,0.0,5.240000314804851,5.461944243591477
DL029,2019,2,196.45555555555555,28.6362997,77.1576444,187.67016179993882,234.55495565794976,Ramganga Reservoir,0,0.0,0.0,0.0,5.240000314804851,5.461944243591477
DL029,2019,3,105.71428571428571,28.6362997,77.1576444,187.67016179993882,234.55495565794976,Ramganga Reservoir,0,0.0,0.0,0.0,5.240000314804851,5.461944243591477
DL029,2019,4,317.2307692307692,28.6362997,77.1576444,187.67016179993882,234.55495565794976,Ramganga Reservoir,0,0.0,0.0,0.0,5.240000314804851,5.461944243591477
DL029,2020,1,233.91011235955057,28.6362997,77.1576444,187.67016179993882,234.55495565794976,Ramganga Reservoir,0,0.0,0.0,0.0,5.240000314804851,5.461944243591477
DL029,2020,2,125.05172413793103,28.6362997,77.1576444,187.67016179993882,234.55495565794976,Ramganga Reservoir,0,0.0,0.0,0.0,5.240000314804851,5.461944243591477
DL029,2020,3,97.0,28.6362997,77.1576444,187.67016179993882,234.55495565794976,Ramganga Reservoir,0,0.0,0.0,0.0,5.240000314804851,5.461944243591477
DL030,2018,1,208.53333333333333,28.6362997,77.1576444,187.67016179993882,234.55495565794976,Ramganga Reservoir,0,0.0,0.0,0.0,5.240000314804851,5.461944243591477
DL030,2018,2,167.9047619047619,28.6362997,77.1576444,187.67016179993882,234.55495565794976,Ramganga Reservoir,0,0.0,0.0,0.0,5.240000314804851,5.461944243591477
DL030,2018,3,96.68478260869566,28.6362997,77.1576444,187.67016179993882,234.55495565794976,Ramganga Reservoir,0,0.0,0.0,0.0,5.240000314804851,5.461944243591477
DL030,2018,4,288.86206896551727,28.6362997,77.1576444,187.67016179993882,234.55495565794976,Ramganga Reservoir,0,0.0,0.0,0.0,5.240000314804851,5.461944243591477
DL030,2019,1,199.1046511627907,28.6362997,77.1576444,187.67016179993882,234.55495565794976,Ramganga Reservoir,0,0.0,0.0,0.0,5.240000314804851,5.461944243591477
DL030,2019,2,159.54444444444445,28.6362997,77.1576444,187.67016179993882,234.55495565794976,Ramganga Reservoir,0,0.0,0.0,0.0,5.240000314804851,5.461944243591477
DL030,2019,3,83.47826086956522,28.6362997,77.1576444,187.67016179993882,234.55495565794976,Ramganga Reservoir,0,0.0,0.0,0.0,5.240000314804851,5.461944243591477
DL030,2019,4,268.6630434782609,28.6362997,77.1576444,187.67016179993882,234.55495565794976,Ramganga Reservoir,0,0.0,0.0,0.0,5.240000314804851,5.461944243591477
DL030,2020,1,164.1868131868132,28.6362997,77.1576444,187.67016179993882,234.55495565794976,Ramganga Reservoir,0,0.0,0.0,0.0,5.240000314804851,5.461944243591477
DL030,2020,2,125.71739130434783,28.6362997,77.1576444,187.67016179993882,234.55495565794976,Ramganga Reservoir,0,0.0,0.0,0.0,5.240000314804851,5.461944243591477
DL030,2020,3,101.0,28.6362997,77.1576444,187.67016179993882,234.55495565794976,Ramganga Reservoir,0,0.0,0.0,0.0,5.240000314804851,5.461944243591477
DL031,2018,1,309.5681818181818,28.5503805,77.1855231,191.04556625625577,237.3205094227569,Ramganga Reservoir,0,0.0,0.0,0.0,5.257732668122168,5.473616445960467
DL031,2018,2,228.58620689655172,28.5503805,77.1855231,191.04556625625577,237.3205094227569,Ramganga Reservoir,0,0.0,0.0,0.0,5.257732668122168,5.473616445960467
DL031,2018,3,115.75,28.5503805,77.1855231,191.04556625625577,237.3205094227569,Ramganga Reservoir,0,0.0,0.0,0.0,5.257732668122168,5.473616445960467
DL031,2018,4,355.1630434782609,28.5503805,77.1855231,191.04556625625577,237.3205094227569,Ramganga Reservoir,0,0.0,0.0,0.0,5.257732668122168,5.473616445960467
DL031,2019,1,286.1744186046512,28.5503805,77.1855231,191.04556625625577,237.3205094227569,Ramganga Reservoir,0,0.0,0.0,0.0,5.257732668122168,5.473616445960467
DL031,2019,2,188.7888888888889,28.5503805,77.1855231,191.04556625625577,237.3205094227569,Ramganga Reservoir,0,0.0,0.0,0.0,5.257732668122168,5.473616445960467
DL031,2019,3,115.3956043956044,28.5503805,77.1855231,191.04556625625577,237.3205094227569,Ramganga Reservoir,0,0.0,0.0,0.0,5.257732668122168,5.473616445960467
DL031,2019,4,283.57608695652175,28.5503805,77.1855231,191.04556625625577,237.3205094227569,Ramganga Reservoir,0,0.0,0.0,0.0,5.257732668122168,5.473616445960467
DL031,2020,1,201.54945054945054,28.5503805,77.1855231,191.04556625625577,237.3205094227569,Ramganga Reservoir,0,0.0,0.0,0.0,5.257732668122168,5.473616445960467
DL031,2020,2,104.0,28.5503805,77.1855231,191.04556625625577,237.3205094227569,Ramganga Reservoir,0,0.0,0.0,0.0,5.257732668122168,5.473616445960467
DL031,2020,3,73.0,28.5503805,77.1855231,191.04556625625577,237.3205094227569,Ramganga Reservoir,0,0.0,0.0,0.0,5.257732668122168,5.473616445960467
DL032,2018,1,307.2631578947368,28.7162092,77.1170743,186.16800900272463,233.43423908001546,Ramganga Reservoir,0,0.0,0.0,0.0,5.232006657360314,5.45717511819598
DL032,2018,2,270.02272727272725,28.7162092,77.1170743,186.16800900272463,233.43423908001546,Ramganga Reservoir,0,0.0,0.0,0.0,5.232006657360314,5.45717511819598
DL032,2018,3,115.2967032967033,28.7162092,77.1170743,186.16800900272463,233.43423908001546,Ramganga Reservoir,0,0.0,0.0,0.0,5.232006657360314,5.45717511819598
DL032,2018,4,422.1123595505618,28.7162092,77.1170743,186.16800900272463,233.43423908001546,Ramganga Reservoir,0,0.0,0.0,0.0,5.232006657360314,5.45717511819598
DL032,2019,1,316.93333333333334,28.7162092,77.1170743,186.16800900272463,233.43423908001546,Ramganga Reservoir,0,0.0,0.0,0.0,5.232006657360314,5.45717511819598
DL032,2019,2,232.20224719101122,28.7162092,77.1170743,186.16800900272463,233.43423908001546,Ramganga Reservoir,0,0.0,0.0,0.0,5.232006657360314,5.45717511819598
DL032,2019,3,113.90217391304348,28.7162092,77.1170743,186.16800900272463,233.43423908001546,Ramganga Reservoir,0,0.0,0.0,0.0,5.232006657360314,5.45717511819598
DL032,2019,4,358.4673913043478,28.7162092,77.1170743,186.16800900272463,233.43423908001546,Ramganga Reservoir,0,0.0,0.0,0.0,5.232006657360314,5.45717511819598
DL032,2020,1,280.1868131868132,28.7162092,77.1170743,186.16800900272463,233.43423908001546,Ramganga Reservoir,0,0.0,0.0,0.0,5.232006657360314,5.45717511819598
DL032,2020,2,142.6153846153846,28.7162092,77.1170743,186.16800900272463,233.43423908001546,Ramganga Reservoir,0,0.0,0.0,0.0,5.232006657360314,5.45717511819598
DL032,2020,3,108.0,28.7162092,77.1170743,186.16800900272463,233.43423908001546,Ramganga Reservoir,0,0.0,0.0,0.0,5.232006657360314,5.45717511819598
DL033,2018,1,264.5444444444444,28.6515829,77.1582587,186.66672616154563,233.67108020482212,Ramganga Reservoir,0,0.0,0.0,0.0,5.234667656495752,5.458184875004074
DL033,2018,2,191.5888888888889,28.6515829,77.1582587,186.66672616154563,233.67108020482212,Ramganga Reservoir,0,0.0,0.0,0.0,5.234667656495752,5.458184875004074
DL033,2018,3,99.25555555555556,28.6515829,77.1582587,186.66672616154563,233.67108020482212,Ramganga Reservoir,0,0.0,0.0,0.0,5.234667656495752,5.458184875004074
DL033,2018,4,325.8369565217391,28.6515829,77.1582587,186.66672616154563,233.67108020482212,Ramganga Reservoir,0,0.0,0.0,0.0,5.234667656495752,5.458184875004074
DL033,2019,1,290.94117647058823,28.6515829,77.1582587,186.66672616154563,233.67108020482212,Ramganga Reservoir,0,0.0,0.0,0.0,5.234667656495752,5.458184875004074
DL033,2019,2,257.34444444444443,28.6515829,77.1582587,186.66672616154563,233.67108020482212,Ramganga Reservoir,0,0.0,0.0,0.0,5.234667656495752,5.458184875004074
DL033,2019,3,117.75,28.6515829,77.1582587,186.66672616154563,233.67108020482212,Ramganga Reservoir,0,0.0,0.0,0.0,5.234667656495752,5.458184875004074
DL033,2019,4,271.70652173913044,28.6515829,77.1582587,186.66672616154563,233.67108020482212,Ramganga Reservoir,0,0.0,0.0,0.0,5.234667656495752,5.458184875004074
DL033,2020,1,214.95604395604394,28.6515829,77.1582587,186.66672616154563,233.67108020482212,Ramganga Reservoir,0,0.0,0.0,0.0,5.234667656495752,5.458184875004074
DL033,2020,2,88.43956043956044,28.6515829,77.1582587,186.66672616154563,233.67108020482212,Ramganga Reservoir,0,0.0,0.0,0.0,5.234667656495752,5.458184875004074
DL033,2020,3,84.0,28.6515829,77.1582587,186.66672616154563,233.67108020482212,Ramganga Reservoir,0,0.0,0.0,0.0,5.234667656495752,5.458184875004074
DL034,2018,1,254.38333333333333,28.5501575,77.2249099,188.00911458374068,234.40694810434744,Ramganga Reservoir,0,0.0,0.0,0.0,5.241795239207637,5.461315710551787
DL034,2018,2,296.8625,28.5501575,77.2249099,188.00911458374068,234.40694810434744,Ramganga Reservoir,0,0.0,0.0,0.0,5.241795239207637,5.461315710551787
DL034,2018,3,151.289156626506,28.5501575,77.2249099,188.00911458374068,234.40694810434744,Ramganga Reservoir,0,0.0,0.0,0.0,5.241795239207637,5.461315710551787
DL034,2018,4,335.5869565217391,28.5501575,77.2249099,188.00911458374068,234.40694810434744,Ramganga Reservoir,0,0.0,0.0,0.0,5.241795239207637,5.461315710551787
DL034,2019,1,309.97777777777776,28.5501575,77.2249099,188.00911458374068,234.40694810434744,Ramganga Reservoir,0,0.0,0.0,0.0,5.241795239207637,5.461315710551787
DL034,2019,2,249.65116279069767,28.5501575,77.2249099,188.00911458374068,234.40694810434744,Ramganga Reservoir,0,0.0,0.0,0.0,5.241795239207637,5.461315710551787
DL034,2019,3,178.54347826086956,28.5501575,77.2249099,188.00911458374068,234.40694810434744,Ramganga Reservoir,0,0.0,0.0,0.0,5.241795239207637,5.461315710551787
DL034,2019,4,353.82608695652175,28.5501575,77.2249099,188.00911458374068,234.40694810434744,Ramganga Reservoir,0,0.0,0.0,0.0,5.241795239207637,5.461315710551787
DL034,2020,1,266.5054945054945,28.5501575,77.2249099,188.00911458374068,234.40694810434744,Ramganga Reservoir,0,0.0,0.0,0.0,5.241795239207637,5.461315710551787
DL034,2020,2,144.02197802197801,28.5501575,77.2249099,188.00911458374068,234.40694810434744,Ramganga Reservoir,0,0.0,0.0,0.0,5.241795239207637,5.461315710551787
DL034,2020,3,111.0,28.5501575,77.2249099,188.00911458374068,234.40694810434744,Ramganga Reservoir,0,0.0,0.0,0.0,5.241795239207637,5.461315710551787
DL035,2018,1,283.859649122807,28.7199257,77.2481823,175.15291547010298,223.09719742061293,Ramganga Reservoir,0,0.0,0.0,0.0,5.171352455715297,5.412079874796566
DL035,2018,2,249.95555555555555,28.7199257,77.2481823,175.15291547010298,223.09719742061293,Ramganga Reservoir,0,0.0,0.0,0.0,5.171352455715297,5.412079874796566
DL035,2018,3,108.27777777777777,28.7199257,77.2481823,175.15291547010298,223.09719742061293,Ramganga Reservoir,0,0.0,0.0,0.0,5.171352455715297,5.412079874796566
DL035,2018,4,364.2826086956522,28.7199257,77.2481823,175.15291547010298,223.09719742061293,Ramganga Reservoir,0,0.0,0.0,0.0,5.171352455715297,5.412079874796566
DL035,2019,1,276.24444444444447,28.7199257,77.2481823,175.15291547010298,223.09719742061293,Ramganga Reservoir,0,0.0,0.0,0.0,5.171352455715297,5.412079874796566
DL035,2019,2,202.62921348314606,28.7199257,77.2481823,175.15291547010298,223.09719742061293,Ramganga Reservoir,0,0.0,0.0,0.0,5.171352455715297,5.412079874796566
DL035,2019,3,111.62222222222222,28.7199257,77.2481823,175.15291547010298,223.09719742061293,Ramganga Reservoir,0,0.0,0.0,0.0,5.171352455715297,5.412079874796566
DL035,2019,4,310.5652173913044,28.7199257,77.2481823,175.15291547010298,223.09719742061293,Ramganga Reservoir,0,0.0,0.0,0.0,5.171352455715297,5.412079874796566
DL035,2020,1,232.12087912087912,28.7199257,77.2481823,175.15291547010298,223.09719742061293,Ramganga Reservoir,0,0.0,0.0,0.0,5.171352455715297,5.412079874796566
DL035,2020,2,130.05747126436782,28.7199257,77.2481823,175.15291547010298,223.09719742061293,Ramganga Reservoir,0,0.0,0.0,0.0,5.171352455715297,5.412079874796566
DL035,2020,3,103.0,28.7199257,77.2481823,175.15291547010298,223.09719742061293,Ramganga Reservoir,0,0.0,0.0,0.0,5.171352455715297,5.412079874796566
DL036,2018,3,100.46067415730337,28.5396291,77.2000301,190.64707529858705,236.8713966259562,Ramganga Reservoir,0,0.0,0.0,0.0,5.255655531071388,5.471730177318525
DL036,2018,4,302.8478260869565,28.5396291,77.2000301,190.64707529858705,236.8713966259562,Ramganga Reservoir,0,0.0,0.0,0.0,5.255655531071388,5.471730177318525
DL036,2019,1,247.96666666666667,28.5396291,77.2000301,190.64707529858705,236.8713966259562,Ramganga Reservoir,0,0.0,0.0,0.0,5.255655531071388,5.471730177318525
DL036,2019,2,201.63333333333333,28.5396291,77.2000301,190.64707529858705,236.8713966259562,Ramganga Reservoir,0,0.0,0.0,0.0,5.255655531071388,5.471730177318525
DL036,2019,3,99.6086956521739,28.5396291,77.2000301,190.64707529858705,236.8713966259562,Ramganga Reservoir,0,0.0,0.0,0.0,5.255655531071388,5.471730177318525
DL036,2019,4,292.2173913043478,28.5396291,77.2000301,190.64707529858705,236.8713966259562,Ramganga Reservoir,0,0.0,0.0,0.0,5.255655531071388,5.471730177318525
DL036,2020,1,209.4835164835165,28.5396291,77.2000301,190.64707529858705,236.8713966259562,Ramganga Reservoir,0,0.0,0.0,0.0,5.255655531071388,5.471730177318525
DL036,2020,2,123.22727272727273,28.5396291,77.2000301,190.64707529858705,236.8713966259562,Ramganga Reservoir,0,0.0,0.0,0.0,5.255655531071388,5.471730177318525
DL036,2020,3,60.0,28.5396291,77.2000301,190.64707529858705,236.8713966259562,Ramganga Reservoir,0,0.0,0.0,0.0,5.255655531071388,5.471730177318525
DL037,2018,1,283.4561403508772,28.6691641,77.312267,173.2352951576666,221.0500403636416,Ramganga Reservoir,0,0.0,0.0,0.0,5.16040665674058,5.4029027635153595
DL037,2018,2,229.26436781609195,28.6691641,77.312267,173.2352951576666,221.0500403636416,Ramganga Reservoir,0,0.0,0.0,0.0,5.16040665674058,5.4029027635153595
DL037,2018,3,127.55434782608695,28.6691641,77.312267,173.2352951576666,221.0500403636416,Ramganga Reservoir,0,0.0,0.0,0.0,5.16040665674058,5.4029027635153595
DL037,2018,4,369.57608695652175,28.6691641,77.312267,173.2352951576666,221.0500403636416,Ramganga Reservoir,0,0.0,0.0,0.0,5.16040665674058,5.4029027635153595
DL037,2019,1,280.0111111111111,28.6691641,77.312267,173.2352951576666,221.0500403636416,Ramganga Reservoir,0,0.0,0.0,0.0,5.16040665674058,5.4029027635153595
DL037,2019,2,219.33333333333334,28.6691641,77.312267,173.2352951576666,221.0500403636416,Ramganga Reservoir,0,0.0,0.0,0.0,5.16040665674058,5.4029027635153595
DL037,2019,3,128.62222222222223,28.6691641,77.312267,173.2352951576666,221.0500403636416,Ramganga Reservoir,0,0.0,0.0,0.0,5.16040665674058,5.4029027635153595
DL037,2019,4,341.69565217391306,28.6691641,77.312267,173.2352951576666,221.0500403636416,Ramganga Reservoir,0,0.0,0.0,0.0,5.16040665674058,5.4029027635153595
DL037,2020,1,258.24175824175825,28.6691641,77.312267,173.2352951576666,221.0500403636416,Ramganga Reservoir,0,0.0,0.0,0.0,5.16040665674058,5.4029027635153595
DL037,2020,2,124.96703296703296,28.6691641,77.312267,173.2352951576666,221.0500403636416,Ramganga Reservoir,0,0.0,0.0,0.0,5.16040665674058,5.4029027635153595
DL037,2020,3,96.0,28.6691641,77.312267,173.2352951576666,221.0500403636416,Ramganga Reservoir,0,0.0,0.0,0.0,5.16040665674058,5.4029027635153595
DL038,2018,1,308.8421052631579,28.6800843,77.1702212,183.93997871920322,231.21065009038526,Ramganga Reservoir,0,0.0,0.0,0.0,5.220031333080833,5.447644934234308
DL038,2018,2,294.05555555555554,28.6800843,77.1702212,183.93997871920322,231.21065009038526,Ramganga Reservoir,0,0.0,0.0,0.0,5.220031333080833,5.447644934234308
DL038,2018,3,137.58695652173913,28.6800843,77.1702212,183.93997871920322,231.21065009038526,Ramganga Reservoir,0,0.0,0.0,0.0,5.220031333080833,5.447644934234308
DL038,2018,4,440.39130434782606,28.6800843,77.1702212,183.93997871920322,231.21065009038526,Ramganga Reservoir,0,0.0,0.0,0.0,5.220031333080833,5.447644934234308
DL038,2019,1,335.44444444444446,28.6800843,77.1702212,183.93997871920322,231.21065009038526,Ramganga Reservoir,0,0.0,0.0,0.0,5.220031333080833,5.447644934234308
DL038,2019,2,264.03333333333336,28.6800843,77.1702212,183.93997871920322,231.21065009038526,Ramganga Reservoir,0,0.0,0.0,0.0,5.220031333080833,5.447644934234308
DL038,2019,3,162.64044943820224,28.6800843,77.1702212,183.93997871920322,231.21065009038526,Ramganga Reservoir,0,0.0,0.0,0.0,5.220031333080833,5.447644934234308
DL038,2019,4,376.2173913043478,28.6800843,77.1702212,183.93997871920322,231.21065009038526,Ramganga Reservoir,0,0.0,0.0,0.0,5.220031333080833,5.447644934234308
DL038,2020,1,283.71590909090907,28.6800843,77.1702212,183.93997871920322,231.21065009038526,Ramganga Reservoir,0,0.0,0.0,0.0,5.220031333080833,5.447644934234308
DL038,2020,2,126.35555555555555,28.6800843,77.1702212,183.93997871920322,231.21065009038526,Ramganga Reservoir,0,0.0,0.0,0.0,5.220031333080833,5.447644934234308
DL038,2020,3,103.0,28.6800843,77.1702212,183.93997871920322,231.21065009038526,Ramganga Reservoir,0,0.0,0.0,0.0,5.220031333080833,5.447644934234308
GJ001,2018,1,795.5747126436781,22.9986596,72.6114013,93.7771018885342,104.02895796517437,Watrak,2,0.02046975754814639,0.0006891487968339043,3.127050292844742,4.551527838825,4.65423610227893
GJ001,2018,2,437.8314606741573,22.9986596,72.6114013,93.7771018885342,104.02895796517437,Watrak,2,0.02046975754814639,0.0006891487968339043,3.127050292844742,4.551527838825,4.65423610227893
GJ001,2018,3,489.3820224719101,22.9986596,72.6114013,93.7771018885342,104.02895796517437,Watrak,2,0.02046975754814639,0.0006891487968339043,3.127050292844742,4.551527838825,4.65423610227893
GJ001,2018,4,765.3369565217391,22.9986596,72.6114013,93.7771018885342,104.02895796517437,Watrak,2,0.02046975754814639,0.0006891487968339043,3.127050292844742,4.551527838825,4.65423610227893
GJ001,2019,1,641.8888888888889,22.9986596,72.6114013,93.7771018885342,104.02895796517437,Watrak,2,0.02046975754814639,0.0006891487968339043,3.127050292844742,4.551527838825,4.65423610227893
GJ001,2019,2,478.2048192771084,22.9986596,72.6114013,93.7771018885342,104.02895796517437,Watrak,2,0.02046975754814639,0.0006891487968339043,3.127050292844742,4.551527838825,4.65423610227893
GJ001,2019,3,488.92045454545456,22.9986596,72.6114013,93.7771018885342,104.02895796517437,Watrak,2,0.02046975754814639,0.0006891487968339043,3.127050292844742,4.551527838825,4.65423610227893
GJ001,2019,4,453.5164835164835,22.9986596,72.6114013,93.7771018885342,104.02895796517437,Watrak,2,0.02046975754814639,0.0006891487968339043,3.127050292844742,4.551527838825,4.65423610227893
GJ001,2020,1,373.8139534883721,22.9986596,72.6114013,93.7771018885342,104.02895796517437,Watrak,2,0.02046975754814639,0.0006891487968339043,3.127050292844742,4.551527838825,4.65423610227893
GJ001,2020,2,116.14606741573034,22.9986596,72.6114013,93.7771018885342,104.02895796517437,Watrak,2,0.02046975754814639,0.0006891487968339043,3.127050292844742,4.551527838825,4.65423610227893
GJ001,2020,3,119.0,22.9986596,72.6114013,93.7771018885342,104.02895796517437,Watrak,2,0.02046975754814639,0.0006891487968339043,3.127050292844742,4.551527838825,4.65423610227893
HR011,2018,1,296.2345679012346,28.4241193,77.1459602,202.80313692262706,247.82386737865394,Ramganga Reservoir,0,0.0,0.0,0.0,5.317154512832222,5.516745286242551
HR011,2018,2,188.44827586206895,28.4241193,77.1459602,202.80313692262706,247.82386737865394,Ramganga Reservoir,0,0.0,0.0,0.0,5.317154512832222,5.516745286242551
HR011,2018,3,174.0,28.4241193,77.1459602,202.80313692262706,247.82386737865394,Ramganga Reservoir,0,0.0,0.0,0.0,5.317154512832222,5.516745286242551
HR011,2018,4,320.53932584269666,28.4241193,77.1459602,202.80313692262706,247.82386737865394,Ramganga Reservoir,0,0.0,0.0,0.0,5.317154512832222,5.516745286242551
HR011,2019,1,208.8372093023256,28.4241193,77.1459602,202.80313692262706,247.82386737865394,Ramganga Reservoir,0,0.0,0.0,0.0,5.317154512832222,5.516745286242551
HR011,2019,2,203.77777777777777,28.4241193,77.1459602,202.80313692262706,247.82386737865394,Ramganga Reservoir,0,0.0,0.0,0.0,5.317154512832222,5.516745286242551
HR011,2019,3,105.84883720930233,28.4241193,77.1459602,202.80313692262706,247.82386737865394,Ramganga Reservoir,0,0.0,0.0,0.0,5.317154512832222,5.516745286242551
HR011,2019,4,308.09090909090907,28.4241193,77.1459602,202.80313692262706,247.82386737865394,Ramganga Reservoir,0,0.0,0.0,0.0,5.317154512832222,5.516745286242551
HR011,2020,1,190.54945054945054,28.4241193,77.1459602,202.80313692262706,247.82386737865394,Ramganga Reservoir,0,0.0,0.0,0.0,5.317154512832222,5.516745286242551
HR011,2020,2,106.65934065934066,28.4241193,77.1459602,202.80313692262706,247.82386737865394,Ramganga Reservoir,0,0.0,0.0,0.0,5.317154512832222,5.516745286242551
HR011,2020,3,109.0,28.4241193,77.1459602,202.80313692262706,247.82386737865394,Ramganga Reservoir,0,0.0,0.0,0.0,5.317154512832222,5.516745286242551
HR012,2020,1,146.15384615384616,28.4287011,77.0666877,208.51006536646375,253.3983621088612,Ramganga Reservoir,0,0.0,0.0,0.0,5.34477178291674,5.5389013931939095
HR012,2020,2,156.13186813186815,28.4287011,77.0666877,208.51006536646375,253.3983621088612,Ramganga Reservoir,0,0.0,0.0,0.0,5.34477178291674,5.5389013931939095
HR012,2020,3,168.0,28.4287011,77.0666877,208.51006536646375,253.3983621088612,Ramganga Reservoir,0,0.0,0.0,0.0,5.34477178291674,5.5389013931939095
HR013,2020,1,118.83333333333333,28.4271632,77.1488113,202.37246107894524,247.4275396248219,Ramganga Reservoir,0,0.0,0.0,0.0,5.31503908152247,5.515151211968754
HR013,2020,2,114.2967032967033,28.4271632,77.1488113,202.37246107894524,247.4275396248219,Ramganga Reservoir,0,0.0,0.0,0.0,5.31503908152247,5.515151211968754
HR013,2020,3,119.0,28.4271632,77.1488113,202.37246107894524,247.4275396248219,Ramganga Reservoir,0,0.0,0.0,0.0,5.31503908152247,5.515151211968754
HR014,2018,1,277.48837209302326,28.4501285,77.0259189,210.20908706059075,255.1758321814748,Ramganga Reservoir,0,0.0,0.0,0.0,5.35284857676159,5.545864053168745
HR014,2018,2,277.7317073170732,28.4501285,77.0259189,210.20908706059075,255.1758321814748,Ramganga Reservoir,0,0.0,0.0,0.0,5.35284857676159,5.545864053168745
HR014,2018,3,123.98823529411764,28.4501285,77.0259189,210.20908706059075,255.1758321814748,Ramganga Reservoir,0,0.0,0.0,0.0,5.35284857676159,5.545864053168745
HR014,2018,4,292.25882352941176,28.4501285,77.0259189,210.20908706059075,255.1758321814748,Ramganga Reservoir,0,0.0,0.0,0.0,5.35284857676159,5.545864053168745
HR014,2019,1,215.04597701149424,28.4501285,77.0259189,210.20908706059075,255.1758321814748,Ramganga Reservoir,0,0.0,0.0,0.0,5.35284857676159,5.545864053168745
HR014,2019,2,213.02325581395348,28.4501285,77.0259189,210.20908706059075,255.1758321814748,Ramganga Reservoir,0,0.0,0.0,0.0,5.35284857676159,5.545864053168745
HR014,2019,3,75.6923076923077,28.4501285,77.0259189,210.20908706059075,255.1758321814748,Ramganga Reservoir,0,0.0,0.0,0.0,5.35284857676159,5.545864053168745
HR014,2019,4,240.6413043478261,28.4501285,77.0259189,210.20908706059075,255.1758321814748,Ramganga Reservoir,0,0.0,0.0,0.0,5.35284857676159,5.545864053168745
HR014,2020,1,175.59550561797752,28.4501285,77.0259189,210.20908706059075,255.1758321814748,Ramganga Reservoir,0,0.0,0.0,0.0,5.35284857676159,5.545864053168745
HR014,2020,2,144.11494252873564,28.4501285,77.0259189,210.20908706059075,255.1758321814748,Ramganga Reservoir,0,0.0,0.0,0.0,5.35284857676159,5.545864053168745
HR014,2020,3,231.0,28.4501285,77.0259189,210.20908706059075,255.1758321814748,Ramganga Reservoir,0,0.0,0.0,0.0,5.35284857676159,5.545864053168745
JH001,2018,1,155.48648648648648,23.7085277,86.4133652,27.743875434297152,44.32562294087442,Panchat Reservoir,5,0.09856481695029734,0.027756896857414844,18.902984235336938,3.35842471617732,3.8138725004157332
JH001,2018,2,119.16666666666667,23.7085277,86.4133652,27.743875434297152,44.32562294087442,Panchat Reservoir,5,0.09856481695029734,0.027756896857414844,18.902984235336938,3.35842471617732,3.8138725004157332
JH001,2018,3,102.62121212121212,23.7085277,86.4133652,27.743875434297152,44.32562294087442,Panchat Reservoir,5,0.09856481695029734,0.027756896857414844,18.902984235336938,3.35842471617732,3.8138725004157332
JH001,2018,4,300.8767123287671,23.7085277,86.4133652,27.743875434297152,44.32562294087442,Panchat Reservoir,5,0.09856481695029734,0.027756896857414844,18.902984235336938,3.35842471617732,3.8138725004157332
JH001,2019,1,222.82954545454547,23.7085277,86.4133652,27.743875434297152,44.32562294087442,Panchat Reservoir,5,0.09856481695029734,0.027756896857414844,18.902984235336938,3.35842471617732,3.8138725004157332
JH001,2019,2,123.92857142857143,23.7085277,86.4133652,27.743875434297152,44.32562294087442,Panchat Reservoir,5,0.09856481695029734,0.027756896857414844,18.902984235336938,3.35842471617732,3.8138725004157332
JH001,2019,3,98.52,23.7085277,86.4133652,27.743875434297152,44.32562294087442,Panchat Reservoir,5,0.09856481695029734,0.027756896857414844,18.902984235336938,3.35842471617732,3.8138725004157332
JH001,2019,4,164.41666666666666,23.7085277,86.4133652,27.743875434297152,44.32562294087442,Panchat Reservoir,5,0.09856481695029734,0.027756896857414844,18.902984235336938,3.35842471617732,3.8138725004157332
JH001,2020,1,164.54285714285714,23.7085277,86.4133652,27.743875434297152,44.32562294087442,Panchat Reservoir,5,0.09856481695029734,0.027756896857414844,18.902984235336938,3.35842471617732,3.8138725004157332
JH001,2020,2,131.21978021978023,23.7085277,86.4133652,27.743875434297152,44.32562294087442,Panchat Reservoir,5,0.09856481695029734,0.027756896857414844,18.902984235336938,3.35842471617732,3.8138725004157332
JH001,2020,3,86.0,23.7085277,86.4133652,27.743875434297152,44.32562294087442,Panchat Reservoir,5,0.09856481695029734,0.027756896857414844,18.902984235336938,3.35842471617732,3.8138725004157332
KA002,2018,1,86.72,12.9140008,77.6102821,116.21729624361134,137.21829412163922,Mettur Reservoir,0,0.0,0.0,0.0,4.764029445124626,4.928834276824964
KA002,2018,2,97.01612903225806,12.9140008,77.6102821,116.21729624361134,137.21829412163922,Mettur Reservoir,0,0.0,0.0,0.0,4.764029445124626,4.928834276824964
KA002,2018,3,67.15294117647059,12.9140008,77.6102821,116.21729624361134,137.21829412163922,Mettur Reservoir,0,0.0,0.0,0.0,4.764029445124626,4.928834276824964
KA002,2018,4,125.72826086956522,12.9140008,77.6102821,116.21729624361134,137.21829412163922,Mettur Reservoir,0,0.0,0.0,0.0,4.764029445124626,4.928834276824964
KA002,2019,1,126.9080459770115,12.9140008,77.6102821,116.21729624361134,137.21829412163922,Mettur Reservoir,0,0.0,0.0,0.0,4.764029445124626,4.928834276824964
KA002,2019,2,110.1685393258427,12.9140008,77.6102821,116.21729624361134,137.21829412163922,Mettur Reservoir,0,0.0,0.0,0.0,4.764029445124626,4.928834276824964
KA002,2019,3,63.10989010989011,12.9140008,77.6102821,116.21729624361134,137.21829412163922,Mettur Reservoir,0,0.0,0.0,0.0,4.764029445124626,4.928834276824964
KA002,2019,4,79.46052631578948,12.9140008,77.6102821,116.21729624361134,137.21829412163922,Mettur Reservoir,0,0.0,0.0,0.0,4.764029445124626,4.928834276824964
KA002,2020,1,68.45555555555555,12.9140008,77.6102821,116.21729624361134,137.21829412163922,Mettur Reservoir,0,0.0,0.0,0.0,4.764029445124626,4.928834276824964
KA002,2020,2,74.14285714285714,12.9140008,77.6102821,116.21729624361134,137.21829412163922,Mettur Reservoir,0,0.0,0.0,0.0,4.764029445124626,4.928834276824964
KA002,2020,3,45.0,12.9140008,77.6102821,116.21729624361134,137.21829412163922,Mettur Reservoir,0,0.0,0.0,0.0,4.764029445124626,4.928834276824964
KA003,2018,1,95.0609756097561,12.9721727,77.5129318,124.74509861611442,133.71183395608506,Krishnaraja Sagar,0,0.0,0.0,0.0,4.83425683101238,4.903137933722809
KA003,2018,2,64.33846153846154,12.9721727,77.5129318,124.74509861611442,133.71183395608506,Krishnaraja Sagar,0,0.0,0.0,0.0,4.83425683101238,4.903137933722809
KA003,2018,3,55.65555555555556,12.9721727,77.5129318,124.74509861611442,133.71183395608506,Krishnaraja Sagar,0,0.0,0.0,0.0,4.83425683101238,4.903137933722809
KA003,2018,4,91.91208791208791,12.9721727,77.5129318,124.74509861611442,133.71183395608506,Krishnaraja Sagar,0,0.0,0.0,0.0,4.83425683101238,4.903137933722809
KA003,2019,1,102.29577464788733,12.9721727,77.5129318,124.74509861611442,133.71183395608506,Krishnaraja Sagar,0,0.0,0.0,0.0,4.83425683101238,4.903137933722809
KA003,2019,2,129.53086419753086,12.9721727,77.5129318,124.74509861611442,133.71183395608506,Krishnaraja Sagar,0,0.0,0.0,0.0,4.83425683101238,4.903137933722809
KA003,2019,3,89.73417721518987,12.9721727,77.5129318,124.74509861611442,133.71183395608506,Krishnaraja Sagar,0,0.0,0.0,0.0,4.83425683101238,4.903137933722809
KA003,2019,4,102.68888888888888,12.9721727,77.5129318,124.74509861611442,133.71183395608506,Krishnaraja Sagar,0,0.0,0.0,0.0,4.83425683101238,4.903137933722809
KA003,2020,1,124.51190476190476,12.9721727,77.5129318,124.74509861611442,133.71183395608506,Krishnaraja Sagar,0,0.0,0.0,0.0,4.83425683101238,4.903137933722809
KA003,2020,2,107.10169491525424,12.9721727,77.5129318,124.74509861611442,133.71183395608506,Krishnaraja Sagar,0,0.0,0.0,0.0,4.83425683101238,4.903137933722809
KA003,2020,3,44.0,12.9721727,77.5129318,124.74509861611442,133.71183395608506,Krishnaraja Sagar,0,0.0,0.0,0.0,4.83425683101238,4.903137933722809
KA004,2018,2,56.0,12.9556699,77.5402492,122.33700208977851,134.6399824560655,Mettur Reservoir,0,0.0,0.0,0.0,4.8149204632016165,4.910004187915535
KA004,2018,3,68.17582417582418,12.9556699,77.5402492,122.33700208977851,134.6399824560655,Mettur Reservoir,0,0.0,0.0,0.0,4.8149204632016165,4.910004187915535
KA004,2018,4,119.18478260869566,12.9556699,77.5402492,122.33700208977851,134.6399824560655,Mettur Reservoir,0,0.0,0.0,0.0,4.8149204632016165,4.910004187915535
KA004,2019,1,150.57777777777778,12.9556699,77.5402492,122.33700208977851,134.6399824560655,Mettur Reservoir,0,0.0,0.0,0.0,4.8149204632016165,4.910004187915535
KA004,2019,2,99.41772151898734,12.9556699,77.5402492,122.33700208977851,134.6399824560655,Mettur Reservoir,0,0.0,0.0,0.0,4.8149204632016165,4.910004187915535
KA004,2019,3,52.83516483516483,12.9556699,77.5402492,122.33700208977851,134.6399824560655,Mettur Reservoir,0,0.0,0.0,0.0,4.8149204632016165,4.910004187915535
KA004,2019,4,99.91011235955057,12.9556699,77.5402492,122.33700208977851,134.6399824560655,Mettur Reservoir,0,0.0,0.0,0.0,4.8149204632016165,4.910004187915535
KA004,2020,1,110.21666666666667,12.9556699,77.5402492,122.33700208977851,134.6399824560655,Mettur Reservoir,0,0.0,0.0,0.0,4.8149204632016165,4.910004187915535
KA004,2020,2,66.75,12.9556699,77.5402492,122.33700208977851,134.6399824560655,Mettur Reservoir,0,0.0,0.0,0.0,4.8149204632016165,4.910004187915535
KA004,2020,3,52.0,12.9556699,77.5402492,122.33700208977851,134.6399824560655,Mettur Reservoir,0,0.0,0.0,0.0,4.8149204632016165,4.910004187915535
KA005,2018,1,125.0909090909091,12.9781739,77.5695603,124.07552645474955,136.83457362302954,Mettur Reservoir,0,0.0,0.0,0.0,4.8289177664779395,4.926054224229367
KA005,2018,2,114.88888888888889,12.9781739,77.5695603,124.07552645474955,136.83457362302954,Mettur Reservoir,0,0.0,0.0,0.0,4.8289177664779395,4.926054224229367
KA005,2018,3,103.22222222222223,12.9781739,77.5695603,124.07552645474955,136.83457362302954,Mettur Reservoir,0,0.0,0.0,0.0,4.8289177664779395,4.926054224229367
KA005,2018,4,137.44155844155844,12.9781739,77.5695603,124.07552645474955,136.83457362302954,Mettur Reservoir,0,0.0,0.0,0.0,4.8289177664779395,4.926054224229367
KA005,2019,1,133.98181818181817,12.9781739,77.5695603,124.07552645474955,136.83457362302954,Mettur Reservoir,0,0.0,0.0,0.0,4.8289177664779395,4.926054224229367
KA005,2019,2,125.33333333333333,12.9781739,77.5695603,124.07552645474955,136.83457362302954,Mettur Reservoir,0,0.0,0.0,0.0,4.8289177664779395,4.926054224229367
KA005,2019,3,107.47826086956522,12.9781739,77.5695603,124.07552645474955,136.83457362302954,Mettur Reservoir,0,0.0,0.0,0.0,4.8289177664779395,4.926054224229367
KA005,2019,4,112.96923076923076,12.9781739,77.5695603,124.07552645474955,136.83457362302954,Mettur Reservoir,0,0.0,0.0,0.0,4.8289177664779395,4.926054224229367
KA005,2020,1,115.42465753424658,12.9781739,77.5695603,124.07552645474955,136.83457362302954,Mettur Reservoir,0,0.0,0.0,0.0,4.8289177664779395,4.926054224229367
KA005,2020,2,82.40350877192982,12.9781739,77.5695603,124.07552645474955,136.83457362302954,Mettur Reservoir,0,0.0,0.0,0.0,4.8289177664779395,4.926054224229367
KA006,2018,3,45.20454545454545,13.0382184,77.5919,130.16246807249715,139.9000154414017,Mettur Reservoir,0,0.0,0.0,0.0,4.876436769064555,4.94805052849584
KA006,2018,4,92.5,13.0382184,77.5919,130.16246807249715,139.9000154414017,Mettur Reservoir,0,0.0,0.0,0.0,4.876436769064555,4.94805052849584
KA006,2019,1,119.23255813953489,13.0382184,77.5919,130.16246807249715,139.9000154414017,Mettur Reservoir,0,0.0,0.0,0.0,4.876436769064555,4.94805052849584
KA006,2019,2,87.19540229885058,13.0382184,77.5919,130.16246807249715,139.9000154414017,Mettur Reservoir,0,0.0,0.0,0.0,4.876436769064555,4.94805052849584
KA006,2019,3,53.31868131868132,13.0382184,77.5919,130.16246807249715,139.9000154414017,Mettur Reservoir,0,0.0,0.0,0.0,4.876436769064555,4.94805052849584
KA006,2019,4,82.0,13.0382184,77.5919,130.16246807249715,139.9000154414017,Mettur Reservoir,0,0.0,0.0,0.0,4.876436769064555,4.94805052849584
KA006,2020,1,93.78651685393258,13.0382184,77.5919,130.16246807249715,139.9000154414017,Mettur Reservoir,0,0.0,0.0,0.0,4.876436769064555,4.94805052849584
KA006,2020,2,55.26744186046512,13.0382184,77.5919,130.16246807249715,139.9000154414017,Mettur Reservoir,0,0.0,0.0,0.0,4.876436769064555,4.94805052849584
KA006,2020,3,27.0,13.0382184,77.5919,130.16246807249715,139.9000154414017,Mettur Reservoir,0,0.0,0.0,0.0,4.876436769064555,4.94805052849584
KA007,2018,3,62.359550561797754,12.9301311,77.6012969,118.16010379193942,137.16949413520993,Mettur Reservoir,0,0.0,0.0,0.0,4.780467998874741,4.928481149885137
KA007,2018,4,103.52272727272727,12.9301311,77.6012969,118.16010379193942,137.16949413520993,Mettur Reservoir,0,0.0,0.0,0.0,4.780467998874741,4.928481149885137
KA007,2019,1,118.6875,12.9301311,77.6012969,118.16010379193942,137.16949413520993,Mettur Reservoir,0,0.0,0.0,0.0,4.780467998874741,4.928481149885137
KA007,2019,2,88.63333333333334,12.9301311,77.6012969,118.16010379193942,137.16949413520993,Mettur Reservoir,0,0.0,0.0,0.0,4.780467998874741,4.928481149885137
KA007,2019,3,45.986111111111114,12.9301311,77.6012969,118.16010379193942,137.16949413520993,Mettur Reservoir,0,0.0,0.0,0.0,4.780467998874741,4.928481149885137
KA007,2019,4,80.32467532467533,12.9301311,77.6012969,118.16010379193942,137.16949413520993,Mettur Reservoir,0,0.0,0.0,0.0,4.780467998874741,4.928481149885137
KA007,2020,1,102.68888888888888,12.9301311,77.6012969,118.16010379193942,137.16949413520993,Mettur Reservoir,0,0.0,0.0,0.0,4.780467998874741,4.928481149885137
KA007,2020,2,58.891891891891895,12.9301311,77.6012969,118.16010379193942,137.16949413520993,Mettur Reservoir,0,0.0,0.0,0.0,4.780467998874741,4.928481149885137
KA007,2020,3,30.0,12.9301311,77.6012969,118.16010379193942,137.16949413520993,Mettur Reservoir,0,0.0,0.0,0.0,4.780467998874741,4.928481149885137
KA008,2018,3,56.6625,12.9196037,77.583381,117.39397297465526,135.91249101903315,Mettur Reservoir,0,0.0,0.0,0.0,4.77401781722398,4.919341970053464
KA008,2018,4,140.1875,12.9196037,77.583381,117.39397297465526,135.91249101903315,Mettur Reservoir,0,0.0,0.0,0.0,4.77401781722398,4.919341970053464
KA008,2019,1,124.75903614457832,12.9196037,77.583381,117.39397297465526,135.91249101903315,Mettur Reservoir,0,0.0,0.0,0.0,4.77401781722398,4.919341970053464
KA008,2019,2,98.11267605633803,12.9196037,77.583381,117.39397297465526,135.91249101903315,Mettur Reservoir,0,0.0,0.0,0.0,4.77401781722398,4.919341970053464
KA008,2019,3,60.71264367816092,12.9196037,77.583381,117.39397297465526,135.91249101903315,Mettur Reservoir,0,0.0,0.0,0.0,4.77401781722398,4.919341970053464
KA008,2019,4,96.34065934065934,12.9196037,77.583381,117.39397297465526,135.91249101903315,Mettur Reservoir,0,0.0,0.0,0.0,4.77401781722398,4.919341970053464
KA008,2020,1,101.68888888888888,12.9196037,77.583381,117.39397297465526,135.91249101903315,Mettur Reservoir,0,0.0,0.0,0.0,4.77401781722398,4.919341970053464
KA008,2020,2,53.14473684210526,12.9196037,77.583381,117.39397297465526,135.91249101903315,Mettur Reservoir,0,0.0,0.0,0.0,4.77401781722398,4.919341970053464
KA008,2020,3,37.0,12.9196037,77.583381,117.39397297465526,135.91249101903315,Mettur Reservoir,0,0.0,0.0,0.0,4.77401781722398,4.919341970053464
KA009,2018,1,85.96078431372548,13.0330515,77.5332233,129.8738641141167,136.60086485402778,Krishnaraja Sagar,0,0.0,0.0,0.0,4.874233989986784,4.924357210755856
KA009,2018,2,60.06896551724138,13.0330515,77.5332233,129.8738641141167,136.60086485402778,Krishnaraja Sagar,0,0.0,0.0,0.0,4.874233989986784,4.924357210755856
KA009,2018,3,57.63333333333333,13.0330515,77.5332233,129.8738641141167,136.60086485402778,Krishnaraja Sagar,0,0.0,0.0,0.0,4.874233989986784,4.924357210755856
KA009,2018,4,83.90217391304348,13.0330515,77.5332233,129.8738641141167,136.60086485402778,Krishnaraja Sagar,0,0.0,0.0,0.0,4.874233989986784,4.924357210755856
KA009,2019,1,96.80898876404494,13.0330515,77.5332233,129.8738641141167,136.60086485402778,Krishnaraja Sagar,0,0.0,0.0,0.0,4.874233989986784,4.924357210755856
KA009,2019,2,94.14634146341463,13.0330515,77.5332233,129.8738641141167,136.60086485402778,Krishnaraja Sagar,0,0.0,0.0,0.0,4.874233989986784,4.924357210755856
KA009,2019,3,67.98648648648648,13.0330515,77.5332233,129.8738641141167,136.60086485402778,Krishnaraja Sagar,0,0.0,0.0,0.0,4.874233989986784,4.924357210755856
KA009,2019,4,80.70652173913044,13.0330515,77.5332233,129.8738641141167,136.60086485402778,Krishnaraja Sagar,0,0.0,0.0,0.0,4.874233989986784,4.924357210755856
KA009,2020,1,82.46666666666667,13.0330515,77.5332233,129.8738641141167,136.60086485402778,Krishnaraja Sagar,0,0.0,0.0,0.0,4.874233989986784,4.924357210755856
KA009,2020,2,63.426829268292686,13.0330515,77.5332233,129.8738641141167,136.60086485402778,Krishnaraja Sagar,0,0.0,0.0,0.0,4.874233989986784,4.924357210755856
KA009,2020,3,64.0,13.0330515,77.5332233,129.8738641141167,136.60086485402778,Krishnaraja Sagar,0,0.0,0.0,0.0,4.874233989986784,4.924357210755856
KA010,2018,1,76.94318181818181,12.990328,77.5442355,125.98765350827375,135.8584003160074,Mettur Reservoir,0,0.0,0.0,0.0,4.844089865262479,4.918946816986126
KA010,2018,2,68.56923076923077,12.990328,77.5442355,125.98765350827375,135.8584003160074,Mettur Reservoir,0,0.0,0.0,0.0,4.844089865262479,4.918946816986126
KA010,2018,3,55.72289156626506,12.990328,77.5442355,125.98765350827375,135.8584003160074,Mettur Reservoir,0,0.0,0.0,0.0,4.844089865262479,4.918946816986126
KA010,2018,4,75.50561797752809,12.990328,77.5442355,125.98765350827375,135.8584003160074,Mettur Reservoir,0,0.0,0.0,0.0,4.844089865262479,4.918946816986126
KA010,2019,1,65.0,12.990328,77.5442355,125.98765350827375,135.8584003160074,Mettur Reservoir,0,0.0,0.0,0.0,4.844089865262479,4.918946816986126
KA010,2019,2,60.1875,12.990328,77.5442355,125.98765350827375,135.8584003160074,Mettur Reservoir,0,0.0,0.0,0.0,4.844089865262479,4.918946816986126
KA010,2019,3,39.61538461538461,12.990328,77.5442355,125.98765350827375,135.8584003160074,Mettur Reservoir,0,0.0,0.0,0.0,4.844089865262479,4.918946816986126
KA010,2019,4,54.93103448275862,12.990328,77.5442355,125.98765350827375,135.8584003160074,Mettur Reservoir,0,0.0,0.0,0.0,4.844089865262479,4.918946816986126
KA010,2020,1,67.25842696629213,12.990328,77.5442355,125.98765350827375,135.8584003160074,Mettur Reservoir,0,0.0,0.0,0.0,4.844089865262479,4.918946816986126
KA010,2020,2,53.8,12.990328,77.5442355,125.98765350827375,135.8584003160074,Mettur Reservoir,0,0.0,0.0,0.0,4.844089865262479,4.918946816986126
KA010,2020,3,46.0,12.990328,77.5442355,125.98765350827375,135.8584003160074,Mettur Reservoir,0,0.0,0.0,0.0,4.844089865262479,4.918946816986126
KA011,2018,2,113.0,12.9170295,77.6223209,116.31828382160857,137.9638641931707,Mettur Reservoir,0,0.0,0.0,0.0,4.764890615819582,4.934213929499372
KA011,2018,3,115.69767441860465,12.9170295,77.6223209,116.31828382160857,137.9638641931707,Mettur Reservoir,0,0.0,0.0,0.0,4.764890615819582,4.934213929499372
KA011,2018,4,103.29268292682927,12.9170295,77.6223209,116.31828382160857,137.9638641931707,Mettur Reservoir,0,0.0,0.0,0.0,4.764890615819582,4.934213929499372
KA011,2019,1,111.35227272727273,12.9170295,77.6223209,116.31828382160857,137.9638641931707,Mettur Reservoir,0,0.0,0.0,0.0,4.764890615819582,4.934213929499372
KA011,2019,2,110.07692307692308,12.9170295,77.6223209,116.31828382160857,137.9638641931707,Mettur Reservoir,0,0.0,0.0,0.0,4.764890615819582,4.934213929499372
KA011,2019,3,91.33333333333333,12.9170295,77.6223209,116.31828382160857,137.9638641931707,Mettur Reservoir,0,0.0,0.0,0.0,4.764890615819582,4.934213929499372
KA011,2019,4,78.12087912087912,12.9170295,77.6223209,116.31828382160857,137.9638641931707,Mettur Reservoir,0,0.0,0.0,0.0,4.764890615819582,4.934213929499372
KA011,2020,1,93.35714285714286,12.9170295,77.6223209,116.31828382160857,137.9638641931707,Mettur Reservoir,0,0.0,0.0,0.0,4.764890615819582,4.934213929499372
KA011,2020,2,56.95402298850575,12.9170295,77.6223209,116.31828382160857,137.9638641931707,Mettur Reservoir,0,0.0,0.0,0.0,4.764890615819582,4.934213929499372
KL002,2020,1,95.3125,9.9859094,76.2834722,58.364804566780116,69.3815888717594,Idamalayar Reservoir,5,0.06638877276632671,0.01905369271962862,34.32230855828463,4.0837015350510235,4.253931707253269
KL002,2020,2,90.0,9.9859094,76.2834722,58.364804566780116,69.3815888717594,Idamalayar Reservoir,5,0.06638877276632671,0.01905369271962862,34.32230855828463,4.0837015350510235,4.253931707253269
KL002,2020,3,111.0,9.9859094,76.2834722,58.364804566780116,69.3815888717594,Idamalayar Reservoir,5,0.06638877276632671,0.01905369271962862,34.32230855828463,4.0837015350510235,4.253931707253269
KL004,2020,1,129.27941176470588,9.9636706,76.3181282,56.43524297405208,67.3540637764123,Idamalayar Reservoir,5,0.06844489530433306,0.019876172597344168,35.43852404091416,4.050658104006319,4.224701016799957
KL004,2020,2,85.21348314606742,9.9636706,76.3181282,56.43524297405208,67.3540637764123,Idamalayar Reservoir,5,0.06844489530433306,0.019876172597344168,35.43852404091416,4.050658104006319,4.224701016799957
KL004,2020,3,102.0,9.9636706,76.3181282,56.43524297405208,67.3540637764123,Idamalayar Reservoir,5,0.06844489530433306,0.019876172597344168,35.43852404091416,4.050658104006319,4.224701016799957
KL007,2020,1,86.70454545454545,8.5549422,76.8855036,48.355615270478665,83.77671107959935,Kallada Reservoir,2,0.03138023276589851,0.008902154765020312,12.923947784352293,3.8990515440160096,4.440020871583882
KL007,2020,2,56.5,8.5549422,76.8855036,48.355615270478665,83.77671107959935,Kallada Reservoir,2,0.03138023276589851,0.008902154765020312,12.923947784352293,3.8990515440160096,4.440020871583882
KL008,2018,1,106.64772727272727,8.5126983,76.9473987,49.30004654429282,85.80440505222207,Kallada Reservoir,2,0.030712332245263377,0.008715141017323572,12.605131998894176,3.918006002439119,4.463657369828158
KL008,2018,2,66.13333333333334,8.5126983,76.9473987,49.30004654429282,85.80440505222207,Kallada Reservoir,2,0.030712332245263377,0.008715141017323572,12.605131998894176,3.918006002439119,4.463657369828158
KL008,2018,3,63.37362637362637,8.5126983,76.9473987,49.30004654429282,85.80440505222207,Kallada Reservoir,2,0.030712332245263377,0.008715141017323572,12.605131998894176,3.918006002439119,4.463657369828158
KL008,2018,4,98.1086956521739,8.5126983,76.9473987,49.30004654429282,85.80440505222207,Kallada Reservoir,2,0.030712332245263377,0.008715141017323572,12.605131998894176,3.918006002439119,4.463657369828158
KL008,2019,1,102.25555555555556,8.5126983,76.9473987,49.30004654429282,85.80440505222207,Kallada Reservoir,2,0.030712332245263377,0.008715141017323572,12.605131998894176,3.918006002439119,4.463657369828158
KL008,2019,2,67.74358974358974,8.5126983,76.9473987,49.30004654429282,85.80440505222207,Kallada Reservoir,2,0.030712332245263377,0.008715141017323572,12.605131998894176,3.918006002439119,4.463657369828158
KL008,2019,3,56.35164835164835,8.5126983,76.9473987,49.30004654429282,85.80440505222207,Kallada Reservoir,2,0.030712332245263377,0.008715141017323572,12.605131998894176,3.918006002439119,4.463657369828158
KL008,2019,4,77.65217391304348,8.5126983,76.9473987,49.30004654429282,85.80440505222207,Kallada Reservoir,2,0.030712332245263377,0.008715141017323572,12.605131998894176,3.918006002439119,4.463657369828158
KL008,2020,1,78.3,8.5126983,76.9473987,49.30004654429282,85.80440505222207,Kallada Reservoir,2,0.030712332245263377,0.008715141017323572,12.605131998894176,3.918006002439119,4.463657369828158
KL008,2020,2,50.895348837209305,8.5126983,76.9473987,49.30004654429282,85.80440505222207,Kallada Reservoir,2,0.030712332245263377,0.008715141017323572,12.605131998894176,3.918006002439119,4.463657369828158
KL008,2020,3,41.0,8.5126983,76.9473987,49.30004654429282,85.80440505222207,Kallada Reservoir,2,0.030712332245263377,0.008715141017323572,12.605131998894176,3.918006002439119,4.463657369828158
MH005,2018,2,81.14814814814815,19.0549792,72.8402203,69.80863149336375,78.48075319305845,Thokarwadi,3,0.03798458019420972,0.012055198154593664,17.922840575524656,4.259980907016873,4.375514894149263
MH005,2018,3,77.13333333333334,19.0549792,72.8402203,69.80863149336375,78.48075319305845,Thokarwadi,3,0.03798458019420972,0.012055198154593664,17.922840575524656,4.259980907016873,4.375514894149263
MH005,2018,4,144.20481927710844,19.0549792,72.8402203,69.80863149336375,78.48075319305845,Thokarwadi,3,0.03798458019420972,0.012055198154593664,17.922840575524656,4.259980907016873,4.375514894149263
MH005,2019,1,146.15555555555557,19.0549792,72.8402203,69.80863149336375,78.48075319305845,Thokarwadi,3,0.03798458019420972,0.012055198154593664,17.922840575524656,4.259980907016873,4.375514894149263
MH005,2019,2,93.83516483516483,19.0549792,72.8402203,69.80863149336375,78.48075319305845,Thokarwadi,3,0.03798458019420972,0.012055198154593664,17.922840575524656,4.259980907016873,4.375514894149263
MH005,2019,3,103.23529411764706,19.0549792,72.8402203,69.80863149336375,78.48075319305845,Thokarwadi,3,0.03798458019420972,0.012055198154593664,17.922840575524656,4.259980907016873,4.375514894149263
MH005,2019,4,115.25675675675676,19.0549792,72.8402203,69.80863149336375,78.48075319305845,Thokarwadi,3,0.03798458019420972,0.012055198154593664,17.922840575524656,4.259980907016873,4.375514894149263
MH005,2020,1,113.88235294117646,19.0549792,72.8402203,69.80863149336375,78.48075319305845,Thokarwadi,3,0.03798458019420972,0.012055198154593664,17.922840575524656,4.259980907016873,4.375514894149263
MH005,2020,2,67.46753246753246,19.0549792,72.8402203,69.80863149336375,78.48075319305845,Thokarwadi,3,0.03798458019420972,0.012055198154593664,17.922840575524656,4.259980907016873,4.375514894149263
MH005,2020,3,52.0,19.0549792,72.8402203,69.80863149336375,78.48075319305845,Thokarwadi,3,0.03798458019420972,0.012055198154593664,17.922840575524656,4.259980907016873,4.375514894149263
MH006,2019,2,51.388888888888886,19.2267228,72.8619328,69.6377363018294,79.95564795718417,Bhatsa,6,0.06834367026916713,0.016924317018740018,37.36105792598775,4.257564510224894,4.393901448624716
MH006,2019,3,36.44444444444444,19.2267228,72.8619328,69.6377363018294,79.95564795718417,Bhatsa,6,0.06834367026916713,0.016924317018740018,37.36105792598775,4.257564510224894,4.393901448624716
MH006,2019,4,80.95604395604396,19.2267228,72.8619328,69.6377363018294,79.95564795718417,Bhatsa,6,0.06834367026916713,0.016924317018740018,37.36105792598775,4.257564510224894,4.393901448624716
MH006,2020,1,92.02197802197803,19.2267228,72.8619328,69.6377363018294,79.95564795718417,Bhatsa,6,0.06834367026916713,0.016924317018740018,37.36105792598775,4.257564510224894,4.393901448624716
MH006,2020,2,62.55555555555556,19.2267228,72.8619328,69.6377363018294,79.95564795718417,Bhatsa,6,0.06834367026916713,0.016924317018740018,37.36105792598775,4.257564510224894,4.393901448624716
MH007,2019,2,77.81818181818181,19.0965991,72.8653099,68.53790611049341,76.88459115909329,Thokarwadi,4,0.04902989859676817,0.013026976166148955,25.160114195378558,4.241872015549641,4.355228130475369
MH007,2019,3,76.73863636363636,19.0965991,72.8653099,68.53790611049341,76.88459115909329,Thokarwadi,4,0.04902989859676817,0.013026976166148955,25.160114195378558,4.241872015549641,4.355228130475369
MH007,2019,4,168.7912087912088,19.0965991,72.8653099,68.53790611049341,76.88459115909329,Thokarwadi,4,0.04902989859676817,0.013026976166148955,25.160114195378558,4.241872015549641,4.355228130475369
MH007,2020,1,171.73626373626374,19.0965991,72.8653099,68.53790611049341,76.88459115909329,Thokarwadi,4,0.04902989859676817,0.013026976166148955,25.160114195378558,4.241872015549641,4.355228130475369
MH007,2020,2,75.89772727272727,19.0965991,72.8653099,68.53790611049341,76.88459115909329,Thokarwadi,4,0.04902989859676817,0.013026976166148955,25.160114195378558,4.241872015549641,4.355228130475369
MH007,2020,3,67.0,19.0965991,72.8653099,68.53790611049341,76.88459115909329,Thokarwadi,4,0.04902989859676817,0.013026976166148955,25.160114195378558,4.241872015549641,4.355228130475369
MH008,2019,2,42.166666666666664,18.915091,72.8259691,69.31980107525224,79.36476881447578,Thokarwadi,3,0.037961428473819094,0.0117494520024092,18.625280494938377,4.2530534245226965,4.386575881322831
MH008,2019,3,44.23913043478261,18.915091,72.8259691,69.31980107525224,79.36476881447578,Thokarwadi,3,0.037961428473819094,0.0117494520024092,18.625280494938377,4.2530534245226965,4.386575881322831
MH008,2019,4,142.0326086956522,18.915091,72.8259691,69.31980107525224,79.36476881447578,Thokarwadi,3,0.037961428473819094,0.0117494520024092,18.625280494938377,4.2530534245226965,4.386575881322831
MH008,2020,1,140.64835164835165,18.915091,72.8259691,69.31980107525224,79.36476881447578,Thokarwadi,3,0.037961428473819094,0.0117494520024092,18.625280494938377,4.2530534245226965,4.386575881322831
MH008,2020,2,47.48684210526316,18.915091,72.8259691,69.31980107525224,79.36476881447578,Thokarwadi,3,0.037961428473819094,0.0117494520024092,18.625280494938377,4.2530534245226965,4.386575881322831
MH009,2019,2,108.33333333333333,19.0655397,72.8795636,66.10495805499363,75.25234319110358,Thokarwadi,4,0.049965970464396096,0.013200161182118926,25.844263769120445,4.2062579317842825,4.334048145390482
MH009,2019,3,111.83695652173913,19.0655397,72.8795636,66.10495805499363,75.25234319110358,Thokarwadi,4,0.049965970464396096,0.013200161182118926,25.844263769120445,4.2062579317842825,4.334048145390482
MH009,2019,4,155.90217391304347,19.0655397,72.8795636,66.10495805499363,75.25234319110358,Thokarwadi,4,0.049965970464396096,0.013200161182118926,25.844263769120445,4.2062579317842825,4.334048145390482
MH009,2020,1,168.57142857142858,19.0655397,72.8795636,66.10495805499363,75.25234319110358,Thokarwadi,4,0.049965970464396096,0.013200161182118926,25.844263769120445,4.2062579317842825,4.334048145390482
MH009,2020,2,77.3,19.0655397,72.8795636,66.10495805499363,75.25234319110358,Thokarwadi,4,0.049965970464396096,0.013200161182118926,25.844263769120445,4.2062579317842825,4.334048145390482
MH009,2020,3,116.0,19.0655397,72.8795636,66.10495805499363,75.25234319110358,Thokarwadi,4,0.049965970464396096,0.013200161182118926,25.844263769120445,4.2062579317842825,4.334048145390482
MH010,2019,2,53.76923076923077,19.1187195,72.9073476,65.204807986494,73.76758400458829,Thokarwadi,5,0.06133604721571478,0.015084689109074866,33.56144088721953,4.192753088500436,4.3143844221263645
MH010,2019,3,39.30769230769231,19.1187195,72.9073476,65.204807986494,73.76758400458829,Thokarwadi,5,0.06133604721571478,0.015084689109074866,33.56144088721953,4.192753088500436,4.3143844221263645
MH010,2019,4,123.3695652173913,19.1187195,72.9073476,65.204807986494,73.76758400458829,Thokarwadi,5,0.06133604721571478,0.015084689109074866,33.56144088721953,4.192753088500436,4.3143844221263645
MH010,2020,1,121.2967032967033,19.1187195,72.9073476,65.204807986494,73.76758400458829,Thokarwadi,5,0.06133604721571478,0.015084689109074866,33.56144088721953,4.192753088500436,4.3143844221263645
MH010,2020,2,51.97701149425287,19.1187195,72.9073476,65.204807986494,73.76758400458829,Thokarwadi,5,0.06133604721571478,0.015084689109074866,33.56144088721953,4.192753088500436,4.3143844221263645
MH010,2020,3,22.0,19.1187195,72.9073476,65.204807986494,73.76758400458829,Thokarwadi,5,0.06133604721571478,0.015084689109074866,33.56144088721953,4.192753088500436,4.3143844221263645
MH011,2019,2,72.5,19.0465213,72.8632834,67.23145491755085,76.41933498679172,Thokarwadi,4,0.04913316298894846,0.012951949315106726,25.50479391255606,4.222905674321967,4.349236555430251
MH011,2019,3,58.81521739130435,19.0465213,72.8632834,67.23145491755085,76.41933498679172,Thokarwadi,4,0.04913316298894846,0.012951949315106726,25.50479391255606,4.222905674321967,4.349236555430251
MH011,2019,4,168.37362637362637,19.0465213,72.8632834,67.23145491755085,76.41933498679172,Thokarwadi,4,0.04913316298894846,0.012951949315106726,25.50479391255606,4.222905674321967,4.349236555430251
MH011,2020,1,173.82417582417582,19.0465213,72.8632834,67.23145491755085,76.41933498679172,Thokarwadi,4,0.04913316298894846,0.012951949315106726,25.50479391255606,4.222905674321967,4.349236555430251
MH011,2020,2,67.76666666666667,19.0465213,72.8632834,67.23145491755085,76.41933498679172,Thokarwadi,4,0.04913316298894846,0.012951949315106726,25.50479391255606,4.222905674321967,4.349236555430251
MH011,2020,3,56.0,19.0465213,72.8632834,67.23145491755085,76.41933498679172,Thokarwadi,4,0.04913316298894846,0.012951949315106726,25.50479391255606,4.222905674321967,4.349236555430251
MH012,2019,2,52.42307692307692,19.3693345,72.806127,69.02682668665565,82.99466124794922,Bhatsa,5,0.056546747077872876,0.015809791293979678,23.70502239916962,4.248878407013082,4.430753240251476
MH012,2019,3,42.95652173913044,19.3693345,72.806127,69.02682668665565,82.99466124794922,Bhatsa,5,0.056546747077872876,0.015809791293979678,23.70502239916962,4.248878407013082,4.430753240251476
MH012,2019,4,132.16666666666666,19.3693345,72.806127,69.02682668665565,82.99466124794922,Bhatsa,5,0.056546747077872876,0.015809791293979678,23.70502239916962,4.248878407013082,4.430753240251476
MH012,2020,1,140.44444444444446,19.3693345,72.806127,69.02682668665565,82.99466124794922,Bhatsa,5,0.056546747077872876,0.015809791293979678,23.70502239916962,4.248878407013082,4.430753240251476
MH012,2020,2,72.55172413793103,19.3693345,72.806127,69.02682668665565,82.99466124794922,Bhatsa,5,0.056546747077872876,0.015809791293979678,23.70502239916962,4.248878407013082,4.430753240251476
MH013,2019,2,58.34615384615385,19.103908,72.840301,71.2882017702928,79.12148086957643,Thokarwadi,4,0.04766559297616978,0.01268845836586479,24.404232573130862,4.280660931482074,4.383543993771794
MH013,2019,3,41.220338983050844,19.103908,72.840301,71.2882017702928,79.12148086957643,Thokarwadi,4,0.04766559297616978,0.01268845836586479,24.404232573130862,4.280660931482074,4.383543993771794
MH013,2019,4,143.16470588235293,19.103908,72.840301,71.2882017702928,79.12148086957643,Thokarwadi,4,0.04766559297616978,0.01268845836586479,24.404232573130862,4.280660931482074,4.383543993771794
MH013,2020,1,145.2888888888889,19.103908,72.840301,71.2882017702928,79.12148086957643,Thokarwadi,4,0.04766559297616978,0.01268845836586479,24.404232573130862,4.280660931482074,4.383543993771794
MH013,2020,2,48.42622950819672,19.103908,72.840301,71.2882017702928,79.12148086957643,Thokarwadi,4,0.04766559297616978,0.01268845836586479,24.404232573130862,4.280660931482074,4.383543993771794
MH013,2020,3,32.0,19.103908,72.840301,71.2882017702928,79.12148086957643,Thokarwadi,4,0.04766559297616978,0.01268845836586479,24.404232573130862,4.280660931482074,4.383543993771794
MH014,2019,2,67.0,19.0117388,72.8178706,71.14215238954736,80.07475959361885,Thokarwadi,3,0.03726784516103391,0.01174065315051189,17.79599657332385,4.278638511314572,4.395371686954559
MH014,2019,3,51.15217391304348,19.0117388,72.8178706,71.14215238954736,80.07475959361885,Thokarwadi,3,0.03726784516103391,0.01174065315051189,17.79599657332385,4.278638511314572,4.395371686954559
MH014,2019,4,141.84615384615384,19.0117388,72.8178706,71.14215238954736,80.07475959361885,Thokarwadi,3,0.03726784516103391,0.01174065315051189,17.79599657332385,4.278638511314572,4.395371686954559
MH014,2020,1,150.07692307692307,19.0117388,72.8178706,71.14215238954736,80.07475959361885,Thokarwadi,3,0.03726784516103391,0.01174065315051189,17.79599657332385,4.278638511314572,4.395371686954559
MH014,2020,2,52.855421686746986,19.0117388,72.8178706,71.14215238954736,80.07475959361885,Thokarwadi,3,0.03726784516103391,0.01174065315051189,17.79599657332385,4.278638511314572,4.395371686954559
MH014,2020,3,28.0,19.0117388,72.8178706,71.14215238954736,80.07475959361885,Thokarwadi,3,0.03726784516103391,0.01174065315051189,17.79599657332385,4.278638511314572,4.395371686954559
ML001,2019,3,40.25806451612903,25.5589862,91.898564,231.5643386054423,324.2446765674535,Gumti Reservoir,0,0.0,0.0,0.0,5.4491669119307575,5.784577750056376
ML001,2019,4,48.5625,25.5589862,91.898564,231.5643386054423,324.2446765674535,Gumti Reservoir,0,0.0,0.0,0.0,5.4491669119307575,5.784577750056376
ML001,2020,1,76.64102564102564,25.5589862,91.898564,231.5643386054423,324.2446765674535,Gumti Reservoir,0,0.0,0.0,0.0,5.4491669119307575,5.784577750056376
ML001,2020,2,35.301587301587304,25.5589862,91.898564,231.5643386054423,324.2446765674535,Gumti Reservoir,0,0.0,0.0,0.0,5.4491669119307575,5.784577750056376
ML001,2020,3,24.0,25.5589862,91.898564,231.5643386054423,324.2446765674535,Gumti Reservoir,0,0.0,0.0,0.0,5.4491669119307575,5.784577750056376
MP001,2019,3,73.84615384615384,23.2286993,77.4002881,32.37578955847873,66.57056980689558,Kolar,2,0.044737226158028456,0.006643306157854201,18.649456887305263,3.50783077362347,4.213172530366999
MP001,2019,4,175.15217391304347,23.2286993,77.4002881,32.37578955847873,66.57056980689558,Kolar,2,0.044737226158028456,0.006643306157854201,18.649456887305263,3.50783077362347,4.213172530366999
MP001,2020,1,133.8409090909091,23.2286993,77.4002881,32.37578955847873,66.57056980689558,Kolar,2,0.044737226158028456,0.006643306157854201,18.649456887305263,3.50783077362347,4.213172530366999
MP001,2020,2,95.29761904761905,23.2286993,77.4002881,32.37578955847873,66.57056980689558,Kolar,2,0.044737226158028456,0.006643306157854201,18.649456887305263,3.50783077362347,4.213172530366999
MP001,2020,3,69.0,23.2286993,77.4002881,32.37578955847873,66.57056980689558,Kolar,2,0.044737226158028456,0.006643306157854201,18.649456887305263,3.50783077362347,4.213172530366999
MZ001,2020,1,65.35,23.717254,92.7183956,92.54289432231857,322.3452647764751,Gumti Reservoir,1,0.010690282861617722,0.0015928521463810406,0.9593192582944203,4.538420093900704,5.778720683519022
MZ001,2020,2,28.133333333333333,23.717254,92.7183956,92.54289432231857,322.3452647764751,Gumti Reservoir,1,0.010690282861617722,0.0015928521463810406,0.9593192582944203,4.538420093900704,5.778720683519022
MZ001,2020,3,20.0,23.717254,92.7183956,92.54289432231857,322.3452647764751,Gumti Reservoir,1,0.010690282861617722,0.0015928521463810406,0.9593192582944203,4.538420093900704,5.778720683519022
OD001,2018,1,248.8793103448276,21.8553897,83.9245924,27.537306758414367,104.82702421974352,Hirakud Reservoir,1,0.035041849199912496,0.10153007866258047,6.613973827237484,3.351212240336338,4.6618059142159565
OD001,2018,2,128.7325581395349,21.8553897,83.9245924,27.537306758414367,104.82702421974352,Hirakud Reservoir,1,0.035041849199912496,0.10153007866258047,6.613973827237484,3.351212240336338,4.6618059142159565
OD001,2018,3,81.18032786885246,21.8553897,83.9245924,27.537306758414367,104.82702421974352,Hirakud Reservoir,1,0.035041849199912496,0.10153007866258047,6.613973827237484,3.351212240336338,4.6618059142159565
OD001,2018,4,178.92727272727274,21.8553897,83.9245924,27.537306758414367,104.82702421974352,Hirakud Reservoir,1,0.035041849199912496,0.10153007866258047,6.613973827237484,3.351212240336338,4.6618059142159565
OD001,2019,1,218.82022471910113,21.8553897,83.9245924,27.537306758414367,104.82702421974352,Hirakud Reservoir,1,0.035041849199912496,0.10153007866258047,6.613973827237484,3.351212240336338,4.6618059142159565
OD001,2019,2,133.9142857142857,21.8553897,83.9245924,27.537306758414367,104.82702421974352,Hirakud Reservoir,1,0.035041849199912496,0.10153007866258047,6.613973827237484,3.351212240336338,4.6618059142159565
OD001,2019,3,95.51948051948052,21.8553897,83.9245924,27.537306758414367,104.82702421974352,Hirakud Reservoir,1,0.035041849199912496,0.10153007866258047,6.613973827237484,3.351212240336338,4.6618059142159565
OD001,2019,4,134.6627906976744,21.8553897,83.9245924,27.537306758414367,104.82702421974352,Hirakud Reservoir,1,0.035041849199912496,0.10153007866258047,6.613973827237484,3.351212240336338,4.6618059142159565
OD001,2020,1,140.04054054054055,21.8553897,83.9245924,27.537306758414367,104.82702421974352,Hirakud Reservoir,1,0.035041849199912496,0.10153007866258047,6.613973827237484,3.351212240336338,4.6618059142159565
OD001,2020,2,132.48936170212767,21.8553897,83.9245924,27.537306758414367,104.82702421974352,Hirakud Reservoir,1,0.035041849199912496,0.10153007866258047,6.613973827237484,3.351212240336338,4.6618059142159565
OD002,2018,1,319.8292682926829,20.951048,85.1759704,41.881586776393576,71.7234267466579,Sapua,2,0.04257246006210194,0.04348727307770561,6.213123841543666,3.7584425211243686,4.2866635712377885
OD002,2018,2,126.81428571428572,20.951048,85.1759704,41.881586776393576,71.7234267466579,Sapua,2,0.04257246006210194,0.04348727307770561,6.213123841543666,3.7584425211243686,4.2866635712377885
OD002,2018,3,97.85714285714286,20.951048,85.1759704,41.881586776393576,71.7234267466579,Sapua,2,0.04257246006210194,0.04348727307770561,6.213123841543666,3.7584425211243686,4.2866635712377885
OD002,2018,4,235.04166666666666,20.951048,85.1759704,41.881586776393576,71.7234267466579,Sapua,2,0.04257246006210194,0.04348727307770561,6.213123841543666,3.7584425211243686,4.2866635712377885
OD002,2019,1,277.4533333333333,20.951048,85.1759704,41.881586776393576,71.7234267466579,Sapua,2,0.04257246006210194,0.04348727307770561,6.213123841543666,3.7584425211243686,4.2866635712377885
OD002,2019,2,125.1375,20.951048,85.1759704,41.881586776393576,71.7234267466579,Sapua,2,0.04257246006210194,0.04348727307770561,6.213123841543666,3.7584425211243686,4.2866635712377885
OD002,2019,3,89.24675324675324,20.951048,85.1759704,41.881586776393576,71.7234267466579,Sapua,2,0.04257246006210194,0.04348727307770561,6.213123841543666,3.7584425211243686,4.2866635712377885
OD002,2019,4,190.45070422535213,20.951048,85.1759704,41.881586776393576,71.7234267466579,Sapua,2,0.04257246006210194,0.04348727307770561,6.213123841543666,3.7584425211243686,4.2866635712377885
OD002,2020,1,209.1358024691358,20.951048,85.1759704,41.881586776393576,71.7234267466579,Sapua,2,0.04257246006210194,0.04348727307770561,6.213123841543666,3.7584425211243686,4.2866635712377885
OD002,2020,2,108.47297297297297,20.951048,85.1759704,41.881586776393576,71.7234267466579,Sapua,2,0.04257246006210194,0.04348727307770561,6.213123841543666,3.7584425211243686,4.2866635712377885
OD002,2020,3,101.0,20.951048,85.1759704,41.881586776393576,71.7234267466579,Sapua,2,0.04257246006210194,0.04348727307770561,6.213123841543666,3.7584425211243686,4.2866635712377885
PB001,2018,1,135.88888888888889,31.6199787,74.8765281,118.56335340326724,135.19912217433446,Pong Reservoir,0,0.0,0.0,0.0,4.783846384891818,4.914117948572281
PB001,2018,2,158.70238095238096,31.6199787,74.8765281,118.56335340326724,135.19912217433446,Pong Reservoir,0,0.0,0.0,0.0,4.783846384891818,4.914117948572281
PB001,2018,3,61.64102564102564,31.6199787,74.8765281,118.56335340326724,135.19912217433446,Pong Reservoir,0,0.0,0.0,0.0,4.783846384891818,4.914117948572281
PB001,2018,4,132.27777777777777,31.6199787,74.8765281,118.56335340326724,135.19912217433446,Pong Reservoir,0,0.0,0.0,0.0,4.783846384891818,4.914117948572281
PB001,2019,1,96.45454545454545,31.6199787,74.8765281,118.56335340326724,135.19912217433446,Pong Reservoir,0,0.0,0.0,0.0,4.783846384891818,4.914117948572281
PB001,2019,2,110.45054945054945,31.6199787,74.8765281,118.56335340326724,135.19912217433446,Pong Reservoir,0,0.0,0.0,0.0,4.783846384891818,4.914117948572281
PB001,2019,3,70.51648351648352,31.6199787,74.8765281,118.56335340326724,135.19912217433446,Pong Reservoir,0,0.0,0.0,0.0,4.783846384891818,4.914117948572281
PB001,2019,4,159.59782608695653,31.6199787,74.8765281,118.56335340326724,135.19912217433446,Pong Reservoir,0,0.0,0.0,0.0,4.783846384891818,4.914117948572281
PB001,2020,1,104.9659090909091,31.6199787,74.8765281,118.56335340326724,135.19912217433446,Pong Reservoir,0,0.0,0.0,0.0,4.783846384891818,4.914117948572281
PB001,2020,2,80.74117647058823,31.6199787,74.8765281,118.56335340326724,135.19912217433446,Pong Reservoir,0,0.0,0.0,0.0,4.783846384891818,4.914117948572281
PB001,2020,3,78.0,31.6199787,74.8765281,118.56335340326724,135.19912217433446,Pong Reservoir,0,0.0,0.0,0.0,4.783846384891818,4.914117948572281
RJ004,2018,1,140.6,26.8986698,75.8163567,114.16300578156897,205.01788774561837,Bisalpur,0,0.0,0.0,0.0,4.7463485663200675,5.327962998736346
RJ004,2018,2,164.13186813186815,26.8986698,75.8163567,114.16300578156897,205.01788774561837,Bisalpur,0,0.0,0.0,0.0,4.7463485663200675,5.327962998736346
RJ004,2018,3,108.0,26.8986698,75.8163567,114.16300578156897,205.01788774561837,Bisalpur,0,0.0,0.0,0.0,4.7463485663200675,5.327962998736346
RJ004,2018,4,143.7608695652174,26.8986698,75.8163567,114.16300578156897,205.01788774561837,Bisalpur,0,0.0,0.0,0.0,4.7463485663200675,5.327962998736346
RJ004,2019,1,109.95555555555555,26.8986698,75.8163567,114.16300578156897,205.01788774561837,Bisalpur,0,0.0,0.0,0.0,4.7463485663200675,5.327962998736346
RJ004,2019,2,131.42857142857142,26.8986698,75.8163567,114.16300578156897,205.01788774561837,Bisalpur,0,0.0,0.0,0.0,4.7463485663200675,5.327962998736346
RJ004,2019,3,73.83516483516483,26.8986698,75.8163567,114.16300578156897,205.01788774561837,Bisalpur,0,0.0,0.0,0.0,4.7463485663200675,5.327962998736346
RJ004,2019,4,117.1086956521739,26.8986698,75.8163567,114.16300578156897,205.01788774561837,Bisalpur,0,0.0,0.0,0.0,4.7463485663200675,5.327962998736346
RJ004,2020,1,97.95604395604396,26.8986698,75.8163567,114.16300578156897,205.01788774561837,Bisalpur,0,0.0,0.0,0.0,4.7463485663200675,5.327962998736346
RJ004,2020,2,93.58241758241758,26.8986698,75.8163567,114.16300578156897,205.01788774561837,Bisalpur,0,0.0,0.0,0.0,4.7463485663200675,5.327962998736346
RJ004,2020,3,63.0,26.8986698,75.8163567,114.16300578156897,205.01788774561837,Bisalpur,0,0.0,0.0,0.0,4.7463485663200675,5.327962998736346
RJ005,2018,1,181.90361445783134,26.9160258,75.8015394,115.54396286102907,206.65757129412052,Bisalpur,0,0.0,0.0,0.0,4.758268565435998,5.335890431218551
RJ005,2018,2,174.58333333333334,26.9160258,75.8015394,115.54396286102907,206.65757129412052,Bisalpur,0,0.0,0.0,0.0,4.758268565435998,5.335890431218551
RJ005,2018,3,114.82758620689656,26.9160258,75.8015394,115.54396286102907,206.65757129412052,Bisalpur,0,0.0,0.0,0.0,4.758268565435998,5.335890431218551
RJ005,2018,4,211.0888888888889,26.9160258,75.8015394,115.54396286102907,206.65757129412052,Bisalpur,0,0.0,0.0,0.0,4.758268565435998,5.335890431218551
RJ005,2019,1,145.3,26.9160258,75.8015394,115.54396286102907,206.65757129412052,Bisalpur,0,0.0,0.0,0.0,4.758268565435998,5.335890431218551
RJ005,2019,2,140.3186813186813,26.9160258,75.8015394,115.54396286102907,206.65757129412052,Bisalpur,0,0.0,0.0,0.0,4.758268565435998,5.335890431218551
RJ005,2019,3,82.71428571428571,26.9160258,75.8015394,115.54396286102907,206.65757129412052,Bisalpur,0,0.0,0.0,0.0,4.758268565435998,5.335890431218551
RJ005,2019,4,170.55555555555554,26.9160258,75.8015394,115.54396286102907,206.65757129412052,Bisalpur,0,0.0,0.0,0.0,4.758268565435998,5.335890431218551
RJ005,2020,1,128.6813186813187,26.9160258,75.8015394,115.54396286102907,206.65757129412052,Bisalpur,0,0.0,0.0,0.0,4.758268565435998,5.335890431218551
RJ005,2020,2,100.84269662921348,26.9160258,75.8015394,115.54396286102907,206.65757129412052,Bisalpur,0,0.0,0.0,0.0,4.758268565435998,5.335890431218551
RJ005,2020,3,68.0,26.9160258,75.8015394,115.54396286102907,206.65757129412052,Bisalpur,0,0.0,0.0,0.0,4.758268565435998,5.335890431218551
RJ006,2018,1,179.43820224719101,26.9332789,75.7972295,117.24904691928089,208.47081266203529,Bisalpur,0,0.0,0.0,0.0,4.7727929674603295,5.344584410620763
RJ006,2018,2,164.72527472527472,26.9332789,75.7972295,117.24904691928089,208.47081266203529,Bisalpur,0,0.0,0.0,0.0,4.7727929674603295,5.344584410620763
RJ006,2018,3,93.46739130434783,26.9332789,75.7972295,117.24904691928089,208.47081266203529,Bisalpur,0,0.0,0.0,0.0,4.7727929674603295,5.344584410620763
RJ006,2018,4,139.8804347826087,26.9332789,75.7972295,117.24904691928089,208.47081266203529,Bisalpur,0,0.0,0.0,0.0,4.7727929674603295,5.344584410620763
RJ006,2019,1,123.25555555555556,26.9332789,75.7972295,117.24904691928089,208.47081266203529,Bisalpur,0,0.0,0.0,0.0,4.7727929674603295,5.344584410620763
RJ006,2019,2,140.82417582417582,26.9332789,75.7972295,117.24904691928089,208.47081266203529,Bisalpur,0,0.0,0.0,0.0,4.7727929674603295,5.344584410620763
RJ006,2019,3,70.68478260869566,26.9332789,75.7972295,117.24904691928089,208.47081266203529,Bisalpur,0,0.0,0.0,0.0,4.7727929674603295,5.344584410620763
RJ006,2019,4,144.59782608695653,26.9332789,75.7972295,117.24904691928089,208.47081266203529,Bisalpur,0,0.0,0.0,0.0,4.7727929674603295,5.344584410620763
RJ006,2020,1,112.01098901098901,26.9332789,75.7972295,117.24904691928089,208.47081266203529,Bisalpur,0,0.0,0.0,0.0,4.7727929674603295,5.344584410620763
RJ006,2020,2,100.73626373626374,26.9332789,75.7972295,117.24904691928089,208.47081266203529,Bisalpur,0,0.0,0.0,0.0,4.7727929674603295,5.344584410620763
RJ006,2020,3,78.0,26.9332789,75.7972295,117.24904691928089,208.47081266203529,Bisalpur,0,0.0,0.0,0.0,4.7727929674603295,5.344584410620763
TG001,2018,1,122.2247191011236,17.543252501247157,78.35308536728958,52.18644996845263,107.03236757494285,Singur,1,0.018801781291910756,0.010398112865315367,9.802901842411979,3.9738036640649694,4.682430881991205
TG001,2018,2,97.3132530120482,17.543252501247157,78.35308536728958,52.18644996845263,107.03236757494285,Singur,1,0.018801781291910756,0.010398112865315367,9.802901842411979,3.9738036640649694,4.682430881991205
TG001,2018,3,78.32222222222222,17.543252501247157,78.35308536728958,52.18644996845263,107.03236757494285,Singur,1,0.018801781291910756,0.010398112865315367,9.802901842411979,3.9738036640649694,4.682430881991205
TG001,2018,4,108.20879120879121,17.543252501247157,78.35308536728958,52.18644996845263,107.03236757494285,Singur,1,0.018801781291910756,0.010398112865315367,9.802901842411979,3.9738036640649694,4.682430881991205
TG001,2019,1,117.79268292682927,17.543252501247157,78.35308536728958,52.18644996845263,107.03236757494285,Singur,1,0.018801781291910756,0.010398112865315367,9.802901842411979,3.9738036640649694,4.682430881991205
TG001,2019,2,97.97701149425288,17.543252501247157,78.35308536728958,52.18644996845263,107.03236757494285,Singur,1,0.018801781291910756,0.010398112865315367,9.802901842411979,3.9738036640649694,4.682430881991205
TG001,2019,3,66.8452380952381,17.543252501247157,78.35308536728958,52.18644996845263,107.03236757494285,Singur,1,0.018801781291910756,0.010398112865315367,9.802901842411979,3.9738036640649694,4.682430881991205
TG001,2019,4,108.67857142857143,17.543252501247157,78.35308536728958,52.18644996845263,107.03236757494285,Singur,1,0.018801781291910756,0.010398112865315367,9.802901842411979,3.9738036640649694,4.682430881991205
TG001,2020,1,92.68604651162791,17.543252501247157,78.35308536728958,52.18644996845263,107.03236757494285,Singur,1,0.018801781291910756,0.010398112865315367,9.802901842411979,3.9738036640649694,4.682430881991205
TG001,2020,2,67.83908045977012,17.543252501247157,78.35308536728958,52.18644996845263,107.03236757494285,Singur,1,0.018801781291910756,0.010398112865315367,9.802901842411979,3.9738036640649694,4.682430881991205
TG001,2020,3,67.0,17.543252501247157,78.35308536728958,52.18644996845263,107.03236757494285,Singur,1,0.018801781291910756,0.010398112865315367,9.802901842411979,3.9738036640649694,4.682430881991205
TG002,2018,1,127.85555555555555,17.4094797,78.5060608,73.65017004592012,107.85686157146104,Singur,1,0.013395816772886954,0.007408405223152534,6.984331690957642,4.312812801891782,4.690033822638791
TG002,2018,2,97.17582417582418,17.4094797,78.5060608,73.65017004592012,107.85686157146104,Singur,1,0.013395816772886954,0.007408405223152534,6.984331690957642,4.312812801891782,4.690033822638791
TG002,2018,3,54.19318181818182,17.4094797,78.5060608,73.65017004592012,107.85686157146104,Singur,1,0.013395816772886954,0.007408405223152534,6.984331690957642,4.312812801891782,4.690033822638791
TG002,2018,4,113.8913043478261,17.4094797,78.5060608,73.65017004592012,107.85686157146104,Singur,1,0.013395816772886954,0.007408405223152534,6.984331690957642,4.312812801891782,4.690033822638791
TG002,2019,1,117.38636363636364,17.4094797,78.5060608,73.65017004592012,107.85686157146104,Singur,1,0.013395816772886954,0.007408405223152534,6.984331690957642,4.312812801891782,4.690033822638791
TG002,2019,2,96.72093023255815,17.4094797,78.5060608,73.65017004592012,107.85686157146104,Singur,1,0.013395816772886954,0.007408405223152534,6.984331690957642,4.312812801891782,4.690033822638791
TG002,2019,3,42.32967032967033,17.4094797,78.5060608,73.65017004592012,107.85686157146104,Singur,1,0.013395816772886954,0.007408405223152534,6.984331690957642,4.312812801891782,4.690033822638791
TG002,2019,4,93.81318681318682,17.4094797,78.5060608,73.65017004592012,107.85686157146104,Singur,1,0.013395816772886954,0.007408405223152534,6.984331690957642,4.312812801891782,4.690033822638791
TG002,2020,1,84.1978021978022,17.4094797,78.5060608,73.65017004592012,107.85686157146104,Singur,1,0.013395816772886954,0.007408405223152534,6.984331690957642,4.312812801891782,4.690033822638791
TG002,2020,2,61.831460674157306,17.4094797,78.5060608,73.65017004592012,107.85686157146104,Singur,1,0.013395816772886954,0.007408405223152534,6.984331690957642,4.312812801891782,4.690033822638791
TG002,2020,3,40.0,17.4094797,78.5060608,73.65017004592012,107.85686157146104,Singur,1,0.013395816772886954,0.007408405223152534,6.984331690957642,4.312812801891782,4.690033822638791
TG003,2018,1,121.75581395348837,17.496315,78.2677697,47.34981003133754,109.39647196160423,Singur,1,0.02068260453043886,0.011438280922282256,10.783528374758196,3.878462292860303,4.704078176462836
TG003,2018,2,85.42222222222222,17.496315,78.2677697,47.34981003133754,109.39647196160423,Singur,1,0.02068260453043886,0.011438280922282256,10.783528374758196,3.878462292860303,4.704078176462836
TG003,2018,3,54.47826086956522,17.496315,78.2677697,47.34981003133754,109.39647196160423,Singur,1,0.02068260453043886,0.011438280922282256,10.783528374758196,3.878462292860303,4.704078176462836
TG003,2018,4,119.16304347826087,17.496315,78.2677697,47.34981003133754,109.39647196160423,Singur,1,0.02068260453043886,0.011438280922282256,10.783528374758196,3.878462292860303,4.704078176462836
TG003,2019,1,116.81111111111112,17.496315,78.2677697,47.34981003133754,109.39647196160423,Singur,1,0.02068260453043886,0.011438280922282256,10.783528374758196,3.878462292860303,4.704078176462836
TG003,2019,2,90.50549450549451,17.496315,78.2677697,47.34981003133754,109.39647196160423,Singur,1,0.02068260453043886,0.011438280922282256,10.783528374758196,3.878462292860303,4.704078176462836
TG003,2019,3,37.84615384615385,17.496315,78.2677697,47.34981003133754,109.39647196160423,Singur,1,0.02068260453043886,0.011438280922282256,10.783528374758196,3.878462292860303,4.704078176462836
TG003,2019,4,103.25,17.496315,78.2677697,47.34981003133754,109.39647196160423,Singur,1,0.02068260453043886,0.011438280922282256,10.783528374758196,3.878462292860303,4.704078176462836
TG003,2020,1,88.82022471910112,17.496315,78.2677697,47.34981003133754,109.39647196160423,Singur,1,0.02068260453043886,0.011438280922282256,10.783528374758196,3.878462292860303,4.704078176462836
TG003,2020,2,59.58888888888889,17.496315,78.2677697,47.34981003133754,109.39647196160423,Singur,1,0.02068260453043886,0.011438280922282256,10.783528374758196,3.878462292860303,4.704078176462836
TG003,2020,3,37.0,17.496315,78.2677697,47.34981003133754,109.39647196160423,Singur,1,0.02068260453043886,0.011438280922282256,10.783528374758196,3.878462292860303,4.704078176462836
TG004,2018,1,120.23595505617978,17.53079043964766,78.18246389991747,37.940353063148386,109.05699352159665,Singur,1,0.02568030131566425,0.014202200703742293,13.389235263008228,3.6620310667531912,4.700998354536686
TG004,2018,2,84.64772727272727,17.53079043964766,78.18246389991747,37.940353063148386,109.05699352159665,Singur,1,0.02568030131566425,0.014202200703742293,13.389235263008228,3.6620310667531912,4.700998354536686
TG004,2018,3,65.92045454545455,17.53079043964766,78.18246389991747,37.940353063148386,109.05699352159665,Singur,1,0.02568030131566425,0.014202200703742293,13.389235263008228,3.6620310667531912,4.700998354536686
TG004,2018,4,120.54347826086956,17.53079043964766,78.18246389991747,37.940353063148386,109.05699352159665,Singur,1,0.02568030131566425,0.014202200703742293,13.389235263008228,3.6620310667531912,4.700998354536686
TG004,2019,1,117.76404494382022,17.53079043964766,78.18246389991747,37.940353063148386,109.05699352159665,Singur,1,0.02568030131566425,0.014202200703742293,13.389235263008228,3.6620310667531912,4.700998354536686
TG004,2019,2,88.38372093023256,17.53079043964766,78.18246389991747,37.940353063148386,109.05699352159665,Singur,1,0.02568030131566425,0.014202200703742293,13.389235263008228,3.6620310667531912,4.700998354536686
TG004,2019,3,50.27906976744186,17.53079043964766,78.18246389991747,37.940353063148386,109.05699352159665,Singur,1,0.02568030131566425,0.014202200703742293,13.389235263008228,3.6620310667531912,4.700998354536686
TG004,2019,4,108.16304347826087,17.53079043964766,78.18246389991747,37.940353063148386,109.05699352159665,Singur,1,0.02568030131566425,0.014202200703742293,13.389235263008228,3.6620310667531912,4.700998354536686
TG004,2020,1,91.41176470588235,17.53079043964766,78.18246389991747,37.940353063148386,109.05699352159665,Singur,1,0.02568030131566425,0.014202200703742293,13.389235263008228,3.6620310667531912,4.700998354536686
TG004,2020,2,68.21978021978022,17.53079043964766,78.18246389991747,37.940353063148386,109.05699352159665,Singur,1,0.02568030131566425,0.014202200703742293,13.389235263008228,3.6620310667531912,4.700998354536686
TG004,2020,3,73.0,17.53079043964766,78.18246389991747,37.940353063148386,109.05699352159665,Singur,1,0.02568030131566425,0.014202200703742293,13.389235263008228,3.6620310667531912,4.700998354536686
TG005,2018,1,118.29885057471265,17.4569654,78.4434781,65.23300950996727,107.49578135406047,Singur,1,0.01509821171344346,0.008349895524439271,7.871929001031353,4.193178971747875,4.686711290695212
TG005,2018,2,74.57142857142857,17.4569654,78.4434781,65.23300950996727,107.49578135406047,Singur,1,0.01509821171344346,0.008349895524439271,7.871929001031353,4.193178971747875,4.686711290695212
TG005,2018,3,43.924050632911396,17.4569654,78.4434781,65.23300950996727,107.49578135406047,Singur,1,0.01509821171344346,0.008349895524439271,7.871929001031353,4.193178971747875,4.686711290695212
TG005,2018,4,114.53260869565217,17.4569654,78.4434781,65.23300950996727,107.49578135406047,Singur,1,0.01509821171344346,0.008349895524439271,7.871929001031353,4.193178971747875,4.686711290695212
TG005,2019,1,109.82954545454545,17.4569654,78.4434781,65.23300950996727,107.49578135406047,Singur,1,0.01509821171344346,0.008349895524439271,7.871929001031353,4.193178971747875,4.686711290695212
TG005,2019,2,73.14814814814815,17.4569654,78.4434781,65.23300950996727,107.49578135406047,Singur,1,0.01509821171344346,0.008349895524439271,7.871929001031353,4.193178971747875,4.686711290695212
TG005,2019,3,60.90909090909091,17.4569654,78.4434781,65.23300950996727,107.49578135406047,Singur,1,0.01509821171344346,0.008349895524439271,7.871929001031353,4.193178971747875,4.686711290695212
TG005,2019,4,156.37078651685394,17.4569654,78.4434781,65.23300950996727,107.49578135406047,Singur,1,0.01509821171344346,0.008349895524439271,7.871929001031353,4.193178971747875,4.686711290695212
TG005,2020,1,90.94366197183099,17.4569654,78.4434781,65.23300950996727,107.49578135406047,Singur,1,0.01509821171344346,0.008349895524439271,7.871929001031353,4.193178971747875,4.686711290695212
TG005,2020,2,57.3375,17.4569654,78.4434781,65.23300950996727,107.49578135406047,Singur,1,0.01509821171344346,0.008349895524439271,7.871929001031353,4.193178971747875,4.686711290695212
TG005,2020,3,36.0,17.4569654,78.4434781,65.23300950996727,107.49578135406047,Singur,1,0.01509821171344346,0.008349895524439271,7.871929001031353,4.193178971747875,4.686711290695212
TG006,2018,1,128.62790697674419,17.3569337,78.4513648,72.24048385003185,109.78624234081776,Singur,1,0.01365365092409292,0.007550997489446254,7.118761659940482,4.293748326147567,4.707602600004756
TG006,2018,2,83.03333333333333,17.3569337,78.4513648,72.24048385003185,109.78624234081776,Singur,1,0.01365365092409292,0.007550997489446254,7.118761659940482,4.293748326147567,4.707602600004756
TG006,2018,3,81.05882352941177,17.3569337,78.4513648,72.24048385003185,109.78624234081776,Singur,1,0.01365365092409292,0.007550997489446254,7.118761659940482,4.293748326147567,4.707602600004756
TG006,2018,4,133.58823529411765,17.3569337,78.4513648,72.24048385003185,109.78624234081776,Singur,1,0.01365365092409292,0.007550997489446254,7.118761659940482,4.293748326147567,4.707602600004756
TG006,2019,1,130.45238095238096,17.3569337,78.4513648,72.24048385003185,109.78624234081776,Singur,1,0.01365365092409292,0.007550997489446254,7.118761659940482,4.293748326147567,4.707602600004756
TG006,2019,2,97.08219178082192,17.3569337,78.4513648,72.24048385003185,109.78624234081776,Singur,1,0.01365365092409292,0.007550997489446254,7.118761659940482,4.293748326147567,4.707602600004756
TG006,2019,3,57.625,17.3569337,78.4513648,72.24048385003185,109.78624234081776,Singur,1,0.01365365092409292,0.007550997489446254,7.118761659940482,4.293748326147567,4.707602600004756
TG006,2019,4,126.8021978021978,17.3569337,78.4513648,72.24048385003185,109.78624234081776,Singur,1,0.01365365092409292,0.007550997489446254,7.118761659940482,4.293748326147567,4.707602600004756
TG006,2020,1,110.12820512820512,17.3569337,78.4513648,72.24048385003185,109.78624234081776,Singur,1,0.01365365092409292,0.007550997489446254,7.118761659940482,4.293748326147567,4.707602600004756
TG006,2020,2,66.90123456790124,17.3569337,78.4513648,72.24048385003185,109.78624234081776,Singur,1,0.01365365092409292,0.007550997489446254,7.118761659940482,4.293748326147567,4.707602600004756
TG006,2020,3,35.0,17.3569337,78.4513648,72.24048385003185,109.78624234081776,Singur,1,0.01365365092409292,0.007550997489446254,7.118761659940482,4.293748326147567,4.707602600004756
TN001,2018,1,126.14942528735632,12.996712549504016,80.19138035740644,195.98075947823872,287.92752938900725,Somasila Reservoir,0,0.0,0.0,0.0,5.283106056345042,5.666175893306207
TN001,2018,3,121.58823529411765,12.996712549504016,80.19138035740644,195.98075947823872,287.92752938900725,Somasila Reservoir,0,0.0,0.0,0.0,5.283106056345042,5.666175893306207
TN001,2018,4,137.43956043956044,12.996712549504016,80.19138035740644,195.98075947823872,287.92752938900725,Somasila Reservoir,0,0.0,0.0,0.0,5.283106056345042,5.666175893306207
TN001,2019,1,122.92222222222222,12.996712549504016,80.19138035740644,195.98075947823872,287.92752938900725,Somasila Reservoir,0,0.0,0.0,0.0,5.283106056345042,5.666175893306207
TN001,2019,2,100.09722222222223,12.996712549504016,80.19138035740644,195.98075947823872,287.92752938900725,Somasila Reservoir,0,0.0,0.0,0.0,5.283106056345042,5.666175893306207
TN001,2019,3,74.42391304347827,12.996712549504016,80.19138035740644,195.98075947823872,287.92752938900725,Somasila Reservoir,0,0.0,0.0,0.0,5.283106056345042,5.666175893306207
TN001,2019,4,101.97727272727273,12.996712549504016,80.19138035740644,195.98075947823872,287.92752938900725,Somasila Reservoir,0,0.0,0.0,0.0,5.283106056345042,5.666175893306207
TN001,2020,1,77.45054945054945,12.996712549504016,80.19138035740644,195.98075947823872,287.92752938900725,Somasila Reservoir,0,0.0,0.0,0.0,5.283106056345042,5.666175893306207
TN001,2020,2,74.85714285714286,12.996712549504016,80.19138035740644,195.98075947823872,287.92752938900725,Somasila Reservoir,0,0.0,0.0,0.0,5.283106056345042,5.666175893306207
TN001,2020,3,94.0,12.996712549504016,80.19138035740644,195.98075947823872,287.92752938900725,Somasila Reservoir,0,0.0,0.0,0.0,5.283106056345042,5.666175893306207
TN002,2019,2,59.6,13.17291045653844,80.27378924129324,185.5333352887389,288.8957285906393,Somasila Reservoir,0,0.0,0.0,0.0,5.2286099646060915,5.66952130174055
TN002,2019,3,147.93939393939394,13.17291045653844,80.27378924129324,185.5333352887389,288.8957285906393,Somasila Reservoir,0,0.0,0.0,0.0,5.2286099646060915,5.66952130174055
TN002,2019,4,107.47126436781609,13.17291045653844,80.27378924129324,185.5333352887389,288.8957285906393,Somasila Reservoir,0,0.0,0.0,0.0,5.2286099646060915,5.66952130174055
TN002,2020,1,70.28378378378379,13.17291045653844,80.27378924129324,185.5333352887389,288.8957285906393,Somasila Reservoir,0,0.0,0.0,0.0,5.2286099646060915,5.66952130174055
TN002,2020,2,111.1264367816092,13.17291045653844,80.27378924129324,185.5333352887389,288.8957285906393,Somasila Reservoir,0,0.0,0.0,0.0,5.2286099646060915,5.66952130174055
TN002,2020,3,99.0,13.17291045653844,80.27378924129324,185.5333352887389,288.8957285906393,Somasila Reservoir,0,0.0,0.0,0.0,5.2286099646060915,5.66952130174055
TN003,2018,1,169.40449438202248,13.1672275,80.2598107,185.06936993813432,288.0978521362313,Somasila Reservoir,0,0.0,0.0,0.0,5.226119560838791,5.666765219510895
TN003,2018,2,76.57777777777778,13.1672275,80.2598107,185.06936993813432,288.0978521362313,Somasila Reservoir,0,0.0,0.0,0.0,5.226119560838791,5.666765219510895
TN003,2018,3,114.28571428571429,13.1672275,80.2598107,185.06936993813432,288.0978521362313,Somasila Reservoir,0,0.0,0.0,0.0,5.226119560838791,5.666765219510895
TN003,2018,4,140.22826086956522,13.1672275,80.2598107,185.06936993813432,288.0978521362313,Somasila Reservoir,0,0.0,0.0,0.0,5.226119560838791,5.666765219510895
TN003,2019,1,152.17977528089887,13.1672275,80.2598107,185.06936993813432,288.0978521362313,Somasila Reservoir,0,0.0,0.0,0.0,5.226119560838791,5.666765219510895
TN003,2019,2,119.8048780487805,13.1672275,80.2598107,185.06936993813432,288.0978521362313,Somasila Reservoir,0,0.0,0.0,0.0,5.226119560838791,5.666765219510895
TN003,2019,3,105.13513513513513,13.1672275,80.2598107,185.06936993813432,288.0978521362313,Somasila Reservoir,0,0.0,0.0,0.0,5.226119560838791,5.666765219510895
TN003,2019,4,138.19354838709677,13.1672275,80.2598107,185.06936993813432,288.0978521362313,Somasila Reservoir,0,0.0,0.0,0.0,5.226119560838791,5.666765219510895
TN003,2020,1,109.53488372093024,13.1672275,80.2598107,185.06936993813432,288.0978521362313,Somasila Reservoir,0,0.0,0.0,0.0,5.226119560838791,5.666765219510895
TN003,2020,2,80.8021978021978,13.1672275,80.2598107,185.06936993813432,288.0978521362313,Somasila Reservoir,0,0.0,0.0,0.0,5.226119560838791,5.666765219510895
TN003,2020,3,110.0,13.1672275,80.2598107,185.06936993813432,288.0978521362313,Somasila Reservoir,0,0.0,0.0,0.0,5.226119560838791,5.666765219510895
TN004,2018,1,84.02222222222223,12.979330411435406,80.22120785865624,199.38831930777732,290.4477362897746,Somasila Reservoir,0,0.0,0.0,0.0,5.3002570806246245,5.674860697399376
TN004,2018,2,89.02197802197803,12.979330411435406,80.22120785865624,199.38831930777732,290.4477362897746,Somasila Reservoir,0,0.0,0.0,0.0,5.3002570806246245,5.674860697399376
TN004,2018,3,63.45054945054945,12.979330411435406,80.22120785865624,199.38831930777732,290.4477362897746,Somasila Reservoir,0,0.0,0.0,0.0,5.3002570806246245,5.674860697399376
TN004,2018,4,86.93478260869566,12.979330411435406,80.22120785865624,199.38831930777732,290.4477362897746,Somasila Reservoir,0,0.0,0.0,0.0,5.3002570806246245,5.674860697399376
TN004,2019,1,79.36666666666666,12.979330411435406,80.22120785865624,199.38831930777732,290.4477362897746,Somasila Reservoir,0,0.0,0.0,0.0,5.3002570806246245,5.674860697399376
TN004,2019,2,90.5934065934066,12.979330411435406,80.22120785865624,199.38831930777732,290.4477362897746,Somasila Reservoir,0,0.0,0.0,0.0,5.3002570806246245,5.674860697399376
TN004,2019,3,69.52439024390245,12.979330411435406,80.22120785865624,199.38831930777732,290.4477362897746,Somasila Reservoir,0,0.0,0.0,0.0,5.3002570806246245,5.674860697399376
TN004,2019,4,80.6,12.979330411435406,80.22120785865624,199.38831930777732,290.4477362897746,Somasila Reservoir,0,0.0,0.0,0.0,5.3002570806246245,5.674860697399376
TN004,2020,1,62.84615384615385,12.979330411435406,80.22120785865624,199.38831930777732,290.4477362897746,Somasila Reservoir,0,0.0,0.0,0.0,5.3002570806246245,5.674860697399376
TN004,2020,2,60.544444444444444,12.979330411435406,80.22120785865624,199.38831930777732,290.4477362897746,Somasila Reservoir,0,0.0,0.0,0.0,5.3002570806246245,5.674860697399376
TN004,2020,3,65.0,12.979330411435406,80.22120785865624,199.38831930777732,290.4477362897746,Somasila Reservoir,0,0.0,0.0,0.0,5.3002570806246245,5.674860697399376
TN005,2019,2,66.52941176470588,10.937458652864096,76.97833435198284,33.086567591438374,47.29764445080877,Malampuzha,6,0.10730499167137983,0.012944802595709428,37.15185844514667,3.5289033944111163,3.87738279033488
TN005,2019,3,77.48192771084338,10.937458652864096,76.97833435198284,33.086567591438374,47.29764445080877,Malampuzha,6,0.10730499167137983,0.012944802595709428,37.15185844514667,3.5289033944111163,3.87738279033488
TN005,2019,4,78.625,10.937458652864096,76.97833435198284,33.086567591438374,47.29764445080877,Malampuzha,6,0.10730499167137983,0.012944802595709428,37.15185844514667,3.5289033944111163,3.87738279033488
TN005,2020,1,79.575,10.937458652864096,76.97833435198284,33.086567591438374,47.29764445080877,Malampuzha,6,0.10730499167137983,0.012944802595709428,37.15185844514667,3.5289033944111163,3.87738279033488
TN005,2020,2,56.223684210526315,10.937458652864096,76.97833435198284,33.086567591438374,47.29764445080877,Malampuzha,6,0.10730499167137983,0.012944802595709428,37.15185844514667,3.5289033944111163,3.87738279033488
UP012,2018,1,291.9318181818182,26.8824594,81.0004318,232.15367749429257,274.31638725967497,Sharda Sagar,0,0.0,0.0,0.0,5.451697796212898,5.617920935475723
UP012,2018,2,138.41176470588235,26.8824594,81.0004318,232.15367749429257,274.31638725967497,Sharda Sagar,0,0.0,0.0,0.0,5.451697796212898,5.617920935475723
UP012,2018,3,73.1195652173913,26.8824594,81.0004318,232.15367749429257,274.31638725967497,Sharda Sagar,0,0.0,0.0,0.0,5.451697796212898,5.617920935475723
UP012,2018,4,280.77777777777777,26.8824594,81.0004318,232.15367749429257,274.31638725967497,Sharda Sagar,0,0.0,0.0,0.0,5.451697796212898,5.617920935475723
UP012,2019,1,239.8068181818182,26.8824594,81.0004318,232.15367749429257,274.31638725967497,Sharda Sagar,0,0.0,0.0,0.0,5.451697796212898,5.617920935475723
UP012,2019,2,141.19101123595505,26.8824594,81.0004318,232.15367749429257,274.31638725967497,Sharda Sagar,0,0.0,0.0,0.0,5.451697796212898,5.617920935475723
UP012,2019,3,84.3804347826087,26.8824594,81.0004318,232.15367749429257,274.31638725967497,Sharda Sagar,0,0.0,0.0,0.0,5.451697796212898,5.617920935475723
UP012,2019,4,243.2826086956522,26.8824594,81.0004318,232.15367749429257,274.31638725967497,Sharda Sagar,0,0.0,0.0,0.0,5.451697796212898,5.617920935475723
UP012,2020,1,170.53846153846155,26.8824594,81.0004318,232.15367749429257,274.31638725967497,Sharda Sagar,0,0.0,0.0,0.0,5.451697796212898,5.617920935475723
UP012,2020,2,83.98901098901099,26.8824594,81.0004318,232.15367749429257,274.31638725967497,Sharda Sagar,0,0.0,0.0,0.0,5.451697796212898,5.617920935475723
UP012,2020,3,68.0,26.8824594,81.0004318,232.15367749429257,274.31638725967497,Sharda Sagar,0,0.0,0.0,0.0,5.451697796212898,5.617920935475723
UP013,2019,3,53.65625,26.8611743,81.0039196,234.45349014080503,273.64058867494657,Sharda Sagar,0,0.0,0.0,0.0,5.4615133998577,5.615463292589269
UP013,2019,4,240.74444444444444,26.8611743,81.0039196,234.45349014080503,273.64058867494657,Sharda Sagar,0,0.0,0.0,0.0,5.4615133998577,5.615463292589269
UP013,2020,1,146.52325581395348,26.8611743,81.0039196,234.45349014080503,273.64058867494657,Sharda Sagar,0,0.0,0.0,0.0,5.4615133998577,5.615463292589269
UP013,2020,2,66.83720930232558,26.8611743,81.0039196,234.45349014080503,273.64058867494657,Sharda Sagar,0,0.0,0.0,0.0,5.4615133998577,5.615463292589269
UP013,2020,3,65.0,26.8611743,81.0039196,234.45349014080503,273.64058867494657,Sharda Sagar,0,0.0,0.0,0.0,5.4615133998577,5.615463292589269
UP014,2018,1,364.35714285714283,26.7908341,80.8701804,236.6382443571972,273.3107654058774,Sharda Sagar,0,0.0,0.0,0.0,5.4707495356349565,5.61426164400491
UP014,2018,2,221.0625,26.7908341,80.8701804,236.6382443571972,273.3107654058774,Sharda Sagar,0,0.0,0.0,0.0,5.4707495356349565,5.61426164400491
UP014,2018,3,99.1978021978022,26.7908341,80.8701804,236.6382443571972,273.3107654058774,Sharda Sagar,0,0.0,0.0,0.0,5.4707495356349565,5.61426164400491
UP014,2018,4,337.5869565217391,26.7908341,80.8701804,236.6382443571972,273.3107654058774,Sharda Sagar,0,0.0,0.0,0.0,5.4707495356349565,5.61426164400491
UP014,2019,1,239.36363636363637,26.7908341,80.8701804,236.6382443571972,273.3107654058774,Sharda Sagar,0,0.0,0.0,0.0,5.4707495356349565,5.61426164400491
UP014,2019,2,183.3186813186813,26.7908341,80.8701804,236.6382443571972,273.3107654058774,Sharda Sagar,0,0.0,0.0,0.0,5.4707495356349565,5.61426164400491
UP014,2019,3,92.8804347826087,26.7908341,80.8701804,236.6382443571972,273.3107654058774,Sharda Sagar,0,0.0,0.0,0.0,5.4707495356349565,5.61426164400491
UP014,2019,4,284.13186813186815,26.7908341,80.8701804,236.6382443571972,273.3107654058774,Sharda Sagar,0,0.0,0.0,0.0,5.4707495356349565,5.61426164400491
UP014,2020,1,252.35164835164835,26.7908341,80.8701804,236.6382443571972,273.3107654058774,Sharda Sagar,0,0.0,0.0,0.0,5.4707495356349565,5.61426164400491
UP014,2020,2,130.52747252747253,26.7908341,80.8701804,236.6382443571972,273.3107654058774,Sharda Sagar,0,0.0,0.0,0.0,5.4707495356349565,5.61426164400491
UP014,2020,3,66.0,26.7908341,80.8701804,236.6382443571972,273.3107654058774,Sharda Sagar,0,0.0,0.0,0.0,5.4707495356349565,5.61426164400491
UP015,2018,1,291.11764705882354,26.866348661658108,80.95033171067419,231.79549544494873,274.38587109992073,Sharda Sagar,0,0.0,0.0,0.0,5.450160366206801,5.618173281782861
UP015,2018,2,148.71604938271605,26.866348661658108,80.95033171067419,231.79549544494873,274.38587109992073,Sharda Sagar,0,0.0,0.0,0.0,5.450160366206801,5.618173281782861
UP015,2018,3,123.73333333333333,26.866348661658108,80.95033171067419,231.79549544494873,274.38587109992073,Sharda Sagar,0,0.0,0.0,0.0,5.450160366206801,5.618173281782861
UP015,2018,4,324.55056179775283,26.866348661658108,80.95033171067419,231.79549544494873,274.38587109992073,Sharda Sagar,0,0.0,0.0,0.0,5.450160366206801,5.618173281782861
UP015,2019,1,264.4404761904762,26.866348661658108,80.95033171067419,231.79549544494873,274.38587109992073,Sharda Sagar,0,0.0,0.0,0.0,5.450160366206801,5.618173281782861
UP015,2019,2,174.3452380952381,26.866348661658108,80.95033171067419,231.79549544494873,274.38587109992073,Sharda Sagar,0,0.0,0.0,0.0,5.450160366206801,5.618173281782861
UP015,2019,3,121.76666666666667,26.866348661658108,80.95033171067419,231.79549544494873,274.38587109992073,Sharda Sagar,0,0.0,0.0,0.0,5.450160366206801,5.618173281782861
UP016,2018,1,343.5977011494253,26.83935629597923,80.93808712065486,234.09187950163104,273.747721237945,Sharda Sagar,0,0.0,0.0,0.0,5.459976414335409,5.615853299301911
UP016,2018,2,255.38823529411764,26.83935629597923,80.93808712065486,234.09187950163104,273.747721237945,Sharda Sagar,0,0.0,0.0,0.0,5.459976414335409,5.615853299301911
UP016,2018,3,124.55172413793103,26.83935629597923,80.93808712065486,234.09187950163104,273.747721237945,Sharda Sagar,0,0.0,0.0,0.0,5.459976414335409,5.615853299301911
UP016,2018,4,339.8478260869565,26.83935629597923,80.93808712065486,234.09187950163104,273.747721237945,Sharda Sagar,0,0.0,0.0,0.0,5.459976414335409,5.615853299301911
UP016,2019,1,298.9555555555556,26.83935629597923,80.93808712065486,234.09187950163104,273.747721237945,Sharda Sagar,0,0.0,0.0,0.0,5.459976414335409,5.615853299301911
UP016,2019,2,256.5813953488372,26.83935629597923,80.93808712065486,234.09187950163104,273.747721237945,Sharda Sagar,0,0.0,0.0,0.0,5.459976414335409,5.615853299301911
UP016,2019,3,84.16304347826087,26.83935629597923,80.93808712065486,234.09187950163104,273.747721237945,Sharda Sagar,0,0.0,0.0,0.0,5.459976414335409,5.615853299301911
UP016,2019,4,327.95652173913044,26.83935629597923,80.93808712065486,234.09187950163104,273.747721237945,Sharda Sagar,0,0.0,0.0,0.0,5.459976414335409,5.615853299301911
UP016,2020,1,254.1978021978022,26.83935629597923,80.93808712065486,234.09187950163104,273.747721237945,Sharda Sagar,0,0.0,0.0,0.0,5.459976414335409,5.615853299301911
UP016,2020,2,143.65934065934067,26.83935629597923,80.93808712065486,234.09187950163104,273.747721237945,Sharda Sagar,0,0.0,0.0,0.0,5.459976414335409,5.615853299301911
UP016,2020,3,106.0,26.83935629597923,80.93808712065486,234.09187950163104,273.747721237945,Sharda Sagar,0,0.0,0.0,0.0,5.459976414335409,5.615853299301911
WB007,2019,3,40.53333333333333,22.5280337,88.3659084,175.94749946764347,200.3944175319673,Kangsabati Reservoir,0,0.0,0.0,0.0,5.175853075398285,5.305265261588323
WB007,2019,4,199.2888888888889,22.5280337,88.3659084,175.94749946764347,200.3944175319673,Kangsabati Reservoir,0,0.0,0.0,0.0,5.175853075398285,5.305265261588323
WB007,2020,1,208.24175824175825,22.5280337,88.3659084,175.94749946764347,200.3944175319673,Kangsabati Reservoir,0,0.0,0.0,0.0,5.175853075398285,5.305265261588323
WB007,2020,2,56.56666666666667,22.5280337,88.3659084,175.94749946764347,200.3944175319673,Kangsabati Reservoir,0,0.0,0.0,0.0,5.175853075398285,5.305265261588323
WB007,2020,3,30.0,22.5280337,88.3659084,175.94749946764347,200.3944175319673,Kangsabati Reservoir,0,0.0,0.0,0.0,5.175853075398285,5.305265261588323
WB008,2019,3,39.94871794871795,22.5917378,88.3909399,176.5128481452502,198.33884543366142,Kangsabati Reservoir,0,0.0,0.0,0.0,5.179042990212784,5.295006117577425
WB008,2019,4,147.14772727272728,22.5917378,88.3909399,176.5128481452502,198.33884543366142,Kangsabati Reservoir,0,0.0,0.0,0.0,5.179042990212784,5.295006117577425
WB008,2020,1,157.8095238095238,22.5917378,88.3909399,176.5128481452502,198.33884543366142,Kangsabati Reservoir,0,0.0,0.0,0.0,5.179042990212784,5.295006117577425
WB008,2020,2,57.166666666666664,22.5917378,88.3909399,176.5128481452502,198.33884543366142,Kangsabati Reservoir,0,0.0,0.0,0.0,5.179042990212784,5.295006117577425
WB008,2020,3,52.0,22.5917378,88.3909399,176.5128481452502,198.33884543366142,Kangsabati Reservoir,0,0.0,0.0,0.0,5.179042990212784,5.295006117577425
WB009,2019,2,70.13333333333334,22.5544966,88.3380132,172.3640203970789,196.5160003046548,Kangsabati Reservoir,0,0.0,0.0,0.0,5.155393547989877,5.285819595260487
WB009,2019,3,56.53260869565217,22.5544966,88.3380132,172.3640203970789,196.5160003046548,Kangsabati Reservoir,0,0.0,0.0,0.0,5.155393547989877,5.285819595260487
WB009,2019,4,211.9010989010989,22.5544966,88.3380132,172.3640203970789,196.5160003046548,Kangsabati Reservoir,0,0.0,0.0,0.0,5.155393547989877,5.285819595260487
WB009,2020,1,181.2087912087912,22.5544966,88.3380132,172.3640203970789,196.5160003046548,Kangsabati Reservoir,0,0.0,0.0,0.0,5.155393547989877,5.285819595260487
WB009,2020,2,55.81111111111111,22.5544966,88.3380132,172.3640203970789,196.5160003046548,Kangsabati Reservoir,0,0.0,0.0,0.0,5.155393547989877,5.285819595260487
WB009,2020,3,38.0,22.5544966,88.3380132,172.3640203970789,196.5160003046548,Kangsabati Reservoir,0,0.0,0.0,0.0,5.155393547989877,5.285819595260487
WB010,2019,2,66.88888888888889,22.495499,88.3709006,177.51843428761714,202.906180814829,Kangsabati Reservoir,0,0.0,0.0,0.0,5.184691869207356,5.317659990092187
WB010,2019,3,37.47727272727273,22.495499,88.3709006,177.51843428761714,202.906180814829,Kangsabati Reservoir,0,0.0,0.0,0.0,5.184691869207356,5.317659990092187
WB010,2019,4,159.2808988764045,22.495499,88.3709006,177.51843428761714,202.906180814829,Kangsabati Reservoir,0,0.0,0.0,0.0,5.184691869207356,5.317659990092187
WB010,2020,1,148.6813186813187,22.495499,88.3709006,177.51843428761714,202.906180814829,Kangsabati Reservoir,0,0.0,0.0,0.0,5.184691869207356,5.317659990092187
WB010,2020,2,53.010989010989015,22.495499,88.3709006,177.51843428761714,202.906180814829,Kangsabati Reservoir,0,0.0,0.0,0.0,5.184691869207356,5.317659990092187
WB010,2020,3,35.0,22.495499,88.3709006,177.51843428761714,202.906180814829,Kangsabati Reservoir,0,0.0,0.0,0.0,5.184691869207356,5.317659990092187
WB011,2018,4,364.537037037037,22.58440948424348,88.35935947838648,173.58304406640374,196.2903890712,Kangsabati Reservoir,0,0.0,0.0,0.0,5.162400525667985,5.284676699582586
WB011,2019,1,300.2111111111111,22.58440948424348,88.35935947838648,173.58304406640374,196.2903890712,Kangsabati Reservoir,0,0.0,0.0,0.0,5.162400525667985,5.284676699582586
WB011,2019,2,101.24175824175825,22.58440948424348,88.35935947838648,173.58304406640374,196.2903890712,Kangsabati Reservoir,0,0.0,0.0,0.0,5.162400525667985,5.284676699582586
WB011,2019,3,66.52873563218391,22.58440948424348,88.35935947838648,173.58304406640374,196.2903890712,Kangsabati Reservoir,0,0.0,0.0,0.0,5.162400525667985,5.284676699582586
WB011,2019,4,212.15384615384616,22.58440948424348,88.35935947838648,173.58304406640374,196.2903890712,Kangsabati Reservoir,0,0.0,0.0,0.0,5.162400525667985,5.284676699582586
WB011,2020,1,209.0875,22.58440948424348,88.35935947838648,173.58304406640374,196.2903890712,Kangsabati Reservoir,0,0.0,0.0,0.0,5.162400525667985,5.284676699582586
WB011,2020,2,71.46478873239437,22.58440948424348,88.35935947838648,173.58304406640374,196.2903890712,Kangsabati Reservoir,0,0.0,0.0,0.0,5.162400525667985,5.284676699582586
WB011,2020,3,62.0,22.58440948424348,88.35935947838648,173.58304406640374,196.2903890712,Kangsabati Reservoir,0,0.0,0.0,0.0,5.162400525667985,5.284676699582586
WB012,2019,3,38.25,22.5122563,88.3635738,176.23545978542774,201.23986335170494,Kangsabati Reservoir,0,0.0,0.0,0.0,5.177479129807226,5.309454435284337
WB012,2019,4,152.20454545454547,22.5122563,88.3635738,176.23545978542774,201.23986335170494,Kangsabati Reservoir,0,0.0,0.0,0.0,5.177479129807226,5.309454435284337
WB012,2020,1,146.83516483516485,22.5122563,88.3635738,176.23545978542774,201.23986335170494,Kangsabati Reservoir,0,0.0,0.0,0.0,5.177479129807226,5.309454435284337
WB012,2020,2,52.60674157303371,22.5122563,88.3635738,176.23545978542774,201.23986335170494,Kangsabati Reservoir,0,0.0,0.0,0.0,5.177479129807226,5.309454435284337
WB012,2020,3,39.0,22.5122563,88.3635738,176.23545978542774,201.23986335170494,Kangsabati Reservoir,0,0.0,0.0,0.0,5.177479129807226,5.309454435284337
WB013,2018,2,76.0,22.5497837,88.3391136,172.61929191759273,196.9050790645296,Kangsabati Reservoir,0,0.0,0.0,0.0,5.156864924609491,5.287787517082265
WB013,2018,3,68.17391304347827,22.5497837,88.3391136,172.61929191759273,196.9050790645296,Kangsabati Reservoir,0,0.0,0.0,0.0,5.156864924609491,5.287787517082265
WB013,2018,4,244.1086956521739,22.5497837,88.3391136,172.61929191759273,196.9050790645296,Kangsabati Reservoir,0,0.0,0.0,0.0,5.156864924609491,5.287787517082265
WB013,2019,1,222.4777777777778,22.5497837,88.3391136,172.61929191759273,196.9050790645296,Kangsabati Reservoir,0,0.0,0.0,0.0,5.156864924609491,5.287787517082265
WB013,2019,2,63.94444444444444,22.5497837,88.3391136,172.61929191759273,196.9050790645296,Kangsabati Reservoir,0,0.0,0.0,0.0,5.156864924609491,5.287787517082265
WB013,2019,3,68.59782608695652,22.5497837,88.3391136,172.61929191759273,196.9050790645296,Kangsabati Reservoir,0,0.0,0.0,0.0,5.156864924609491,5.287787517082265
WB013,2019,4,188.93258426966293,22.5497837,88.3391136,172.61929191759273,196.9050790645296,Kangsabati Reservoir,0,0.0,0.0,0.0,5.156864924609491,5.287787517082265
WB013,2020,1,200.7888888888889,22.5497837,88.3391136,172.61929191759273,196.9050790645296,Kangsabati Reservoir,0,0.0,0.0,0.0,5.156864924609491,5.287787517082265
WB013,2020,2,56.265822784810126,22.5497837,88.3391136,172.61929191759273,196.9050790645296,Kangsabati Reservoir,0,0.0,0.0,0.0,5.156864924609491,5.287787517082265
WB013,2020,3,59.0,22.5497837,88.3391136,172.61929191759273,196.9050790645296,Kangsabati Reservoir,0,0.0,0.0,0.0,5.156864924609491,5.287787517082265
